Level,Name,Parts,Wraps,West,South,East,North,AreaKm2,Part1Area,Part1West,Part1South,Part1East,Part1North,Part2Area,Part2West,Part2South,Part2East,Part2North,Part3Area,Part3West,Part3South,Part3East,Part3North,Part4Area,Part4West,Part4South,Part4East,Part4North,Part5Area,Part5West,Part5South,Part5East,Part5North
CONTINENT,Africa,70,false,-25.361,-46.966,51.418,37.346,2.98907e7,2.92807e7,-17.537,-34.822,51.418,37.346,592482.0,43.222,-25.599,50.504,-11.943,1985.6,8.422,3.197,8.964,3.773,1556.84,39.177,-6.463,39.575,-5.718,1024.67,43.213,-11.933,43.499,-11.361
CONTINENT,Antarctica,179,false,-180.0,-90.0,180.0,-60.516,1.23582e7,1.21577e7,-180.0,-90.0,180.0,-63.214,48169.6,-75.439,-72.675,-68.161,-68.78,45479.8,-54.413,-80.878,-42.936,-77.772,11287.1,-102.324,-72.584,-95.428,-71.756,7860.64,-164.327,-79.855,-158.953,-78.706
CONTINENT,Asia,858,false,25.663,-12.2,153.986,55.435,3.11831e7,2.82072e7,26.069,1.27,134.773,55.435,730587.0,108.855,-4.185,119.279,7.027,427977.0,95.197,-5.931,106.08,5.655,381927.0,130.948,-9.107,140.978,-0.347,229140.0,130.861,33.433,142.071,41.547
CONTINENT,Europe,750,true,-68.418,-54.463,-168.994,81.859,2.29794e7,2.1852e7,-9.498,36.006,180.0,77.738,218624.0,-6.237,49.959,1.772,58.678,110411.0,-180.0,64.24,-169.641,68.983,102362.0,-24.54,63.396,-13.502,66.537,83416.0,-10.479,51.445,-5.43,55.387
CONTINENT,North America,1135,true,166.619,-0.389,-11.376,83.635,2.42691e7,2.0168e7,-168.138,7.205,-55.616,72.003,2.11222e6,-73.058,59.987,-11.376,83.635,514388.0,-90.119,61.858,-61.267,73.856,220425.0,-119.138,68.454,-100.872,73.385,198129.0,-91.957,76.129,-61.085,83.117
CONTINENT,Oceania,545,true,112.919,-54.751,-124.778,20.556,8.51306e6,7.5987e6,113.156,-39.145,153.631,-10.687,400121.0,140.849,-10.702,150.875,-2.589,150335.0,166.466,-46.682,174.327,-40.502,113968.0,172.674,-41.621,178.567,-34.397,64338.7,144.605,-43.642,148.365,-40.64
CONTINENT,Seven seas (open ocean),251,false,-109.235,-59.473,77.586,10.312,14575.8,6587.01,68.748,-49.722,70.569,-48.654,3609.51,-38.033,-54.888,-35.784,-53.972,1901.15,57.303,-20.518,57.796,-19.979,394.833,73.236,-53.193,73.813,-52.961,194.393,69.192,-49.095,69.412,-48.884
CONTINENT,South America,283,false,-109.454,-55.919,-28.877,15.703,1.76182e7,1.74291e7,-81.338,-53.887,-34.793,12.469,47137.2,-72.008,-55.053,-65.141,-52.451,38765.2,-50.814,-1.833,-48.366,-0.099,8130.75,-74.408,-43.424,-73.374,-41.77,6302.41,-59.722,-52.342,-57.734,-51.248
REGION_UN,Africa,135,false,-25.361,-53.193,105.715,37.346,2.99013e7,2.92807e7,-17.537,-34.822,51.418,37.346,592482.0,43.222,-25.599,50.504,-11.943,6587.01,68.748,-49.722,70.569,-48.654,1985.6,8.422,3.197,8.964,3.773,1901.15,57.303,-20.518,57.796,-19.979
REGION_UN,Americas,1417,true,172.476,-59.473,-11.376,83.635,4.18913e7,3.75971e7,-168.138,-53.887,-34.793,72.003,2.11222e6,-73.058,59.987,-11.376,83.635,514388.0,-90.119,61.858,-61.267,73.856,220425.0,-119.138,68.454,-100.872,73.385,198129.0,-91.957,76.129,-61.085,83.117
REGION_UN,Antarctica,179,false,-180.0,-90.0,180.0,-60.516,1.23582e7,1.21577e7,-180.0,-90.0,180.0,-63.214,48169.6,-75.439,-72.675,-68.161,-68.78,45479.8,-54.413,-80.878,-42.936,-77.772,11287.1,-102.324,-72.584,-95.428,-71.756,7860.64,-164.327,-79.855,-158.953,-78.706
REGION_UN,Asia,1031,false,25.663,-10.923,153.986,55.435,3.11831e7,2.82072e7,26.069,1.27,134.773,55.435,730587.0,108.855,-4.185,119.279,7.027,427977.0,95.197,-5.931,106.08,5.655,381927.0,130.948,-9.107,140.978,-0.347,229140.0,130.861,33.433,142.071,41.547
REGION_UN,Europe,750,true,-68.418,-54.463,-168.994,81.859,2.29794e7,2.1852e7,-9.498,36.006,180.0,77.738,218624.0,-6.237,49.959,1.772,58.678,110411.0,-180.0,64.24,-169.641,68.983,102362.0,-24.54,63.396,-13.502,66.537,83416.0,-10.479,51.445,-5.43,55.387
REGION_UN,Oceania,558,true,112.919,-54.751,-75.002,28.216,8.51308e6,7.5987e6,113.156,-39.145,153.631,-10.687,400121.0,140.849,-10.702,150.875,-2.589,150335.0,166.466,-46.682,174.327,-40.502,113968.0,172.674,-41.621,178.567,-34.397,64338.7,144.605,-43.642,148.365,-40.64
SUBREGION,Antarctica,179,false,-180.0,-90.0,180.0,-60.516,1.23582e7,1.21577e7,-180.0,-90.0,180.0,-63.214,48169.6,-75.439,-72.675,-68.161,-68.78,45479.8,-54.413,-80.878,-42.936,-77.772,11287.1,-102.324,-72.584,-95.428,-71.756,7860.64,-164.327,-79.855,-158.953,-78.706
SUBREGION,Australia and New Zealand,123,true,112.919,-54.751,-171.185,-8.543,7.95971e6,7.5987e6,113.156,-39.145,153.631,-10.687,150335.0,166.466,-46.682,174.327,-40.502,113968.0,172.674,-41.621,178.567,-34.397,64338.7,144.605,-43.642,148.365,-40.64,5817.76,130.365,-11.934,131.539,-11.153
SUBREGION,Caribbean,151,false,-84.95,10.042,-59.426,26.929,228493.0,105810.0,-84.95,19.827,-74.132,23.213,74219.4,-74.49,17.604,-68.328,19.946,11032.9,-78.375,17.703,-76.187,18.526,8780.37,-67.271,17.922,-65.591,18.523,4832.09,-61.929,10.042,-60.907,10.846
SUBREGION,Central America,89,false,-118.369,5.515,-77.163,32.713,2.4761e6,2.4685e6,-117.126,7.205,-77.163,32.713,1212.37,-112.584,28.746,-112.195,29.247,934.793,-113.594,28.984,-113.102,29.55,490.227,-81.883,7.321,-81.588,7.645,478.987,-87.023,20.26,-86.735,20.596
SUBREGION,Central Asia,8,false,46.478,35.14,87.324,55.435,3.98068e6,3.98016e6,46.478,35.14,87.324,55.435,111.855,52.552,45.396,52.703,45.528,88.0754,49.719,46.21,49.842,46.358,84.6226,49.986,44.817,50.19,45.08,75.9115,53.026,38.755,53.103,39.098
SUBREGION,Eastern Africa,48,false,21.979,-26.861,63.494,18.005,7.00545e6,6.40412e6,21.979,-26.861,51.418,18.005,592482.0,43.222,-25.599,50.504,-11.943,1901.15,57.303,-20.518,57.796,-19.979,1556.84,39.177,-6.463,39.575,-5.718,1024.67,43.213,-11.933,43.499,-11.361
SUBREGION,Eastern Asia,253,false,73.602,15.775,153.986,53.57,1.15716e7,1.11173e7,73.602,20.238,134.773,53.57,229140.0,130.861,33.433,142.071,41.547,78318.3,139.767,41.401,145.825,45.521,36951.0,129.552,31.003,132.085,33.967,35857.6,120.052,21.904,122.006,25.288
SUBREGION,Eastern Europe,215,true,12.076,41.192,-168.994,81.859,1.86759e7,1.82673e7,12.076,41.192,180.0,77.738,110411.0,-180.0,64.24,-169.641,68.983,75494.2,141.639,45.9,144.757,54.427,46845.4,53.631,73.243,69.034,77.014,33096.3,51.401,70.544,57.639,73.426
SUBREGION,Melanesia,188,true,140.849,-22.671,-178.216,-1.346,542414.0,400121.0,140.849,-10.702,150.875,-2.589,35831.5,148.324,-6.322,152.418,-4.142,16544.2,163.986,-22.396,167.035,-20.083,10893.3,177.251,-18.274,178.712,-17.3,8712.59,154.698,-6.877,155.968,-5.426
SUBREGION,Micronesia,100,true,131.131,-11.462,-151.78,20.556,3412.73,564.205,144.624,13.241,144.953,13.655,436.467,-157.582,1.709,-157.174,2.035,351.024,134.482,7.355,134.664,7.735,340.645,158.125,6.788,158.339,6.979,132.438,145.682,15.096,145.824,15.273
SUBREGION,Middle Africa,9,false,5.611,-18.032,31.281,23.445,6.55104e6,6.54768e6,8.505,-18.032,31.281,23.445,1985.6,8.422,3.197,8.964,3.773,880.889,6.461,0.024,6.761,0.411,156.267,7.329,1.531,7.463,1.7,125.585,8.949,-0.763,9.042,-0.592
SUBREGION,Northern Africa,12,false,-17.105,8.681,38.604,37.346,7.63016e6,7.62928e6,-17.105,8.681,38.604,37.346,496.054,10.727,33.64,11.061,33.897,110.641,11.122,34.663,11.305,34.826,60.8644,34.489,27.917,34.621,28.017,49.9058,33.913,27.448,34.052,27.537
SUBREGION,Northern America,884,true,172.476,18.906,-11.376,83.635,2.15645e7,1.76995e7,-168.138,25.121,-55.616,72.003,2.11222e6,-73.058,59.987,-11.376,83.635,514388.0,-90.119,61.858,-61.267,73.856,220425.0,-119.138,68.454,-100.872,73.385,198129.0,-91.957,76.129,-61.085,83.117
SUBREGION,Northern Europe,326,false,-24.54,-54.463,33.641,80.771,1.79799e6,1.07414e6,4.926,55.342,31.57,71.128,218624.0,-6.237,49.959,1.772,58.678,171006.0,20.968,53.886,28.218,59.671,102362.0,-24.54,63.396,-13.502,66.537,83416.0,-10.479,51.445,-5.43,55.387
SUBREGION,Polynesia,134,true,176.125,-27.642,-124.778,-5.677,7516.97,1645.49,-172.783,-13.806,-172.175,-13.462,1134.93,-172.064,-14.053,-171.437,-13.805,1035.25,-149.643,-17.87,-149.149,-17.494,340.835,-139.174,-9.855,-138.814,-9.694,336.161,-140.262,-8.954,-140.014,-8.781
SUBREGION,Seven seas (open ocean),57,true,-75.031,-59.473,-160.008,28.216,11785.3,6587.01,68.748,-49.722,70.569,-48.654,3609.51,-38.033,-54.888,-35.784,-53.972,394.833,73.236,-53.193,73.813,-52.961,194.393,69.192,-49.095,69.412,-48.884,140.575,51.656,-46.452,51.869,-46.327
SUBREGION,South America,283,false,-109.454,-55.919,-28.877,15.703,1.76182e7,1.74291e7,-81.338,-53.887,-34.793,12.469,47137.2,-72.008,-55.053,-65.141,-52.451,38765.2,-50.814,-1.833,-48.366,-0.099,8130.75,-74.408,-43.424,-73.374,-41.77,6302.41,-59.722,-52.342,-57.734,-51.248
SUBREGION,South-Eastern Asia,477,false,92.174,-10.923,140.978,28.539,4.438e6,2.03709e6,92.174,1.27,109.473,28.539,730587.0,108.855,-4.185,119.279,7.027,427977.0,95.197,-5.931,106.08,5.655,381927.0,130.948,-9.107,140.978,-0.347,170046.0,118.757,-5.704,125.25,1.745
SUBREGION,Southern Africa,3,false,11.717,-46.966,37.978,-16.951,2.66879e6,2.66847e6,11.717,-34.822,32.894,-16.951,276.031,37.575,-46.966,37.896,-46.822,43.8529,37.861,-46.655,37.978,-46.598,,,,,,,,,,
SUBREGION,Southern Asia,249,false,44.014,-0.689,97.363,39.772,6.68129e6,6.60227e6,44.014,8.075,97.363,39.772,65966.2,79.696,5.923,81.891,9.83,4259.86,92.524,11.494,93.081,13.579,1460.62,55.273,26.543,56.288,27.003,1299.46,90.553,21.992,90.856,22.788
SUBREGION,Southern Europe,166,false,-31.285,27.642,28.24,47.086,1.31482e6,637984.0,6.602,36.39,26.637,47.086,582654.0,-9.498,36.006,3.318,43.794,25628.3,12.427,36.654,15.652,38.303,23860.7,8.133,38.864,9.827,41.263,8285.89,23.518,34.931,26.322,35.687
SUBREGION,Western Africa,35,false,-25.361,-40.398,15.971,27.286,6.03806e6,6.03116e6,-17.537,4.272,15.971,27.286,961.382,-23.793,14.907,-23.443,15.333,741.664,-25.361,16.917,-24.971,17.197,635.576,-22.964,15.982,-22.666,16.244,621.527,-12.952,7.389,-12.492,7.64
SUBREGION,Western Asia,48,false,25.663,12.111,59.845,43.576,4.51153e6,4.4704e6,26.069,12.598,59.845,43.576,23386.6,26.033,40.049,29.11,42.098,9281.57,32.271,34.568,34.593,35.692,3621.13,53.306,12.3,54.541,12.715,703.898,48.046,29.599,48.36,29.996
SUBREGION,Western Europe,52,false,-68.418,-21.371,55.855,55.066,1.19069e6,1.0898e6,-4.785,42.325,17.149,54.906,83183.7,-54.616,2.11,-51.649,5.745,8665.58,8.545,41.365,9.56,43.018,2582.42,55.225,-21.371,55.855,-20.861,1097.46,-61.229,14.408,-60.81,14.877
REGION_WB,Antarctica,191,false,-180.0,-90.0,180.0,-53.972,1.23621e7,1.21577e7,-180.0,-90.0,180.0,-63.214,48169.6,-75.439,-72.675,-68.161,-68.78,45479.8,-54.413,-80.878,-42.936,-77.772,11287.1,-102.324,-72.584,-95.428,-71.756,7860.64,-164.327,-79.855,-158.953,-78.706
REGION_WB,East Asia & Pacific,1289,true,73.602,-54.751,-75.002,53.57,2.45228e7,1.31544e7,73.602,1.27,134.773,53.57,7.5987e6,113.156,-39.145,153.631,-10.687,782048.0,130.948,-10.702,150.875,-0.347,730587.0,108.855,-4.185,119.279,7.027,427977.0,95.197,-5.931,106.08,5.655
REGION_WB,Europe & Central Asia,890,true,-73.058,-54.463,-168.994,83.635,3.00889e7,2.67971e7,-9.498,35.14,180.0,77.738,2.11222e6,-73.058,59.987,-11.376,83.635,218624.0,-6.237,49.959,1.772,58.678,110411.0,-180.0,64.24,-169.641,68.983,102362.0,-24.54,63.396,-13.502,66.537
REGION_WB,Latin America & Caribbean,522,false,-118.369,-55.919,-28.877,32.713,2.03228e7,1.98976e7,-117.126,-53.887,-34.793,32.713,105810.0,-84.95,19.827,-74.132,23.213,74219.4,-74.49,17.604,-68.328,19.946,47137.2,-72.008,-55.053,-65.141,-52.451,38765.2,-50.814,-1.833,-48.366,-0.099
REGION_WB,Middle East & North Africa,64,false,-17.105,10.929,63.32,39.772,1.0956e7,1.09232e7,-17.105,12.598,63.32,39.772,21848.0,41.749,10.929,43.419,12.708,3621.13,53.306,12.3,54.541,12.715,1460.62,55.273,26.543,56.288,27.003,703.898,48.046,29.599,48.36,29.996
REGION_WB,North America,756,true,172.476,18.906,-52.616,83.117,1.94101e7,1.76995e7,-168.138,25.121,-55.616,72.003,514388.0,-90.119,61.858,-61.267,73.856,220425.0,-119.138,68.454,-100.872,73.385,198129.0,-91.957,76.129,-61.085,83.117,109320.0,-59.406,46.618,-52.616,51.628
REGION_WB,South Asia,238,false,60.486,-0.689,97.363,38.474,5.05878e6,4.9816e6,60.486,8.075,97.363,38.474,65966.2,79.696,5.923,81.891,9.83,4259.86,92.524,11.494,93.081,13.579,1299.46,90.553,21.992,90.856,22.788,969.69,93.649,6.745,93.93,7.242
REGION_WB,Sub-Saharan Africa,122,false,-25.361,-53.193,77.586,27.286,2.41048e7,2.34852e7,-17.537,-34.822,51.418,27.286,592482.0,43.222,-25.599,50.504,-11.943,6587.01,68.748,-49.722,70.569,-48.654,1985.6,8.422,3.197,8.964,3.773,1901.15,57.303,-20.518,57.796,-19.979
SOVEREIGNT,Afghanistan,1,false,60.486,29.386,74.893,38.474,642181.0,642181.0,60.486,29.386,74.893,38.474,,,,,,,,,,,,,,,,,,,,
SOVEREIGNT,Albania,1,false,19.272,39.637,21.037,42.655,28335.8,28335.8,19.272,39.637,21.037,42.655,,,,,,,,,,,,,,,,,,,,
SOVEREIGNT,Algeria,1,false,-8.683,18.975,11.969,37.094,2.30886e6,2.30886e6,-8.683,18.975,11.969,37.094,,,,,,,,,,,,,,,,,,,,
SOVEREIGNT,Andorra,1,false,1.406,42.428,1.766,42.65,452.239,452.239,1.406,42.428,1.766,42.65,,,,,,,,,,,,,,,,,,,,
SOVEREIGNT,Angola,3,false,11.669,-18.032,24.062,-4.391,1.24465e6,1.23787e6,11.735,-18.032,24.062,-5.841,6701.71,12.009,-5.764,13.074,-4.391,84.4009,11.669,-16.706,11.739,-16.5,,,,,,,,,,
SOVEREIGNT,Antarctica,179,false,-180.0,-90.0,180.0,-60.516,1.23582e7,1.21577e7,-180.0,-90.0,180.0,-63.214,48169.6,-75.439,-72.675,-68.161,-68.78,45479.8,-54.413,-80.878,-42.936,-77.772,11287.1,-102.324,-72.584,-95.428,-71.756,7860.64,-164.327,-79.855,-158.953,-78.706
SOVEREIGNT,Antigua and Barbuda,3,false,-62.349,16.931,-61.667,17.728,451.85,281.942,-61.895,16.989,-61.667,17.169,169.539,-61.874,17.545,-61.727,17.728,0.36913,-62.349,16.931,-62.342,16.941,,,,,,,,,,
SOVEREIGNT,Argentina,8,false,-73.573,-55.053,-53.661,-21.786,2.7829e6,2.76123e6,-73.573,-52.391,-53.661,-21.786,20552.5,-68.642,-55.053,-65.141,-52.639,499.264,-64.759,-54.904,-63.812,-54.705,229.265,-62.238,-40.565,-62.028,-40.374,172.847,-62.099,-39.241,-61.859,-39.085
SOVEREIGNT,Armenia,2,false,43.436,38.863,46.603,41.291,29588.2,29553.0,43.436,38.863,46.603,41.291,35.2439,45.471,40.601,45.561,40.661,,,,,,,,,,,,,,,
SOVEREIGNT,Australia,101,false,73.236,-54.751,167.997,-9.24,7.69172e6,7.5987e6,113.156,-39.145,153.631,-10.687,64338.7,144.605,-43.642,148.365,-40.64,5817.76,130.365,-11.934,131.539,-11.153,4463.47,136.532,-36.083,138.13,-35.582,2307.13,136.324,-14.299,136.979,-13.647
SOVEREIGNT,Austria,1,false,9.521,46.378,17.149,49.01,83993.2,83993.2,9.521,46.378,17.149,49.01,,,,,,,,,,,,,,,,,,,,
SOVEREIGNT,Azerbaijan,6,false,44.774,38.392,50.626,41.891,86249.9,81390.6,45.002,38.392,50.392,41.891,4782.87,44.774,38.862,46.136,39.771,26.8109,44.96,41.023,45.03,41.083,26.1924,50.326,40.399,50.397,40.482,16.0301,50.562,40.299,50.626,40.338
SOVEREIGNT,Bahrain,7,false,50.38,25.579,50.82,26.288,688.118,584.947,50.448,25.789,50.646,26.243,42.7155,50.737,25.579,50.801,25.732,32.0991,50.599,26.202,50.685,26.288,19.4847,50.38,26.119,50.424,26.175,5.6449,50.785,25.63,50.817,25.653
SOVEREIGNT,Bajo Nuevo Bank (Petrel Is.),1,false,-79.99,15.794,-79.986,15.797,0.0358638,0.0358638,-79.99,15.794,-79.986,15.797,,,,,,,,,,,,,,,,,,,,
SOVEREIGNT,Bangladesh,22,false,88.021,20.738,92.643,26.624,136904.0,133774.0,88.021,20.738,92.643,26.624,1299.46,90.553,21.992,90.856,22.788,330.582,91.005,22.089,91.187,22.392,301.896,91.847,21.48,91.984,21.782,198.315,90.455,22.711,90.679,22.882
SOVEREIGNT,Barbados,1,false,-59.655,13.051,-59.426,13.345,444.223,444.223,-59.655,13.051,-59.426,13.345,,,,,,,,,,,,,,,,,,,,
SOVEREIGNT,Belarus,1,false,23.165,51.235,32.72,56.157,207499.0,207499.0,23.165,51.235,32.72,56.157,,,,,,,,,,,,,,,,,,,,
SOVEREIGNT,Belgium,1,false,2.521,49.495,6.375,51.497,30669.5,30669.5,2.521,49.495,6.375,51.497,,,,,,,,,,,,,,,,,,,,
SOVEREIGNT,Belize,10,false,-89.237,15.879,-87.783,18.491,22299.4,22010.2,-89.237,15.879,-88.083,18.491,109.906,-88.01,17.902,-87.847,18.17,91.5241,-87.941,17.278,-87.783,17.546,26.6794,-88.168,17.669,-88.071,17.735,22.4183,-87.839,17.292,-87.797,17.4
SOVEREIGNT,Benin,1,false,0.759,6.213,3.838,12.4,116113.0,116113.0,0.759,6.213,3.838,12.4,,,,,,,,,,,,,,,,,,,,
SOVEREIGNT,Bhutan,1,false,88.73,26.696,92.089,28.359,40421.3,40421.3,88.73,26.696,92.089,28.359,,,,,,,,,,,,,,,,,,,,
SOVEREIGNT,Bir Tawil,1,false,33.181,21.71,34.085,21.996,2019.46,2019.46,33.181,21.71,34.085,21.996,,,,,,,,,,,,,,,,,,,,
SOVEREIGNT,Bolivia,1,false,-69.667,-22.898,-57.465,-9.679,1.08681e6,1.08681e6,-69.667,-22.898,-57.465,-9.679,,,,,,,,,,,,,,,,,,,,
SOVEREIGNT,Bosnia and Herzegovina,1,false,15.716,42.559,19.619,45.285,51826.7,51826.7,15.716,42.559,19.619,45.285,,,,,,,,,,,,,,,,,,,,
SOVEREIGNT,Botswana,1,false,19.978,-26.892,29.351,-17.781,579029.0,579029.0,19.978,-26.892,29.351,-17.781,,,,,,,,,,,,,,,,,,,,
SOVEREIGNT,Brazil,43,false,-74.019,-33.743,-28.877,5.268,8.47266e6,8.41812e6,-74.019,-33.743,-34.793,5.268,38765.2,-50.814,-1.833,-48.366,-0.099,3964.38,-51.955,-1.484,-51.149,-0.518,2291.76,-50.384,-0.053,-49.528,0.387,1125.15,-51.039,-0.331,-50.627,0.047
SOVEREIGNT,Brazilian Island,1,false,-57.643,-30.194,-57.602,-30.182,2.82463,2.82463,-57.643,-30.194,-57.602,-30.182,,,,,,,,,,,,,,,,,,,,
SOVEREIGNT,Brunei,2,false,113.998,4.016,115.361,5.058,5716.64,4417.71,113.998,4.016,115.104,5.058,1298.93,115.022,4.313,115.361,4.909,,,,,,,,,,,,,,,
SOVEREIGNT,Bulgaria,1,false,22.345,41.238,28.604,44.229,112760.0,112760.0,22.345,41.238,28.604,44.229,,,,,,,,,,,,,,,,,,,,
SOVEREIGNT,Burkina Faso,1,false,-5.523,9.391,2.391,15.08,272769.0,272769.0,-5.523,9.391,2.391,15.08,,,,,,,,,,,,,,,,,,,,
SOVEREIGNT,Burundi,1,false,28.986,-4.464,30.834,-2.303,27041.2,27041.2,28.986,-4.464,30.834,-2.303,,,,,,,,,,,,,,,,,,,,
SOVEREIGNT,Cabo Verde,11,false,-25.361,14.803,-22.666,17.197,3926.72,961.382,-23.793,14.907,-23.443,15.333,741.664,-25.361,16.917,-24.971,17.197,635.576,-22.964,15.982,-22.666,16.244,460.234,-24.527,14.815,-24.292,15.046,335.782,-24.431,16.482,-24.032,16.682
SOVEREIGNT,Cambodia,6,false,102.313,10.415,107.611,14.705,181060.0,180798.0,102.313,10.415,107.611,14.705,103.027,102.981,11.255,103.049,11.427,70.384,103.198,10.672,103.319,10.783,33.6291,103.743,10.453,103.806,10.517,32.421,102.995,11.426,103.051,11.53
SOVEREIGNT,Cameroon,1,false,8.505,1.654,16.208,13.082,464318.0,464318.0,8.505,1.654,16.208,13.082,,,,,,,,,,,,,,,,,,,,
SOVEREIGNT,Canada,412,false,-141.006,41.669,-52.616,83.117,9.94563e6,8.13806e6,-141.006,41.669,-55.616,72.003,514388.0,-90.119,61.858,-61.267,73.856,220425.0,-119.138,68.454,-100.872,73.385,203079.0,-74.713,43.47,-60.968,49.267,198129.0,-91.957,76.129,-61.085,83.117
SOVEREIGNT,Central African Republic,1,false,14.387,2.236,27.442,11.001,617984.0,617984.0,14.387,2.236,27.442,11.001,,,,,,,,,,,,,,,,,,,,
SOVEREIGNT,Chad,1,false,13.449,7.455,23.985,23.445,1.26628e6,1.26628e6,13.449,7.455,23.985,23.445,,,,,,,,,,,,,,,,,,,,
SOVEREIGNT,Chile,163,false,-109.454,-55.919,-66.42,-17.506,736595.0,648334.0,-75.712,-53.887,-67.013,-17.506,26556.3,-72.008,-54.949,-68.627,-52.451,8130.75,-74.408,-43.424,-73.374,-41.77,5731.54,-75.469,-50.054,-74.42,-48.678,4021.3,-70.032,-55.717,-67.965,-54.928
SOVEREIGNT,China,75,false,73.602,15.775,134.773,53.57,9.37628e6,9.33668e6,73.602,20.238,134.773,53.57,33840.7,108.615,18.169,111.035,20.164,1254.97,121.176,31.439,121.987,31.842,436.125,121.963,29.933,122.328,30.149,251.987,110.245,20.937,110.548,21.096
SOVEREIGNT,Colombia,11,false,-81.724,-4.237,-66.875,13.579,1.13512e6,1.13455e6,-79.022,-4.237,-66.875,12.469,174.024,-78.217,2.504,-78.096,2.688,157.86,-77.55,4.196,-77.271,4.342,75.8893,-77.886,2.601,-77.754,2.725,71.8659,-77.921,2.577,-77.785,2.698
SOVEREIGNT,Comoros,3,false,43.213,-12.381,44.53,-11.361,1672.23,1024.67,43.213,-11.933,43.499,-11.361,448.593,44.206,-12.381,44.53,-12.064,198.961,43.629,-12.374,43.862,-12.236,,,,,,,,,,
SOVEREIGNT,Costa Rica,4,false,-87.118,5.515,-82.562,11.21,51151.0,51093.2,-85.947,8.034,-82.562,11.21,38.609,-85.2,10.074,-85.097,10.125,15.7604,-87.118,5.515,-87.064,5.558,3.46192,-83.897,8.698,-83.869,8.714,,,,,
SOVEREIGNT,Croatia,25,false,13.501,42.416,19.408,46.547,55023.3,51491.6,13.501,42.942,19.408,46.547,750.086,17.001,42.416,18.498,43.052,406.788,14.277,44.618,14.535,45.176,397.571,14.425,44.943,14.815,45.25,385.236,16.405,43.263,16.893,43.395
SOVEREIGNT,Cuba,41,false,-84.95,19.827,-74.132,23.266,109995.0,105810.0,-84.95,19.827,-74.132,23.213,2254.41,-83.192,21.437,-82.54,21.949,347.22,-77.95,21.91,-77.624,22.103,340.235,-78.697,22.418,-78.278,22.562,214.245,-78.313,22.266,-78.01,22.438
SOVEREIGNT,Cyprus,4,false,32.271,34.625,34.1,35.188,5395.04,5197.93,32.271,34.625,33.703,35.188,193.558,33.799,34.958,34.1,35.074,2.07747,33.759,34.976,33.795,34.991,1.47344,33.738,35.001,33.753,35.016,,,,,
SOVEREIGNT,Cyprus No Mans Area,3,false,32.584,34.977,34.022,35.2,340.999,316.714,32.691,34.977,33.716,35.2,12.4328,33.898,35.047,34.022,35.07,11.852,32.584,35.151,32.66,35.189,,,,,,,,,,
SOVEREIGNT,Czechia,1,false,12.076,48.557,18.838,51.041,78759.0,78759.0,12.076,48.557,18.838,51.041,,,,,,,,,,,,,,,,,,,,
SOVEREIGNT,Democratic Republic of the Congo,2,false,12.21,-13.459,31.281,5.376,2.32524e6,2.32512e6,12.21,-13.459,31.281,5.376,118.283,12.745,-5.961,12.995,-5.868,,,,,,,,,,,,,,,
SOVEREIGNT,Denmark,154,false,-73.058,54.568,15.152,83.635,2.1984e6,2.11222e6,-73.058,59.987,-11.376,83.635,28625.4,8.094,54.801,10.965,57.752,8640.47,-54.993,69.235,-51.836,70.325,7587.43,10.875,54.568,12.622,56.129,3812.82,-28.138,70.43,-25.283,71.087
SOVEREIGNT,Djibouti,1,false,41.749,10.929,43.419,12.708,21848.0,21848.0,41.749,10.929,43.419,12.708,,,,,,,,,,,,,,,,,,,,
SOVEREIGNT,Dominica,1,false,-61.489,15.201,-61.249,15.634,730.312,730.312,-61.489,15.201,-61.249,15.634,,,,,,,,,,,,,,,,,,,,
SOVEREIGNT,Dominican Republic,3,false,-72.01,17.545,-68.328,19.938,48439.9,48281.6,-72.01,17.604,-68.328,19.938,121.186,-68.787,18.107,-68.57,18.201,37.1212,-71.542,17.545,-71.467,17.622,,,,,,,,,,
SOVEREIGNT,East Timor,3,false,124.03,-9.502,127.314,-8.135,15082.2,14192.8,124.907,-9.486,127.314,-8.309,739.402,124.03,-9.502,124.452,-9.18,149.964,125.503,-8.318,125.651,-8.135,,,,,,,,,,
SOVEREIGNT,Ecuador,16,false,-92.012,-5.012,-75.227,1.665,255014.0,246171.0,-81.014,-5.012,-75.227,1.435,4625.16,-91.607,-1.031,-90.791,0.154,956.709,-90.547,-0.78,-90.18,-0.483,942.459,-80.272,-3.035,-79.902,-2.662,594.641,-91.672,-0.491,-91.396,-0.249
SOVEREIGNT,Egypt,8,false,24.688,21.994,36.9,31.657,1.00106e6,1.00087e6,24.688,21.994,36.9,31.657,60.8644,34.489,27.917,34.621,28.017,49.9058,33.913,27.448,34.052,27.537,29.5707,34.661,27.908,34.733,27.959,20.3936,32.934,31.147,33.263,31.241
SOVEREIGNT,El Salvador,3,false,-90.115,13.158,-87.693,14.446,20539.4,20516.2,-90.115,13.158,-87.703,14.446,15.7031,-87.729,13.163,-87.693,13.217,7.57467,-87.781,13.214,-87.751,13.249,,,,,,,,,,
SOVEREIGNT,Equatorial Guinea,3,false,5.611,-1.476,11.337,3.773,26671.7,24671.9,9.346,0.924,11.337,2.342,1985.6,8.422,3.197,8.964,3.773,14.1818,5.611,-1.476,5.647,-1.415,,,,,,,,,,
SOVEREIGNT,Eritrea,3,false,36.423,12.36,43.124,18.005,122538.0,121764.0,36.423,12.36,43.124,18.005,677.157,39.923,15.572,40.415,15.894,96.5293,39.99,15.981,40.119,16.108,,,,,,,,,,
SOVEREIGNT,Estonia,8,false,21.832,57.515,28.187,59.671,45819.0,41623.8,23.408,57.515,28.187,59.671,2769.86,21.832,57.914,23.334,58.635,1073.18,22.044,58.686,23.041,59.09,201.243,23.059,58.532,23.401,58.682,103.27,23.114,58.968,23.394,59.046
SOVEREIGNT,Ethiopia,1,false,32.989,3.403,47.98,14.88,1.12737e6,1.12737e6,32.989,3.403,47.98,14.88,,,,,,,,,,,,,,,,,,,,
SOVEREIGNT,Federated States of Micronesia,20,false,138.063,0.918,163.047,9.776,633.849,340.645,158.125,6.788,158.339,6.979,113.687,162.912,5.269,163.047,5.38,92.7741,138.063,9.412,138.22,9.589,30.8876,151.568,7.327,151.651,7.392,18.5636,151.855,7.424,151.918,7.466
SOVEREIGNT,Fiji,44,true,174.588,-21.712,-178.216,-12.475,18930.1,10893.3,177.251,-18.274,178.712,-17.3,5731.66,178.479,-17.008,180.0,-16.149,489.802,177.951,-19.158,178.499,-18.924,324.09,-180.0,-16.965,-179.815,-16.677,147.05,179.232,-18.119,179.363,-17.934
SOVEREIGNT,Finland,58,false,19.513,59.811,31.57,70.076,334002.0,331390.0,20.623,59.811,31.57,70.076,587.757,19.646,60.047,20.278,60.406,457.3,22.415,59.984,22.957,60.297,151.279,24.562,64.95,25.062,65.095,122.897,21.078,63.15,21.429,63.288
SOVEREIGNT,France,145,true,163.615,-49.722,77.586,51.088,666694.0,538721.0,-4.785,42.325,8.201,51.088,83183.7,-54.616,2.11,-51.649,5.745,16544.2,163.986,-22.396,167.035,-20.083,8665.58,8.545,41.365,9.56,43.018,6587.01,68.748,-49.722,70.569,-48.654
SOVEREIGNT,Gabon,3,false,8.695,-3.937,14.499,2.323,259968.0,259843.0,8.695,-3.937,14.499,2.323,125.585,8.949,-0.763,9.042,-0.592,0.129128,9.376,0.806,9.385,0.81,,,,,,,,,,
SOVEREIGNT,Gambia,1,false,-16.83,13.065,-13.818,13.82,10501.1,10501.1,-16.83,13.065,-13.818,13.82,,,,,,,,,,,,,,,,,,,,
SOVEREIGNT,Georgia,1,false,39.985,41.044,46.695,43.576,69570.9,69570.9,39.985,41.044,46.695,43.576,,,,,,,,,,,,,,,,,,,,
SOVEREIGNT,Germany,22,false,5.852,47.271,15.023,55.066,357674.0,355707.0,5.852,47.271,15.023,54.906,952.506,13.115,54.228,13.767,54.689,374.567,13.752,53.844,14.211,54.179,164.734,11.005,54.412,11.315,54.536,103.975,8.277,54.742,8.655,55.066
SOVEREIGNT,Ghana,1,false,-3.263,4.737,1.188,11.163,238669.0,238669.0,-3.263,4.737,1.188,11.163,,,,,,,,,,,,,,,,,,,,
SOVEREIGNT,Greece,74,false,19.626,34.815,28.24,41.751,131353.0,106704.0,19.999,36.39,26.637,41.751,8285.89,23.518,34.931,26.322,35.687,3660.54,22.832,37.96,24.595,39.043,1637.59,25.834,38.967,26.613,39.384,1429.17,27.684,35.89,28.24,36.457
SOVEREIGNT,Grenada,2,false,-61.791,12.002,-61.421,12.53,347.259,313.136,-61.791,12.002,-61.602,12.24,34.1231,-61.497,12.44,-61.421,12.53,,,,,,,,,,,,,,,
SOVEREIGNT,Guatemala,1,false,-92.247,13.731,-88.22,17.817,108811.0,108811.0,-92.247,13.731,-88.22,17.817,,,,,,,,,,,,,,,,,,,,
SOVEREIGNT,Guinea,1,false,-15.082,7.19,-7.662,12.674,244302.0,244302.0,-15.082,7.19,-7.662,12.674,,,,,,,,,,,,,,,,,,,,
SOVEREIGNT,Guinea-Bissau,13,false,-16.729,10.927,-13.66,12.68,32829.1,31356.2,-16.729,10.927,-13.66,12.68,257.577,-16.249,11.028,-16.048,11.209,234.314,-16.084,11.419,-15.898,11.607,195.604,-16.166,11.755,-15.985,11.901,118.971,-16.427,11.48,-16.241,11.584
SOVEREIGNT,Guyana,2,false,-61.397,1.185,-56.481,8.559,211214.0,211150.0,-61.397,1.185,-56.481,8.559,63.4153,-58.464,6.883,-58.333,6.974,,,,,,,,,,,,,,,
SOVEREIGNT,Haiti,5,false,-74.49,18.025,-71.639,20.09,26891.6,25937.9,-74.49,18.025,-71.639,19.946,683.866,-73.3,18.696,-72.805,18.972,183.149,-72.961,19.984,-72.627,20.09,46.9812,-73.708,18.057,-73.577,18.109,39.7172,-73.797,18.588,-73.714,18.64
SOVEREIGNT,Honduras,7,false,-89.364,12.979,-83.13,17.419,112236.0,111907.0,-89.364,12.979,-83.13,16.034,149.752,-86.607,16.269,-86.181,16.433,61.0256,-85.951,16.403,-85.816,16.518,48.6486,-87.66,13.304,-87.57,13.374,44.8899,-86.998,16.066,-86.872,16.128
SOVEREIGNT,Hungary,1,false,16.094,45.741,22.878,48.57,93200.7,93200.7,16.094,45.741,22.878,48.57,,,,,,,,,,,,,,,,,,,,
SOVEREIGNT,Iceland,5,false,-24.54,63.396,-13.502,66.565,102390.0,102362.0,-24.54,63.396,-13.502,66.537,9.55926,-20.306,63.402,-20.252,63.452,7.69093,-17.824,63.68,-17.743,63.72,7.11048,-18.415,65.978,-18.356,66.028,3.90562,-18.02,66.533,-17.976,66.565
SOVEREIGNT,India,35,false,68.143,6.745,97.363,35.496,3.15074e6,3.14312e6,68.143,8.075,97.363,35.496,4259.86,92.524,11.494,93.081,13.579,969.69,93.649,6.745,93.93,7.242,725.116,92.375,10.507,92.599,10.896,221.28,88.042,21.625,88.168,21.87
SOVEREIGNT,Indonesia,264,false,95.012,-10.923,140.978,5.911,1.87983e6,529906.0,108.855,-4.185,119.012,4.397,427977.0,95.197,-5.931,106.08,5.655,381927.0,130.948,-9.107,140.978,-0.347,170046.0,118.757,-5.704,125.25,1.745,126179.0,105.216,-8.778,114.626,-5.881
SOVEREIGNT,Iran,12,false,44.014,25.059,63.32,39.772,1.62251e6,1.62068e6,44.014,25.059,63.32,39.772,1460.62,55.273,26.543,56.288,27.003,93.5975,53.902,26.488,54.053,26.566,83.1943,53.149,26.79,53.383,26.857,42.2584,56.322,26.827,56.41,26.894
SOVEREIGNT,Iraq,1,false,38.774,29.063,48.56,37.376,437367.0,437367.0,38.774,29.063,48.56,37.376,,,,,,,,,,,,,,,,,,,,
SOVEREIGNT,Ireland,7,false,-10.479,51.445,-5.993,55.387,69445.2,69177.2,-10.479,51.445,-5.993,55.387,154.14,-10.266,53.88,-9.922,54.023,29.5228,-9.812,53.09,-9.64,53.147,24.2115,-10.43,51.882,-10.297,51.932,23.0014,-9.721,53.226,-9.638,53.283
SOVEREIGNT,Israel,1,false,34.2,29.489,35.889,33.407,28175.8,28175.8,34.2,29.489,35.889,33.407,,,,,,,,,,,,,,,,,,,,
SOVEREIGNT,Italy,29,false,6.602,35.489,18.518,47.086,301184.0,250834.0,6.602,37.919,18.518,47.086,25628.3,12.427,36.654,15.652,38.303,23860.7,8.133,38.864,9.827,41.263,232.567,10.101,42.708,10.444,42.874,114.637,8.346,38.96,8.484,39.119
SOVEREIGNT,Ivory Coast,2,false,-8.619,4.344,-2.506,10.727,320677.0,320613.0,-8.619,4.344,-2.506,10.727,64.7141,-3.277,5.091,-3.115,5.164,,,,,,,,,,,,,,,
SOVEREIGNT,Jamaica,1,false,-78.375,17.703,-76.187,18.526,11032.9,11032.9,-78.375,17.703,-76.187,18.526,,,,,,,,,,,,,,,,,,,,
SOVEREIGNT,Japan,109,false,122.938,24.212,153.986,45.521,373507.0,229140.0,130.861,33.433,142.071,41.547,78318.3,139.767,41.401,145.825,45.521,36951.0,129.552,31.003,132.085,33.967,18504.2,132.01,32.711,134.752,34.392,1296.19,127.635,26.084,128.338,26.887
SOVEREIGNT,Jordan,1,false,34.949,29.189,39.292,33.372,88862.7,88862.7,34.949,29.189,39.292,33.372,,,,,,,,,,,,,,,,,,,,
SOVEREIGNT,Kashmir,1,false,76.777,35.11,77.801,35.648,2088.06,2088.06,76.777,35.11,77.801,35.648,,,,,,,,,,,,,,,,,,,,
SOVEREIGNT,Kazakhstan,6,false,46.478,40.584,87.324,55.435,2.72077e6,2.72036e6,46.478,40.584,87.324,55.435,111.855,52.552,45.396,52.703,45.528,88.0754,49.719,46.21,49.842,46.358,84.6226,49.986,44.817,50.19,45.08,71.9888,50.256,44.955,50.354,45.087
SOVEREIGNT,Kenya,2,false,33.89,-4.678,41.886,5.031,585702.0,585530.0,33.89,-4.678,41.886,5.031,172.239,40.957,-2.198,41.163,-2.036,,,,,,,,,,,,,,,
SOVEREIGNT,Kiribati,35,true,169.522,-11.462,-151.78,4.724,949.863,436.467,-157.582,1.709,-157.174,2.035,92.745,-159.411,3.784,-159.249,3.934,30.9804,-155.019,-4.095,-154.94,-4.031,28.2579,175.008,-1.553,175.069,-1.428,25.2279,174.716,-1.265,174.779,-1.134
SOVEREIGNT,Kosovo,1,false,20.024,41.844,21.773,43.264,10913.1,10913.1,20.024,41.844,21.773,43.264,,,,,,,,,,,,,,,,,,,,
SOVEREIGNT,Kuwait,4,false,46.532,28.533,48.433,30.099,17473.5,16682.7,46.532,28.533,48.433,30.099,703.898,48.046,29.599,48.36,29.996,57.9913,48.269,29.387,48.4,29.474,28.9703,48.009,29.969,48.11,30.03,,,,,
SOVEREIGNT,Kyrgyzstan,1,false,69.226,39.189,80.258,43.262,198990.0,198990.0,69.226,39.189,80.258,43.262,,,,,,,,,,,,,,,,,,,,
SOVEREIGNT,Laos,1,false,100.097,13.915,107.665,22.497,228114.0,228114.0,100.097,13.915,107.665,22.497,,,,,,,,,,,,,,,,,,,,
SOVEREIGNT,Latvia,1,false,20.968,55.666,28.218,58.076,64576.3,64576.3,20.968,55.666,28.218,58.076,,,,,,,,,,,,,,,,,,,,
SOVEREIGNT,Lebanon,1,false,35.099,33.055,36.605,34.688,10004.1,10004.1,35.099,33.055,36.605,34.688,,,,,,,,,,,,,,,,,,,,
SOVEREIGNT,Lesotho,1,false,27.002,-30.659,29.436,-28.57,30106.4,30106.4,27.002,-30.659,29.436,-28.57,,,,,,,,,,,,,,,,,,,,
SOVEREIGNT,Liberia,1,false,-11.477,4.347,-7.384,8.566,95298.2,95298.2,-11.477,4.347,-7.384,8.566,,,,,,,,,,,,,,,,,,,,
SOVEREIGNT,Libya,1,false,9.286,19.496,25.157,33.182,1.62376e6,1.62376e6,9.286,19.496,25.157,33.182,,,,,,,,,,,,,,,,,,,,
SOVEREIGNT,Liechtenstein,1,false,9.475,47.052,9.616,47.263,137.25,137.25,9.475,47.052,9.616,47.263,,,,,,,,,,,,,,,,,,,,
SOVEREIGNT,Lithuania,2,false,20.924,53.886,26.801,56.443,64938.8,64805.7,21.044,53.886,26.801,56.443,133.124,20.924,55.273,21.134,55.723,,,,,,,,,,,,,,,
SOVEREIGNT,Luxembourg,1,false,5.714,49.441,6.503,50.175,2608.48,2608.48,5.714,49.441,6.503,50.175,,,,,,,,,,,,,,,,,,,,
SOVEREIGNT,Madagascar,3,false,43.222,-25.599,50.504,-11.943,592981.0,592482.0,43.222,-25.599,50.504,-11.943,288.708,48.188,-13.416,48.367,-13.195,211.01,49.817,-17.095,50.025,-16.69,,,,,,,,,,
SOVEREIGNT,Malawi,3,false,32.663,-17.136,35.905,-9.381,119398.0,119198.0,32.663,-17.136,35.905,-9.381,119.242,34.655,-12.125,34.763,-12.0,80.232,34.541,-12.073,34.642,-11.97,,,,,,,,,,
SOVEREIGNT,Malaysia,17,false,99.645,0.851,119.279,7.356,327885.0,194965.0,109.528,0.851,119.279,7.027,130471.0,100.127,1.27,104.295,6.708,428.885,117.056,7.102,117.284,7.356,369.693,99.645,6.261,99.917,6.471,347.856,111.299,2.359,111.414,2.785
SOVEREIGNT,Maldives,176,false,72.684,-0.689,73.754,7.108,108.742,34.9308,73.431,4.162,73.553,4.244,6.92209,73.131,6.725,73.167,6.788,6.4355,73.091,-0.642,73.119,-0.579,3.71963,73.353,2.384,73.368,2.438,3.18045,73.201,6.884,73.215,6.919
SOVEREIGNT,Mali,1,false,-12.265,10.14,4.236,24.996,1.25272e6,1.25272e6,-12.265,10.14,4.236,24.996,,,,,,,,,,,,,,,,,,,,
SOVEREIGNT,Malta,2,false,14.183,35.801,14.568,36.076,325.684,261.289,14.322,35.801,14.568,35.994,64.3952,14.183,36.013,14.335,36.076,,,,,,,,,,,,,,,
SOVEREIGNT,Marshall Islands,22,false,165.282,4.573,172.03,14.611,164.814,40.608,171.035,7.067,171.394,7.171,32.0341,169.59,5.798,169.735,6.014,23.6241,171.577,6.972,171.757,7.048,16.8805,168.675,7.292,168.831,7.336,10.6426,166.835,11.144,166.905,11.173
SOVEREIGNT,Mauritania,5,false,-17.082,14.734,-4.821,27.286,1.03639e6,1.03617e6,-17.082,14.734,-4.821,27.286,172.332,-16.464,19.601,-16.336,19.869,25.1187,-16.398,19.599,-16.301,19.731,12.0891,-16.497,19.677,-16.468,19.732,10.5357,-16.475,20.571,-16.446,20.615
SOVEREIGNT,Mauritius,3,false,56.524,-20.518,63.494,-10.323,2014.43,1901.15,57.303,-20.518,57.796,-19.979,99.261,63.332,-19.768,63.494,-19.669,14.0222,56.524,-10.407,56.57,-10.323,,,,,,,,,,
SOVEREIGNT,Mexico,51,false,-118.369,14.546,-86.7,32.713,1.95785e6,1.95216e6,-117.126,14.546,-86.741,32.713,1212.37,-112.584,28.746,-112.195,29.247,934.793,-113.594,28.984,-113.102,29.55,478.987,-87.023,20.26,-86.735,20.596,373.031,-115.359,28.027,-115.155,28.379
SOVEREIGNT,Moldova,1,false,26.617,45.461,30.132,48.487,33206.6,33206.6,26.617,45.461,30.132,48.487,,,,,,,,,,,,,,,,,,,,
SOVEREIGNT,Monaco,1,false,7.365,43.717,7.438,43.764,18.8396,18.8396,7.365,43.717,7.438,43.764,,,,,,,,,,,,,,,,,,,,
SOVEREIGNT,Mongolia,1,false,87.735,41.586,119.908,52.13,1.56466e6,1.56466e6,87.735,41.586,119.908,52.13,,,,,,,,,,,,,,,,,,,,
SOVEREIGNT,Montenegro,1,false,18.433,41.852,20.356,43.548,13727.5,13727.5,18.433,41.852,20.356,43.548,,,,,,,,,,,,,,,,,,,,
SOVEREIGNT,Morocco,1,false,-17.014,21.419,-1.031,35.927,591743.0,591743.0,-17.014,21.419,-1.031,35.927,,,,,,,,,,,,,,,,,,,,
SOVEREIGNT,Mozambique,4,false,30.213,-26.861,40.848,-10.469,788447.0,788151.0,30.213,-26.861,40.848,-10.469,146.692,39.817,-16.417,39.947,-16.275,106.771,35.426,-21.783,35.497,-21.529,42.2438,32.895,-26.058,32.983,-25.969,,,,,
SOVEREIGNT,Myanmar,39,false,92.174,9.79,101.174,28.539,663159.0,658368.0,92.174,9.987,101.174,28.539,573.578,93.641,19.276,93.974,19.561,458.439,93.484,18.673,93.76,18.911,446.502,98.302,12.325,98.471,12.688,442.545,94.382,15.839,94.668,16.246
SOVEREIGNT,Namibia,1,false,11.717,-28.96,25.26,-16.951,822713.0,822713.0,11.717,-28.96,25.26,-16.951,,,,,,,,,,,,,,,,,,,,
SOVEREIGNT,Nauru,1,false,166.906,-0.552,166.959,-0.49,28.7669,28.7669,166.906,-0.552,166.959,-0.49,,,,,,,,,,,,,,,,,,,,
SOVEREIGNT,Nepal,1,false,80.03,26.343,88.17,30.417,147106.0,147106.0,80.03,26.343,88.17,30.417,,,,,,,,,,,,,,,,,,,,
SOVEREIGNT,Netherlands,15,false,-70.063,12.022,7.199,53.559,38053.4,35679.9,3.447,50.747,7.199,53.461,824.651,3.349,51.205,4.222,51.417,463.243,-69.172,12.041,-68.739,12.392,269.13,-68.418,12.022,-68.19,12.311,220.36,3.686,51.623,4.1,51.749
SOVEREIGNT,New Zealand,40,true,165.886,-52.601,-157.312,-8.543,268910.0,150335.0,166.466,-46.682,174.327,-40.502,113968.0,172.674,-41.621,178.567,-34.397,1618.94,167.515,-47.278,168.261,-46.683,746.719,-176.855,-44.124,-176.169,-43.703,438.885,165.886,-50.861,166.303,-50.522
SOVEREIGNT,Nicaragua,5,false,-87.686,10.713,-82.725,15.031,128685.0,128624.0,-87.686,10.713,-83.13,15.031,35.2425,-82.809,14.361,-82.725,14.423,14.8976,-83.737,11.87,-83.705,11.988,9.31065,-83.056,12.143,-83.021,12.191,1.19353,-83.687,10.925,-83.665,10.939
SOVEREIGNT,Niger,1,false,0.152,11.695,15.971,23.518,1.1813e6,1.1813e6,0.152,11.695,15.971,23.518,,,,,,,,,,,,,,,,,,,,
SOVEREIGNT,Nigeria,3,false,2.671,4.272,14.67,13.881,907498.0,907203.0,2.671,4.272,14.67,13.881,185.67,7.138,4.382,7.333,4.533,109.896,7.336,4.434,7.585,4.499,,,,,,,,,,
SOVEREIGNT,North Korea,10,false,124.211,37.675,130.7,43.011,122379.0,122220.0,124.321,37.675,130.7,43.011,52.231,124.818,39.495,124.934,39.615,33.1329,124.79,38.494,124.904,38.556,23.7362,125.22,37.696,125.338,37.769,19.524,124.595,39.536,124.699,39.571
SOVEREIGNT,North Macedonia,1,false,20.444,40.849,23.01,42.371,25385.2,25385.2,20.444,40.849,23.01,42.371,,,,,,,,,,,,,,,,,,,,
SOVEREIGNT,Northern Cyprus,2,false,32.601,35.002,34.593,35.692,3319.43,3313.69,32.71,35.002,34.593,35.692,5.74342,32.601,35.163,32.641,35.188,,,,,,,,,,,,,,,
SOVEREIGNT,Norway,120,false,-9.118,-54.463,33.641,80.771,382074.0,302210.0,4.926,57.993,31.077,71.128,38664.9,10.676,76.566,21.552,80.068,14541.0,17.782,79.188,27.24,80.518,5413.34,20.831,77.237,24.425,78.257,2133.17,14.986,68.253,16.577,68.971
SOVEREIGNT,Oman,6,false,51.978,16.642,59.845,26.386,311213.0,308808.0,51.978,16.642,59.845,24.979,1579.32,56.077,25.613,56.512,26.386,655.736,58.635,20.17,58.954,20.698,98.1838,56.206,25.211,56.35,25.332,60.8028,55.964,17.49,56.096,17.56
SOVEREIGNT,Pakistan,2,false,60.844,23.694,77.049,37.055,872939.0,872903.0,60.844,23.694,77.049,37.055,36.0725,67.375,24.007,67.486,24.063,,,,,,,,,,,,,,,
SOVEREIGNT,Palau,9,false,131.131,2.949,134.728,8.097,491.931,351.024,134.482,7.355,134.664,7.735,36.2985,134.347,7.219,134.464,7.317,22.242,134.23,6.984,134.286,7.075,22.0845,134.447,7.308,134.528,7.363,19.1608,131.131,3.018,131.193,3.061
SOVEREIGNT,Panama,15,false,-83.054,7.205,-77.163,9.63,74530.3,73379.7,-83.054,7.205,-77.163,9.63,490.227,-81.883,7.321,-81.588,7.645,253.668,-78.975,8.219,-78.834,8.475,76.3345,-81.252,7.49,-81.033,7.582,60.9529,-82.431,8.212,-82.314,8.294
SOVEREIGNT,Papua New Guinea,58,false,140.849,-11.637,155.968,-1.346,465147.0,400121.0,140.849,-10.702,150.875,-2.589,35831.5,148.324,-6.322,152.418,-4.142,8712.59,154.698,-6.877,155.968,-5.426,6929.51,150.738,-4.849,153.138,-2.555,1844.14,146.52,-2.229,147.445,-1.947
SOVEREIGNT,Paraguay,1,false,-62.651,-27.587,-54.245,-19.286,399901.0,399901.0,-62.651,-27.587,-54.245,-19.286,,,,,,,,,,,,,,,,,,,,
SOVEREIGNT,Peru,5,false,-81.338,-18.338,-68.684,-0.029,1.28987e6,1.28981e6,-81.338,-18.338,-68.684,-0.029,22.8883,-80.876,-6.477,-80.839,-6.374,18.0952,-77.254,-12.116,-77.181,-12.058,9.34685,-76.471,-13.857,-76.436,-13.822,9.31803,-76.221,-14.296,-76.175,-14.259
SOVEREIGNT,Philippines,97,false,116.954,4.655,126.618,21.123,293291.0,105515.0,119.755,12.535,124.189,18.646,94157.0,121.897,5.572,126.618,9.823,12890.7,122.395,9.035,123.576,10.997,12570.0,124.273,11.022,125.78,12.592,11581.9,121.853,10.43,123.175,11.934
SOVEREIGNT,Poland,1,false,14.123,48.994,24.144,54.839,313428.0,313428.0,14.123,48.994,24.144,54.839,,,,,,,,,,,,,,,,,,,,
SOVEREIGNT,Portugal,17,false,-31.285,30.029,-6.205,42.154,91390.2,87951.4,-9.498,36.986,-6.205,42.154,822.661,-25.86,37.706,-25.132,37.912,752.971,-17.253,32.641,-16.672,32.875,469.103,-28.549,38.377,-28.04,38.558,453.991,-27.392,38.631,-27.02,38.804
SOVEREIGNT,Qatar,1,false,50.75,24.559,51.617,26.161,11150.1,11150.1,50.75,24.559,51.617,26.161,,,,,,,,,,,,,,,,,,,,
SOVEREIGNT,Republic of Serbia,1,false,18.844,42.234,22.985,46.174,77628.7,77628.7,18.844,42.234,22.985,46.174,,,,,,,,,,,,,,,,,,,,
SOVEREIGNT,Republic of the Congo,1,false,11.114,-5.02,18.643,3.709,344889.0,344889.0,11.114,-5.02,18.643,3.709,,,,,,,,,,,,,,,,,,,,
SOVEREIGNT,Romania,1,false,20.242,43.65,29.7,48.275,236377.0,236377.0,20.242,43.65,29.7,48.275,,,,,,,,,,,,,,,,,,,,
SOVEREIGNT,Russia,214,true,19.609,41.192,-168.994,81.859,1.69802e7,1.65312e7,27.328,41.192,180.0,77.738,110411.0,-180.0,64.24,-169.641,68.983,75494.2,141.639,45.9,144.757,54.427,46845.4,53.631,73.243,69.034,77.014,33096.3,51.401,70.544,57.639,73.426
SOVEREIGNT,Rwanda,1,false,28.857,-2.827,30.888,-1.058,25305.1,25305.1,28.857,-2.827,30.888,-1.058,,,,,,,,,,,,,,,,,,,,
SOVEREIGNT,Saint Kitts and Nevis,2,false,-62.862,17.1,-62.536,17.416,264.122,175.53,-62.862,17.217,-62.624,17.416,88.5919,-62.627,17.1,-62.536,17.203,,,,,,,,,,,,,,,
SOVEREIGNT,Saint Lucia,1,false,-61.079,13.714,-60.882,14.112,605.133,605.133,-61.079,13.714,-60.882,14.112,,,,,,,,,,,,,,,,,,,,
SOVEREIGNT,Saint Vincent and the Grenadines,5,false,-61.46,12.585,-61.123,13.381,367.728,329.506,-61.28,13.132,-61.123,13.381,20.9284,-61.278,12.974,-61.193,13.052,7.65319,-61.354,12.693,-61.314,12.734,6.83838,-61.46,12.585,-61.426,12.61,2.80259,-61.192,12.855,-61.174,12.884
SOVEREIGNT,Samoa,2,false,-172.783,-14.053,-171.437,-13.462,2780.42,1645.49,-172.783,-13.806,-172.175,-13.462,1134.93,-172.064,-14.053,-171.437,-13.805,,,,,,,,,,,,,,,
SOVEREIGNT,San Marino,1,false,12.385,43.892,12.493,43.983,60.3174,60.3174,12.385,43.892,12.493,43.983,,,,,,,,,,,,,,,,,,,,
SOVEREIGNT,Saudi Arabia,11,false,34.572,16.37,55.638,32.122,1.92173e6,1.9208e6,34.572,16.37,55.638,32.122,408.743,41.755,16.583,42.189,16.897,163.245,41.834,16.76,42.002,17.014,73.8869,36.776,25.361,36.962,25.497,66.2316,36.491,25.549,36.684,25.703
SOVEREIGNT,Scarborough Reef,1,false,117.751,15.15,117.756,15.155,0.0977859,0.0977859,117.751,15.15,117.756,15.155,,,,,,,,,,,,,,,,,,,,
SOVEREIGNT,Senegal,1,false,-17.537,12.305,-11.377,16.692,196225.0,196225.0,-17.537,12.305,-11.377,16.692,,,,,,,,,,,,,,,,,,,,
SOVEREIGNT,Serranilla Bank,1,false,-78.641,15.862,-78.636,15.868,0.105289,0.105289,-78.641,15.862,-78.636,15.868,,,,,,,,,,,,,,,,,,,,
SOVEREIGNT,Seychelles,26,false,46.207,-9.756,56.288,-3.791,435.664,163.897,55.365,-4.804,55.538,-4.56,122.564,46.207,-9.453,46.526,-9.337,41.8156,55.677,-4.359,55.788,-4.29,33.6625,46.276,-9.358,46.428,-9.326,22.3282,55.221,-4.505,55.27,-4.444
SOVEREIGNT,Sierra Leone,2,false,-13.302,6.919,-10.282,9.997,71611.6,70990.1,-13.302,6.919,-10.282,9.997,621.527,-12.952,7.389,-12.492,7.64,,,,,,,,,,,,,,,
SOVEREIGNT,Singapore,1,false,103.64,1.264,104.004,1.449,510.503,510.503,103.64,1.264,104.004,1.449,,,,,,,,,,,,,,,,,,,,
SOVEREIGNT,Slovakia,1,false,16.844,47.75,22.54,49.602,48457.9,48457.9,16.844,47.75,22.54,49.602,,,,,,,,,,,,,,,,,,,,
SOVEREIGNT,Slovenia,1,false,13.365,45.423,16.516,46.864,20327.0,20327.0,13.365,45.423,16.516,46.864,,,,,,,,,,,,,,,,,,,,
SOVEREIGNT,Solomon Islands,48,false,155.507,-12.291,168.826,-6.599,27198.8,5346.89,159.592,-9.938,160.827,-9.247,3858.44,160.581,-9.625,161.394,-8.302,3672.84,158.445,-8.563,159.901,-7.531,3066.37,161.28,-10.845,162.393,-10.2,2863.25,156.446,-7.433,157.53,-6.599
SOVEREIGNT,Somalia,1,false,40.965,-1.697,51.418,11.99,471815.0,471815.0,40.965,-1.697,51.418,11.99,,,,,,,,,,,,,,,,,,,,
SOVEREIGNT,Somaliland,1,false,42.647,7.996,48.94,11.499,167407.0,167407.0,42.647,7.996,48.94,11.499,,,,,,,,,,,,,,,,,,,,
SOVEREIGNT,South Africa,3,false,16.469,-46.966,37.978,-22.126,1.21982e6,1.2195e6,16.469,-34.822,32.894,-22.126,276.031,37.575,-46.966,37.896,-46.822,43.8529,37.861,-46.655,37.978,-46.598,,,,,,,,,,
SOVEREIGNT,South Korea,53,false,124.613,33.197,131.863,38.625,98543.9,93717.3,126.128,34.292,129.588,38.625,1867.85,126.161,33.197,126.954,33.564,394.415,128.488,34.705,128.749,35.033,338.394,126.103,34.352,126.382,34.576,304.666,127.826,34.695,128.075,34.941
SOVEREIGNT,South Sudan,1,false,24.121,3.49,35.921,12.217,626859.0,626859.0,24.121,3.49,35.921,12.217,,,,,,,,,,,,,,,,,,,,
SOVEREIGNT,Southern Patagonian Ice Field,1,false,-73.589,-49.76,-73.057,-49.272,1408.88,1408.88,-73.589,-49.76,-73.057,-49.272,,,,,,,,,,,,,,,,,,,,
SOVEREIGNT,Spain,23,false,-18.168,27.642,4.338,43.794,506885.0,494247.0,-9.292,36.006,3.318,43.794,3688.76,2.35,39.269,3.475,39.969,2003.94,-16.917,27.997,-16.117,28.584,1638.2,-14.508,28.05,-13.821,28.754,1558.42,-15.822,27.734,-15.363,28.18
SOVEREIGNT,Spratly Islands,12,false,114.027,9.679,115.849,11.118,11.9804,2.38175,115.812,10.72,115.834,10.736,1.84074,115.829,10.822,115.849,10.834,1.25933,114.358,10.175,114.372,10.188,1.21484,114.271,11.04,114.287,11.051,1.08026,115.009,11.107,115.022,11.118
SOVEREIGNT,Sri Lanka,5,false,79.655,5.923,81.891,9.83,66291.1,65966.2,79.696,5.923,81.891,9.83,109.4,79.698,8.973,79.917,9.104,96.5542,79.84,9.617,79.978,9.761,79.2401,81.725,7.479,81.824,7.74,39.791,79.655,9.483,79.731,9.556
SOVEREIGNT,Sudan,2,false,21.809,8.681,38.604,22.227,1.85562e6,1.85558e6,21.809,8.681,38.604,22.227,33.2824,37.243,20.749,37.284,20.856,,,,,,,,,,,,,,,
SOVEREIGNT,Suriname,1,false,-58.068,1.833,-53.986,6.012,145123.0,145123.0,-58.068,1.833,-53.986,6.012,,,,,,,,,,,,,,,,,,,,
SOVEREIGNT,Sweden,41,false,11.108,55.342,24.164,69.037,446173.0,440539.0,11.108,55.342,24.164,69.037,2957.38,18.099,56.912,19.086,57.924,1259.69,16.391,56.217,17.125,57.359,321.507,11.406,58.072,11.816,58.292,122.636,11.497,57.935,11.746,58.065
SOVEREIGNT,Switzerland,1,false,5.954,45.82,10.467,47.802,41435.5,41435.5,5.954,45.82,10.467,47.802,,,,,,,,,,,,,,,,,,,,
SOVEREIGNT,Syria,1,false,35.723,32.313,42.378,37.325,185940.0,185940.0,35.723,32.313,42.378,37.325,,,,,,,,,,,,,,,,,,,,
SOVEREIGNT,São Tomé and Principe,2,false,6.461,0.024,7.463,1.7,1037.16,880.889,6.461,0.024,6.761,0.411,156.267,7.329,1.531,7.463,1.7,,,,,,,,,,,,,,,
SOVEREIGNT,Taiwan,8,false,118.279,21.904,122.006,25.288,36197.9,35857.6,120.052,21.904,122.006,25.288,154.039,118.279,24.39,118.468,24.528,66.7841,119.527,23.516,119.671,23.611,48.6484,121.492,22.007,121.589,22.083,19.6105,119.442,23.562,119.518,23.651
SOVEREIGNT,Tajikistan,3,false,67.342,36.678,75.165,41.04,142239.0,142089.0,67.342,36.678,75.165,41.04,119.447,70.482,39.766,70.707,39.883,30.4997,70.549,40.935,70.646,41.019,,,,,,,,,,
SOVEREIGNT,Thailand,20,false,97.351,5.629,105.651,20.446,514453.0,512523.0,97.351,5.629,105.651,20.446,557.039,98.254,7.767,98.44,8.192,234.479,99.926,9.418,100.091,9.587,219.921,102.249,11.961,102.444,12.154,145.225,99.6,6.492,99.705,6.724
SOVEREIGNT,The Bahamas,44,false,-79.595,20.912,-72.746,26.929,12603.9,3574.05,-78.443,24.272,-77.718,25.207,1580.41,-73.704,20.912,-73.004,21.341,1403.3,-77.943,23.72,-77.516,24.303,1310.73,-77.963,25.885,-77.014,26.929,1060.64,-78.998,26.491,-77.902,26.811
SOVEREIGNT,Togo,1,false,-0.167,6.1,1.783,11.135,56863.4,56863.4,-0.167,6.1,1.783,11.135,,,,,,,,,,,,,,,,,,,,
SOVEREIGNT,Tonga,10,false,-176.22,-22.339,-173.914,-15.559,603.109,257.336,-175.365,-21.268,-175.05,-21.062,119.437,-174.073,-18.706,-173.914,-18.566,78.7344,-174.984,-21.455,-174.908,-21.284,41.8299,-175.101,-19.802,-175.046,-19.711,41.1203,-175.687,-15.625,-175.612,-15.559
SOVEREIGNT,Trinidad and Tobago,2,false,-61.929,10.042,-60.522,11.352,5122.92,4832.09,-61.929,10.042,-60.907,10.846,290.829,-60.848,11.143,-60.522,11.352,,,,,,,,,,,,,,,
SOVEREIGNT,Tunisia,4,false,7.479,30.228,11.565,37.346,156613.0,155958.0,7.479,30.228,11.565,37.346,496.054,10.727,33.64,11.061,33.897,110.641,11.122,34.663,11.305,34.826,48.763,10.964,34.62,11.111,34.672,,,,,
SOVEREIGNT,Turkey,6,false,25.663,35.819,44.807,42.099,780080.0,756231.0,26.069,35.819,44.807,42.099,23386.6,26.033,40.049,29.11,42.098,291.085,25.663,40.097,26.013,40.243,108.361,27.526,40.576,27.733,40.664,40.7514,25.978,39.784,26.084,39.846
SOVEREIGNT,Turkmenistan,3,false,52.437,35.14,66.646,42.792,470849.0,470734.0,52.437,35.14,66.646,42.792,75.9115,53.026,38.755,53.103,39.098,39.0874,53.462,39.508,53.54,39.598,,,,,,,,,,
SOVEREIGNT,Tuvalu,9,false,176.125,-9.421,179.907,-5.677,23.0184,8.59585,179.191,-8.543,179.218,-8.46,5.51829,178.665,-7.499,178.695,-7.454,2.95361,178.373,-8.071,178.391,-8.026,2.04384,176.125,-5.707,176.149,-5.677,1.81098,177.337,-6.122,177.357,-6.108
SOVEREIGNT,Uganda,1,false,29.548,-1.476,35.007,4.22,241854.0,241854.0,29.548,-1.476,35.007,4.22,,,,,,,,,,,,,,,,,,,,
SOVEREIGNT,Ukraine,4,false,22.132,45.213,40.16,52.369,571999.0,571823.0,22.132,45.213,40.16,52.369,81.188,31.504,46.149,32.167,46.374,53.3131,32.619,46.012,33.058,46.067,41.8472,29.73,45.591,30.126,45.812,,,,,
SOVEREIGNT,United Arab Emirates,10,false,51.569,22.62,56.384,26.075,71085.0,70368.8,51.569,22.62,56.384,26.075,285.091,53.627,24.13,53.965,24.276,125.203,53.184,24.262,53.448,24.413,82.6127,52.556,24.253,52.651,24.374,63.4393,54.334,24.42,54.471,24.523
SOVEREIGNT,United Kingdom,141,false,-130.754,-59.473,72.495,60.848,261906.0,218624.0,-6.237,49.959,1.772,58.678,14238.7,-8.174,54.034,-5.43,55.249,6302.41,-59.722,-52.342,-57.734,-51.248,4460.26,-61.037,-52.237,-59.214,-51.337,3609.51,-38.033,-54.888,-35.784,-53.972
SOVEREIGNT,United Republic of Tanzania,7,false,29.321,-11.732,40.45,-0.985,941505.0,938516.0,29.321,-11.732,40.45,-0.985,1556.84,39.177,-6.463,39.575,-5.718,892.421,39.643,-5.455,39.879,-4.89,422.291,39.587,-7.994,39.911,-7.637,67.764,39.696,-8.093,39.802,-7.991
SOVEREIGNT,United States of America,382,true,144.624,-14.533,-64.559,71.413,9.47493e6,7.93089e6,-124.735,25.121,-66.977,49.37,1.42751e6,-168.138,54.762,-129.989,71.413,10523.3,-156.061,18.906,-154.814,20.264,9422.7,-154.811,56.741,-152.147,58.011,8780.37,-67.271,17.922,-65.591,18.523
SOVEREIGNT,Uruguay,1,false,-58.44,-34.974,-53.11,-30.096,177342.0,177342.0,-58.44,-34.974,-53.11,-30.096,,,,,,,,,,,,,,,,,,,,
SOVEREIGNT,Uzbekistan,3,false,55.975,37.185,73.149,45.559,447831.0,447374.0,55.975,37.185,73.149,45.559,399.439,70.952,39.874,71.245,40.158,58.3037,71.665,39.9,71.79,39.99,,,,,,,,,,
SOVEREIGNT,Vanuatu,27,false,166.52,-20.254,169.899,-13.064,12296.6,4078.04,166.522,-15.659,167.248,-14.625,2104.39,167.144,-16.588,167.844,-15.867,890.088,168.982,-19.0,169.337,-18.618,887.607,168.151,-17.824,168.586,-17.532,691.211,167.912,-16.362,168.33,-16.08
SOVEREIGNT,Vatican,1,false,12.452,41.902,12.455,41.904,0.0122038,0.0122038,12.452,41.902,12.455,41.904,,,,,,,,,,,,,,,,,,,,
SOVEREIGNT,Venezuela,29,false,-73.392,0.649,-59.815,15.703,912684.0,909122.0,-73.392,0.649,-59.815,12.199,1029.99,-64.409,10.857,-63.787,11.18,958.016,-61.177,8.595,-60.686,8.893,203.027,-61.271,8.507,-60.992,8.611,201.15,-61.092,8.822,-60.838,9.034
SOVEREIGNT,Vietnam,25,false,102.118,8.565,109.473,23.367,328892.0,326814.0,102.118,8.565,109.473,23.367,557.1,103.846,10.007,104.086,10.451,229.499,106.751,10.405,106.875,10.667,224.38,107.372,21.047,107.607,21.278,162.052,106.909,20.704,107.108,20.877
SOVEREIGNT,Western Sahara,1,false,-17.105,20.766,-8.68,27.662,90495.4,90495.4,-17.105,20.766,-8.68,27.662,,,,,,,,,,,,,,,,,,,,
SOVEREIGNT,Yemen,9,false,42.545,12.111,54.541,18.996,453075.0,448951.0,42.61,12.598,53.091,18.996,3621.13,53.306,12.3,54.541,12.715,145.298,52.064,12.146,52.395,12.242,114.748,42.691,13.919,42.802,14.072,108.514,42.545,15.268,42.636,15.458
SOVEREIGNT,Zambia,1,false,21.979,-18.07,33.675,-8.194,751914.0,751914.0,21.979,-18.07,33.675,-8.194,,,,,,,,,,,,,,,,,,,,
SOVEREIGNT,Zimbabwe,1,false,25.219,-22.398,33.043,-15.614,389338.0,389338.0,25.219,-22.398,33.043,-15.614,,,,,,,,,,,,,,,,,,,,
SOVEREIGNT,eSwatini,1,false,30.782,-27.317,32.118,-25.735,17111.9,17111.9,30.782,-27.317,32.118,-25.735,,,,,,,,,,,,,,,,,,,,
ADMIN,Afghanistan,1,false,60.486,29.386,74.893,38.474,642181.0,642181.0,60.486,29.386,74.893,38.474,,,,,,,,,,,,,,,,,,,,
ADMIN,Akrotiri Sovereign Base Area,1,false,32.76,34.568,33.031,34.701,98.685,98.685,32.76,34.568,33.031,34.701,,,,,,,,,,,,,,,,,,,,
ADMIN,Aland,16,false,19.513,59.904,21.097,60.481,942.066,587.757,19.646,60.047,20.278,60.406,78.7094,20.025,59.971,20.226,60.095,77.9982,19.513,60.129,19.675,60.261,31.6636,20.281,59.953,20.448,60.021,30.1463,20.198,60.06,20.298,60.15
ADMIN,Albania,1,false,19.272,39.637,21.037,42.655,28335.8,28335.8,19.272,39.637,21.037,42.655,,,,,,,,,,,,,,,,,,,,
ADMIN,Algeria,1,false,-8.683,18.975,11.969,37.094,2.30886e6,2.30886e6,-8.683,18.975,11.969,37.094,,,,,,,,,,,,,,,,,,,,
ADMIN,American Samoa,5,false,-171.087,-14.533,-168.16,-11.051,180.304,131.452,-170.832,-14.375,-170.567,-14.252,39.9002,-169.543,-14.272,-169.44,-14.222,6.06747,-169.677,-14.19,-169.635,-14.168,1.86652,-171.087,-11.067,-171.072,-11.051,1.0177,-168.174,-14.533,-168.16,-14.519
ADMIN,Andorra,1,false,1.406,42.428,1.766,42.65,452.239,452.239,1.406,42.428,1.766,42.65,,,,,,,,,,,,,,,,,,,,
ADMIN,Angola,3,false,11.669,-18.032,24.062,-4.391,1.24465e6,1.23787e6,11.735,-18.032,24.062,-5.841,6701.71,12.009,-5.764,13.074,-4.391,84.4009,11.669,-16.706,11.739,-16.5,,,,,,,,,,
ADMIN,Anguilla,6,false,-63.429,18.169,-62.925,18.602,87.4201,80.424,-63.168,18.169,-62.972,18.277,3.97369,-62.961,18.274,-62.925,18.298,2.27211,-63.263,18.272,-63.236,18.287,0.283438,-63.193,18.265,-63.179,18.27,0.252154,-63.429,18.592,-63.423,18.602
ADMIN,Antarctica,179,false,-180.0,-90.0,180.0,-60.516,1.23582e7,1.21577e7,-180.0,-90.0,180.0,-63.214,48169.6,-75.439,-72.675,-68.161,-68.78,45479.8,-54.413,-80.878,-42.936,-77.772,11287.1,-102.324,-72.584,-95.428,-71.756,7860.64,-164.327,-79.855,-158.953,-78.706
ADMIN,Antigua and Barbuda,3,false,-62.349,16.931,-61.667,17.728,451.85,281.942,-61.895,16.989,-61.667,17.169,169.539,-61.874,17.545,-61.727,17.728,0.36913,-62.349,16.931,-62.342,16.941,,,,,,,,,,
ADMIN,Argentina,8,false,-73.573,-55.053,-53.661,-21.786,2.7829e6,2.76123e6,-73.573,-52.391,-53.661,-21.786,20552.5,-68.642,-55.053,-65.141,-52.639,499.264,-64.759,-54.904,-63.812,-54.705,229.265,-62.238,-40.565,-62.028,-40.374,172.847,-62.099,-39.241,-61.859,-39.085
ADMIN,Armenia,2,false,43.436,38.863,46.603,41.291,29588.2,29553.0,43.436,38.863,46.603,41.291,35.2439,45.471,40.601,45.561,40.661,,,,,,,,,,,,,,,
ADMIN,Aruba,1,false,-70.063,12.417,-69.876,12.633,169.766,169.766,-70.063,12.417,-69.876,12.633,,,,,,,,,,,,,,,,,,,,
ADMIN,Ashmore and Cartier Islands,1,false,123.575,-12.439,123.598,-12.426,2.69549,2.69549,123.575,-12.439,123.598,-12.426,,,,,,,,,,,,,,,,,,,,
ADMIN,Australia,94,false,112.919,-54.751,159.107,-9.24,7.69117e6,7.5987e6,113.156,-39.145,153.631,-10.687,64338.7,144.605,-43.642,148.365,-40.64,5817.76,130.365,-11.934,131.539,-11.153,4463.47,136.532,-36.083,138.13,-35.582,2307.13,136.324,-14.299,136.979,-13.647
ADMIN,Austria,1,false,9.521,46.378,17.149,49.01,83993.2,83993.2,9.521,46.378,17.149,49.01,,,,,,,,,,,,,,,,,,,,
ADMIN,Azerbaijan,6,false,44.774,38.392,50.626,41.891,86249.9,81390.6,45.002,38.392,50.392,41.891,4782.87,44.774,38.862,46.136,39.771,26.8109,44.96,41.023,45.03,41.083,26.1924,50.326,40.399,50.397,40.482,16.0301,50.562,40.299,50.626,40.338
ADMIN,Bahrain,7,false,50.38,25.579,50.82,26.288,688.118,584.947,50.448,25.789,50.646,26.243,42.7155,50.737,25.579,50.801,25.732,32.0991,50.599,26.202,50.685,26.288,19.4847,50.38,26.119,50.424,26.175,5.6449,50.785,25.63,50.817,25.653
ADMIN,Bajo Nuevo Bank (Petrel Is.),1,false,-79.99,15.794,-79.986,15.797,0.0358638,0.0358638,-79.99,15.794,-79.986,15.797,,,,,,,,,,,,,,,,,,,,
ADMIN,Bangladesh,22,false,88.021,20.738,92.643,26.624,136904.0,133774.0,88.021,20.738,92.643,26.624,1299.46,90.553,21.992,90.856,22.788,330.582,91.005,22.089,91.187,22.392,301.896,91.847,21.48,91.984,21.782,198.315,90.455,22.711,90.679,22.882
ADMIN,Barbados,1,false,-59.655,13.051,-59.426,13.345,444.223,444.223,-59.655,13.051,-59.426,13.345,,,,,,,,,,,,,,,,,,,,
ADMIN,Baykonur Cosmodrome,1,false,62.8,45.565,63.968,46.391,6501.49,6501.49,62.8,45.565,63.968,46.391,,,,,,,,,,,,,,,,,,,,
ADMIN,Belarus,1,false,23.165,51.235,32.72,56.157,207499.0,207499.0,23.165,51.235,32.72,56.157,,,,,,,,,,,,,,,,,,,,
ADMIN,Belgium,1,false,2.521,49.495,6.375,51.497,30669.5,30669.5,2.521,49.495,6.375,51.497,,,,,,,,,,,,,,,,,,,,
ADMIN,Belize,10,false,-89.237,15.879,-87.783,18.491,22299.4,22010.2,-89.237,15.879,-88.083,18.491,109.906,-88.01,17.902,-87.847,18.17,91.5241,-87.941,17.278,-87.783,17.546,26.6794,-88.168,17.669,-88.071,17.735,22.4183,-87.839,17.292,-87.797,17.4
ADMIN,Benin,1,false,0.759,6.213,3.838,12.4,116113.0,116113.0,0.759,6.213,3.838,12.4,,,,,,,,,,,,,,,,,,,,
ADMIN,Bermuda,2,false,-64.886,32.248,-64.647,32.389,62.302,60.3766,-64.886,32.248,-64.647,32.389,1.92541,-64.833,32.281,-64.799,32.29,,,,,,,,,,,,,,,
ADMIN,Bhutan,1,false,88.73,26.696,92.089,28.359,40421.3,40421.3,88.73,26.696,92.089,28.359,,,,,,,,,,,,,,,,,,,,
ADMIN,Bir Tawil,1,false,33.181,21.71,34.085,21.996,2019.46,2019.46,33.181,21.71,34.085,21.996,,,,,,,,,,,,,,,,,,,,
ADMIN,Bolivia,1,false,-69.667,-22.898,-57.465,-9.679,1.08681e6,1.08681e6,-69.667,-22.898,-57.465,-9.679,,,,,,,,,,,,,,,,,,,,
ADMIN,Bosnia and Herzegovina,1,false,15.716,42.559,19.619,45.285,51826.7,51826.7,15.716,42.559,19.619,45.285,,,,,,,,,,,,,,,,,,,,
ADMIN,Botswana,1,false,19.978,-26.892,29.351,-17.781,579029.0,579029.0,19.978,-26.892,29.351,-17.781,,,,,,,,,,,,,,,,,,,,
ADMIN,Brazil,43,false,-74.019,-33.743,-28.877,5.268,8.47266e6,8.41812e6,-74.019,-33.743,-34.793,5.268,38765.2,-50.814,-1.833,-48.366,-0.099,3964.38,-51.955,-1.484,-51.149,-0.518,2291.76,-50.384,-0.053,-49.528,0.387,1125.15,-51.039,-0.331,-50.627,0.047
ADMIN,Brazilian Island,1,false,-57.643,-30.194,-57.602,-30.182,2.82463,2.82463,-57.643,-30.194,-57.602,-30.182,,,,,,,,,,,,,,,,,,,,
ADMIN,British Indian Ocean Territory,10,false,71.26,-7.433,72.495,-5.226,49.0614,31.4859,72.357,-7.433,72.485,-7.268,10.5531,72.439,-7.362,72.495,-7.226,3.76964,71.338,-6.205,71.361,-6.177,1.1329,71.26,-6.389,71.269,-6.37,0.506538,71.762,-5.441,71.775,-5.431
ADMIN,British Virgin Islands,6,false,-64.774,18.334,-64.27,18.747,144.938,63.756,-64.715,18.383,-64.516,18.455,34.1428,-64.409,18.7,-64.27,18.747,33.0646,-64.444,18.443,-64.326,18.512,6.4657,-64.774,18.437,-64.724,18.455,4.70896,-64.604,18.334,-64.567,18.361
ADMIN,Brunei,2,false,113.998,4.016,115.361,5.058,5716.64,4417.71,113.998,4.016,115.104,5.058,1298.93,115.022,4.313,115.361,4.909,,,,,,,,,,,,,,,
ADMIN,Bulgaria,1,false,22.345,41.238,28.604,44.229,112760.0,112760.0,22.345,41.238,28.604,44.229,,,,,,,,,,,,,,,,,,,,
ADMIN,Burkina Faso,1,false,-5.523,9.391,2.391,15.08,272769.0,272769.0,-5.523,9.391,2.391,15.08,,,,,,,,,,,,,,,,,,,,
ADMIN,Burundi,1,false,28.986,-4.464,30.834,-2.303,27041.2,27041.2,28.986,-4.464,30.834,-2.303,,,,,,,,,,,,,,,,,,,,
ADMIN,Cabo Verde,11,false,-25.361,14.803,-22.666,17.197,3926.72,961.382,-23.793,14.907,-23.443,15.333,741.664,-25.361,16.917,-24.971,17.197,635.576,-22.964,15.982,-22.666,16.244,460.234,-24.527,14.815,-24.292,15.046,335.782,-24.431,16.482,-24.032,16.682
ADMIN,Cambodia,6,false,102.313,10.415,107.611,14.705,181060.0,180798.0,102.313,10.415,107.611,14.705,103.027,102.981,11.255,103.049,11.427,70.384,103.198,10.672,103.319,10.783,33.6291,103.743,10.453,103.806,10.517,32.421,102.995,11.426,103.051,11.53
ADMIN,Cameroon,1,false,8.505,1.654,16.208,13.082,464318.0,464318.0,8.505,1.654,16.208,13.082,,,,,,,,,,,,,,,,,,,,
ADMIN,Canada,412,false,-141.006,41.669,-52.616,83.117,9.94563e6,8.13806e6,-141.006,41.669,-55.616,72.003,514388.0,-90.119,61.858,-61.267,73.856,220425.0,-119.138,68.454,-100.872,73.385,203079.0,-74.713,43.47,-60.968,49.267,198129.0,-91.957,76.129,-61.085,83.117
ADMIN,Cayman Islands,3,false,-81.417,19.263,-79.726,19.758,309.202,222.812,-81.417,19.263,-81.086,19.395,46.8189,-79.894,19.679,-79.726,19.758,39.5708,-80.114,19.654,-79.964,19.715,,,,,,,,,,
ADMIN,Central African Republic,1,false,14.387,2.236,27.442,11.001,617984.0,617984.0,14.387,2.236,27.442,11.001,,,,,,,,,,,,,,,,,,,,
ADMIN,Chad,1,false,13.449,7.455,23.985,23.445,1.26628e6,1.26628e6,13.449,7.455,23.985,23.445,,,,,,,,,,,,,,,,,,,,
ADMIN,Chile,163,false,-109.454,-55.919,-66.42,-17.506,736595.0,648334.0,-75.712,-53.887,-67.013,-17.506,26556.3,-72.008,-54.949,-68.627,-52.451,8130.75,-74.408,-43.424,-73.374,-41.77,5731.54,-75.469,-50.054,-74.42,-48.678,4021.3,-70.032,-55.717,-67.965,-54.928
ADMIN,China,70,false,73.602,15.775,134.773,53.57,9.37522e6,9.33589e6,73.602,20.238,134.773,53.57,33840.7,108.615,18.169,111.035,20.164,1254.97,121.176,31.439,121.987,31.842,436.125,121.963,29.933,122.328,30.149,251.987,110.245,20.937,110.548,21.096
ADMIN,Clipperton Island,1,false,-109.235,10.281,-109.21,10.312,5.00196,5.00196,-109.235,10.281,-109.21,10.312,,,,,,,,,,,,,,,,,,,,
ADMIN,Colombia,11,false,-81.724,-4.237,-66.875,13.579,1.13512e6,1.13455e6,-79.022,-4.237,-66.875,12.469,174.024,-78.217,2.504,-78.096,2.688,157.86,-77.55,4.196,-77.271,4.342,75.8893,-77.886,2.601,-77.754,2.725,71.8659,-77.921,2.577,-77.785,2.698
ADMIN,Comoros,3,false,43.213,-12.381,44.53,-11.361,1672.23,1024.67,43.213,-11.933,43.499,-11.361,448.593,44.206,-12.381,44.53,-12.064,198.961,43.629,-12.374,43.862,-12.236,,,,,,,,,,
ADMIN,Cook Islands,13,false,-165.825,-21.939,-157.312,-8.946,191.133,64.1645,-159.847,-21.255,-159.736,-21.186,38.6485,-157.969,-21.939,-157.887,-21.877,20.5624,-158.136,-20.02,-158.078,-19.972,20.1825,-157.743,-19.856,-157.707,-19.767,14.5483,-159.803,-18.888,-159.761,-18.828
ADMIN,Coral Sea Islands,1,false,154.388,-21.031,154.392,-21.028,0.0207323,0.0207323,154.388,-21.031,154.392,-21.028,,,,,,,,,,,,,,,,,,,,
ADMIN,Costa Rica,4,false,-87.118,5.515,-82.562,11.21,51151.0,51093.2,-85.947,8.034,-82.562,11.21,38.609,-85.2,10.074,-85.097,10.125,15.7604,-87.118,5.515,-87.064,5.558,3.46192,-83.897,8.698,-83.869,8.714,,,,,
ADMIN,Croatia,25,false,13.501,42.416,19.408,46.547,55023.3,51491.6,13.501,42.942,19.408,46.547,750.086,17.001,42.416,18.498,43.052,406.788,14.277,44.618,14.535,45.176,397.571,14.425,44.943,14.815,45.25,385.236,16.405,43.263,16.893,43.395
ADMIN,Cuba,41,false,-84.95,19.827,-74.132,23.266,109929.0,105744.0,-84.95,19.827,-74.132,23.213,2254.41,-83.192,21.437,-82.54,21.949,347.22,-77.95,21.91,-77.624,22.103,340.235,-78.697,22.418,-78.278,22.562,214.245,-78.313,22.266,-78.01,22.438
ADMIN,Curaçao,1,false,-69.172,12.041,-68.739,12.392,463.243,463.243,-69.172,12.041,-68.739,12.392,,,,,,,,,,,,,,,,,,,,
ADMIN,Cyprus,4,false,32.271,34.625,34.1,35.188,5395.04,5197.93,32.271,34.625,33.703,35.188,193.558,33.799,34.958,34.1,35.074,2.07747,33.759,34.976,33.795,34.991,1.47344,33.738,35.001,33.753,35.016,,,,,
ADMIN,Cyprus No Mans Area,3,false,32.584,34.977,34.022,35.2,340.999,316.714,32.691,34.977,33.716,35.2,12.4328,33.898,35.047,34.022,35.07,11.852,32.584,35.151,32.66,35.189,,,,,,,,,,
ADMIN,Czechia,1,false,12.076,48.557,18.838,51.041,78759.0,78759.0,12.076,48.557,18.838,51.041,,,,,,,,,,,,,,,,,,,,
ADMIN,Democratic Republic of the Congo,2,false,12.21,-13.459,31.281,5.376,2.32524e6,2.32512e6,12.21,-13.459,31.281,5.376,118.283,12.745,-5.961,12.995,-5.868,,,,,,,,,,,,,,,
ADMIN,Denmark,15,false,8.094,54.568,15.152,57.752,42695.9,28625.4,8.094,54.801,10.965,57.752,7587.43,10.875,54.568,12.622,56.129,2994.05,9.676,55.029,10.835,55.619,1201.19,10.999,54.626,11.856,54.962,598.05,14.684,54.991,15.152,55.31
ADMIN,Dhekelia Sovereign Base Area,1,false,33.674,34.937,33.922,35.119,127.423,127.423,33.674,34.937,33.922,35.119,,,,,,,,,,,,,,,,,,,,
ADMIN,Djibouti,1,false,41.749,10.929,43.419,12.708,21848.0,21848.0,41.749,10.929,43.419,12.708,,,,,,,,,,,,,,,,,,,,
ADMIN,Dominica,1,false,-61.489,15.201,-61.249,15.634,730.312,730.312,-61.489,15.201,-61.249,15.634,,,,,,,,,,,,,,,,,,,,
ADMIN,Dominican Republic,3,false,-72.01,17.545,-68.328,19.938,48439.9,48281.6,-72.01,17.604,-68.328,19.938,121.186,-68.787,18.107,-68.57,18.201,37.1212,-71.542,17.545,-71.467,17.622,,,,,,,,,,
ADMIN,East Timor,3,false,124.03,-9.502,127.314,-8.135,15082.2,14192.8,124.907,-9.486,127.314,-8.309,739.402,124.03,-9.502,124.452,-9.18,149.964,125.503,-8.318,125.651,-8.135,,,,,,,,,,
ADMIN,Ecuador,16,false,-92.012,-5.012,-75.227,1.665,255014.0,246171.0,-81.014,-5.012,-75.227,1.435,4625.16,-91.607,-1.031,-90.791,0.154,956.709,-90.547,-0.78,-90.18,-0.483,942.459,-80.272,-3.035,-79.902,-2.662,594.641,-91.672,-0.491,-91.396,-0.249
ADMIN,Egypt,8,false,24.688,21.994,36.9,31.657,1.00106e6,1.00087e6,24.688,21.994,36.9,31.657,60.8644,34.489,27.917,34.621,28.017,49.9058,33.913,27.448,34.052,27.537,29.5707,34.661,27.908,34.733,27.959,20.3936,32.934,31.147,33.263,31.241
ADMIN,El Salvador,3,false,-90.115,13.158,-87.693,14.446,20539.4,20516.2,-90.115,13.158,-87.703,14.446,15.7031,-87.729,13.163,-87.693,13.217,7.57467,-87.781,13.214,-87.751,13.249,,,,,,,,,,
ADMIN,Equatorial Guinea,3,false,5.611,-1.476,11.337,3.773,26671.7,24671.9,9.346,0.924,11.337,2.342,1985.6,8.422,3.197,8.964,3.773,14.1818,5.611,-1.476,5.647,-1.415,,,,,,,,,,
ADMIN,Eritrea,3,false,36.423,12.36,43.124,18.005,122538.0,121764.0,36.423,12.36,43.124,18.005,677.157,39.923,15.572,40.415,15.894,96.5293,39.99,15.981,40.119,16.108,,,,,,,,,,
ADMIN,Estonia,8,false,21.832,57.515,28.187,59.671,45819.0,41623.8,23.408,57.515,28.187,59.671,2769.86,21.832,57.914,23.334,58.635,1073.18,22.044,58.686,23.041,59.09,201.243,23.059,58.532,23.401,58.682,103.27,23.114,58.968,23.394,59.046
ADMIN,Ethiopia,1,false,32.989,3.403,47.98,14.88,1.12737e6,1.12737e6,32.989,3.403,47.98,14.88,,,,,,,,,,,,,,,,,,,,
ADMIN,Falkland Islands,15,false,-61.319,-52.407,-57.734,-51.027,11597.2,6302.41,-59.722,-52.342,-57.734,-51.248,4460.26,-61.037,-52.237,-59.214,-51.337,222.574,-61.154,-51.954,-60.852,-51.76,127.062,-60.301,-51.407,-60.049,-51.26,118.806,-59.809,-51.338,-59.447,-51.241
ADMIN,Faroe Islands,11,false,-7.645,61.394,-6.275,62.399,1328.53,369.53,-7.237,61.938,-6.698,62.315,296.106,-7.086,62.061,-6.564,62.337,164.666,-7.432,62.019,-7.038,62.164,161.262,-6.963,61.394,-6.646,61.65,118.028,-6.908,61.746,-6.612,61.91
ADMIN,Federated States of Micronesia,20,false,138.063,0.918,163.047,9.776,633.849,340.645,158.125,6.788,158.339,6.979,113.687,162.912,5.269,163.047,5.38,92.7741,138.063,9.412,138.22,9.589,30.8876,151.568,7.327,151.651,7.392,18.5636,151.855,7.424,151.918,7.466
ADMIN,Fiji,44,true,174.588,-21.712,-178.216,-12.475,18930.1,10893.3,177.251,-18.274,178.712,-17.3,5731.66,178.479,-17.008,180.0,-16.149,489.802,177.951,-19.158,178.499,-18.924,324.09,-180.0,-16.965,-179.815,-16.677,147.05,179.232,-18.119,179.363,-17.934
ADMIN,Finland,42,false,20.623,59.811,31.57,70.076,333059.0,331390.0,20.623,59.811,31.57,70.076,457.3,22.415,59.984,22.957,60.297,151.279,24.562,64.95,25.062,65.095,122.897,21.078,63.15,21.429,63.288,92.898,21.785,60.326,21.998,60.472
ADMIN,France,21,false,-61.798,-21.371,55.855,51.088,636757.0,538721.0,-4.785,42.325,8.201,51.088,83183.7,-54.616,2.11,-51.649,5.745,8665.58,8.545,41.365,9.56,43.018,2582.42,55.225,-21.371,55.855,-20.861,1097.46,-61.229,14.408,-60.81,14.877
ADMIN,French Polynesia,88,false,-154.537,-27.642,-134.942,-7.95,3336.5,1035.25,-149.643,-17.87,-149.149,-17.494,340.835,-139.174,-9.855,-138.814,-9.694,336.161,-140.262,-8.954,-140.014,-8.781,191.08,-140.839,-17.864,-140.619,-17.684,174.614,-151.495,-16.903,-151.352,-16.736
ADMIN,French Southern and Antarctic Lands,18,false,39.728,-49.722,77.586,-11.55,7279.96,6587.01,68.748,-49.722,70.569,-48.654,194.393,69.192,-49.095,69.412,-48.884,140.575,51.656,-46.452,51.869,-46.327,64.7044,50.175,-46.128,50.299,-46.043,53.1913,77.487,-37.902,77.586,-37.82
ADMIN,Gabon,3,false,8.695,-3.937,14.499,2.323,259968.0,259843.0,8.695,-3.937,14.499,2.323,125.585,8.949,-0.763,9.042,-0.592,0.129128,9.376,0.806,9.385,0.81,,,,,,,,,,
ADMIN,Gambia,1,false,-16.83,13.065,-13.818,13.82,10501.1,10501.1,-16.83,13.065,-13.818,13.82,,,,,,,,,,,,,,,,,,,,
ADMIN,Georgia,1,false,39.985,41.044,46.695,43.576,69570.9,69570.9,39.985,41.044,46.695,43.576,,,,,,,,,,,,,,,,,,,,
ADMIN,Germany,22,false,5.852,47.271,15.023,55.066,357674.0,355707.0,5.852,47.271,15.023,54.906,952.506,13.115,54.228,13.767,54.689,374.567,13.752,53.844,14.211,54.179,164.734,11.005,54.412,11.315,54.536,103.975,8.277,54.742,8.655,55.066
ADMIN,Ghana,1,false,-3.263,4.737,1.188,11.163,238669.0,238669.0,-3.263,4.737,1.188,11.163,,,,,,,,,,,,,,,,,,,,
ADMIN,Gibraltar,1,false,-5.359,36.11,-5.338,36.142,3.69249,3.69249,-5.359,36.11,-5.338,36.142,,,,,,,,,,,,,,,,,,,,
ADMIN,Greece,74,false,19.626,34.815,28.24,41.751,131353.0,106704.0,19.999,36.39,26.637,41.751,8285.89,23.518,34.931,26.322,35.687,3660.54,22.832,37.96,24.595,39.043,1637.59,25.834,38.967,26.613,39.384,1429.17,27.684,35.89,28.24,36.457
ADMIN,Greenland,128,false,-73.058,59.792,-11.376,83.635,2.15438e6,2.11222e6,-73.058,59.987,-11.376,83.635,8640.47,-54.993,69.235,-51.836,70.325,3812.82,-28.138,70.43,-25.283,71.087,3448.39,-24.486,72.12,-21.928,72.882,2253.75,-25.711,73.036,-22.892,73.426
ADMIN,Grenada,2,false,-61.791,12.002,-61.421,12.53,347.259,313.136,-61.791,12.002,-61.602,12.24,34.1231,-61.497,12.44,-61.421,12.53,,,,,,,,,,,,,,,
ADMIN,Guam,1,false,144.624,13.241,144.953,13.655,564.205,564.205,144.624,13.241,144.953,13.655,,,,,,,,,,,,,,,,,,,,
ADMIN,Guatemala,1,false,-92.247,13.731,-88.22,17.817,108811.0,108811.0,-92.247,13.731,-88.22,17.817,,,,,,,,,,,,,,,,,,,,
ADMIN,Guernsey,4,false,-2.674,49.411,-2.17,49.732,73.9851,62.4312,-2.674,49.426,-2.501,49.516,6.58036,-2.227,49.703,-2.17,49.732,3.91643,-2.379,49.411,-2.354,49.447,1.05716,-2.456,49.462,-2.445,49.484,,,,,
ADMIN,Guinea,1,false,-15.082,7.19,-7.662,12.674,244302.0,244302.0,-15.082,7.19,-7.662,12.674,,,,,,,,,,,,,,,,,,,,
ADMIN,Guinea-Bissau,13,false,-16.729,10.927,-13.66,12.68,32829.1,31356.2,-16.729,10.927,-13.66,12.68,257.577,-16.249,11.028,-16.048,11.209,234.314,-16.084,11.419,-15.898,11.607,195.604,-16.166,11.755,-15.985,11.901,118.971,-16.427,11.48,-16.241,11.584
ADMIN,Guyana,2,false,-61.397,1.185,-56.481,8.559,211214.0,211150.0,-61.397,1.185,-56.481,8.559,63.4153,-58.464,6.883,-58.333,6.974,,,,,,,,,,,,,,,
ADMIN,Haiti,5,false,-74.49,18.025,-71.639,20.09,26891.6,25937.9,-74.49,18.025,-71.639,19.946,683.866,-73.3,18.696,-72.805,18.972,183.149,-72.961,19.984,-72.627,20.09,46.9812,-73.708,18.057,-73.577,18.109,39.7172,-73.797,18.588,-73.714,18.64
ADMIN,Heard Island and McDonald Islands,1,false,73.236,-53.193,73.813,-52.961,394.833,394.833,73.236,-53.193,73.813,-52.961,,,,,,,,,,,,,,,,,,,,
ADMIN,Honduras,7,false,-89.364,12.979,-83.13,17.419,112236.0,111907.0,-89.364,12.979,-83.13,16.034,149.752,-86.607,16.269,-86.181,16.433,61.0256,-85.951,16.403,-85.816,16.518,48.6486,-87.66,13.304,-87.57,13.374,44.8899,-86.998,16.066,-86.872,16.128
ADMIN,Hong Kong S.A.R.,4,false,113.837,22.177,114.402,22.564,1036.2,793.165,113.896,22.258,114.402,22.564,147.545,113.837,22.197,114.055,22.346,81.5336,114.112,22.189,114.257,22.292,13.9606,114.104,22.177,114.155,22.236,,,,,
ADMIN,Hungary,1,false,16.094,45.741,22.878,48.57,93200.7,93200.7,16.094,45.741,22.878,48.57,,,,,,,,,,,,,,,,,,,,
ADMIN,Iceland,5,false,-24.54,63.396,-13.502,66.565,102390.0,102362.0,-24.54,63.396,-13.502,66.537,9.55926,-20.306,63.402,-20.252,63.452,7.69093,-17.824,63.68,-17.743,63.72,7.11048,-18.415,65.978,-18.356,66.028,3.90562,-18.02,66.533,-17.976,66.565
ADMIN,India,35,false,68.143,6.745,97.363,35.496,3.15074e6,3.14312e6,68.143,8.075,97.363,35.496,4259.86,92.524,11.494,93.081,13.579,969.69,93.649,6.745,93.93,7.242,725.116,92.375,10.507,92.599,10.896,221.28,88.042,21.625,88.168,21.87
ADMIN,Indian Ocean Territories,3,false,96.821,-12.2,105.715,-10.43,111.929,98.7207,105.581,-10.567,105.715,-10.43,7.67033,96.821,-12.198,96.87,-12.126,5.53751,96.888,-12.2,96.922,-12.161,,,,,,,,,,
ADMIN,Indonesia,264,false,95.012,-10.923,140.978,5.911,1.87983e6,529906.0,108.855,-4.185,119.012,4.397,427977.0,95.197,-5.931,106.08,5.655,381927.0,130.948,-9.107,140.978,-0.347,170046.0,118.757,-5.704,125.25,1.745,126179.0,105.216,-8.778,114.626,-5.881
ADMIN,Iran,12,false,44.014,25.059,63.32,39.772,1.62251e6,1.62068e6,44.014,25.059,63.32,39.772,1460.62,55.273,26.543,56.288,27.003,93.5975,53.902,26.488,54.053,26.566,83.1943,53.149,26.79,53.383,26.857,42.2584,56.322,26.827,56.41,26.894
ADMIN,Iraq,1,false,38.774,29.063,48.56,37.376,437367.0,437367.0,38.774,29.063,48.56,37.376,,,,,,,,,,,,,,,,,,,,
ADMIN,Ireland,7,false,-10.479,51.445,-5.993,55.387,69445.2,69177.2,-10.479,51.445,-5.993,55.387,154.14,-10.266,53.88,-9.922,54.023,29.5228,-9.812,53.09,-9.64,53.147,24.2115,-10.43,51.882,-10.297,51.932,23.0014,-9.721,53.226,-9.638,53.283
ADMIN,Isle of Man,1,false,-4.791,54.056,-4.311,54.42,574.809,574.809,-4.791,54.056,-4.311,54.42,,,,,,,,,,,,,,,,,,,,
ADMIN,Israel,1,false,34.248,29.489,35.889,33.407,22101.4,22101.4,34.248,29.489,35.889,33.407,,,,,,,,,,,,,,,,,,,,
ADMIN,Italy,29,false,6.602,35.489,18.518,47.086,301184.0,250834.0,6.602,37.919,18.518,47.086,25628.3,12.427,36.654,15.652,38.303,23860.7,8.133,38.864,9.827,41.263,232.567,10.101,42.708,10.444,42.874,114.637,8.346,38.96,8.484,39.119
ADMIN,Ivory Coast,2,false,-8.619,4.344,-2.506,10.727,320677.0,320613.0,-8.619,4.344,-2.506,10.727,64.7141,-3.277,5.091,-3.115,5.164,,,,,,,,,,,,,,,
ADMIN,Jamaica,1,false,-78.375,17.703,-76.187,18.526,11032.9,11032.9,-78.375,17.703,-76.187,18.526,,,,,,,,,,,,,,,,,,,,
ADMIN,Japan,109,false,122.938,24.212,153.986,45.521,373507.0,229140.0,130.861,33.433,142.071,41.547,78318.3,139.767,41.401,145.825,45.521,36951.0,129.552,31.003,132.085,33.967,18504.2,132.01,32.711,134.752,34.392,1296.19,127.635,26.084,128.338,26.887
ADMIN,Jersey,1,false,-2.243,49.171,-2.008,49.268,119.05,119.05,-2.243,49.171,-2.008,49.268,,,,,,,,,,,,,,,,,,,,
ADMIN,Jordan,1,false,34.949,29.189,39.292,33.372,88862.7,88862.7,34.949,29.189,39.292,33.372,,,,,,,,,,,,,,,,,,,,
ADMIN,Kazakhstan,6,false,46.478,40.584,87.324,55.435,2.71427e6,2.71386e6,46.478,40.584,87.324,55.435,111.855,52.552,45.396,52.703,45.528,88.0754,49.719,46.21,49.842,46.358,84.6226,49.986,44.817,50.19,45.08,71.9888,50.256,44.955,50.354,45.087
ADMIN,Kenya,2,false,33.89,-4.678,41.886,5.031,585702.0,585530.0,33.89,-4.678,41.886,5.031,172.239,40.957,-2.198,41.163,-2.036,,,,,,,,,,,,,,,
ADMIN,Kiribati,35,true,169.522,-11.462,-151.78,4.724,949.863,436.467,-157.582,1.709,-157.174,2.035,92.745,-159.411,3.784,-159.249,3.934,30.9804,-155.019,-4.095,-154.94,-4.031,28.2579,175.008,-1.553,175.069,-1.428,25.2279,174.716,-1.265,174.779,-1.134
ADMIN,Kosovo,1,false,20.024,41.844,21.773,43.264,10913.1,10913.1,20.024,41.844,21.773,43.264,,,,,,,,,,,,,,,,,,,,
ADMIN,Kuwait,4,false,46.532,28.533,48.433,30.099,17473.5,16682.7,46.532,28.533,48.433,30.099,703.898,48.046,29.599,48.36,29.996,57.9913,48.269,29.387,48.4,29.474,28.9703,48.009,29.969,48.11,30.03,,,,,
ADMIN,Kyrgyzstan,1,false,69.226,39.189,80.258,43.262,198990.0,198990.0,69.226,39.189,80.258,43.262,,,,,,,,,,,,,,,,,,,,
ADMIN,Laos,1,false,100.097,13.915,107.665,22.497,228114.0,228114.0,100.097,13.915,107.665,22.497,,,,,,,,,,,,,,,,,,,,
ADMIN,Latvia,1,false,20.968,55.666,28.218,58.076,64576.3,64576.3,20.968,55.666,28.218,58.076,,,,,,,,,,,,,,,,,,,,
ADMIN,Lebanon,1,false,35.099,33.055,36.605,34.688,10004.1,10004.1,35.099,33.055,36.605,34.688,,,,,,,,,,,,,,,,,,,,
ADMIN,Lesotho,1,false,27.002,-30.659,29.436,-28.57,30106.4,30106.4,27.002,-30.659,29.436,-28.57,,,,,,,,,,,,,,,,,,,,
ADMIN,Liberia,1,false,-11.477,4.347,-7.384,8.566,95298.2,95298.2,-11.477,4.347,-7.384,8.566,,,,,,,,,,,,,,,,,,,,
ADMIN,Libya,1,false,9.286,19.496,25.157,33.182,1.62376e6,1.62376e6,9.286,19.496,25.157,33.182,,,,,,,,,,,,,,,,,,,,
ADMIN,Liechtenstein,1,false,9.475,47.052,9.616,47.263,137.25,137.25,9.475,47.052,9.616,47.263,,,,,,,,,,,,,,,,,,,,
ADMIN,Lithuania,2,false,20.924,53.886,26.801,56.443,64938.8,64805.7,21.044,53.886,26.801,56.443,133.124,20.924,55.273,21.134,55.723,,,,,,,,,,,,,,,
ADMIN,Luxembourg,1,false,5.714,49.441,6.503,50.175,2608.48,2608.48,5.714,49.441,6.503,50.175,,,,,,,,,,,,,,,,,,,,
ADMIN,Macao S.A.R,2,false,113.519,22.105,113.588,22.221,30.0757,19.8575,113.532,22.105,113.588,22.166,10.2182,113.519,22.173,113.558,22.221,,,,,,,,,,,,,,,
ADMIN,Madagascar,3,false,43.222,-25.599,50.504,-11.943,592981.0,592482.0,43.222,-25.599,50.504,-11.943,288.708,48.188,-13.416,48.367,-13.195,211.01,49.817,-17.095,50.025,-16.69,,,,,,,,,,
ADMIN,Malawi,3,false,32.663,-17.136,35.905,-9.381,119398.0,119198.0,32.663,-17.136,35.905,-9.381,119.242,34.655,-12.125,34.763,-12.0,80.232,34.541,-12.073,34.642,-11.97,,,,,,,,,,
ADMIN,Malaysia,17,false,99.645,0.851,119.279,7.356,327885.0,194965.0,109.528,0.851,119.279,7.027,130471.0,100.127,1.27,104.295,6.708,428.885,117.056,7.102,117.284,7.356,369.693,99.645,6.261,99.917,6.471,347.856,111.299,2.359,111.414,2.785
ADMIN,Maldives,176,false,72.684,-0.689,73.754,7.108,108.742,34.9308,73.431,4.162,73.553,4.244,6.92209,73.131,6.725,73.167,6.788,6.4355,73.091,-0.642,73.119,-0.579,3.71963,73.353,2.384,73.368,2.438,3.18045,73.201,6.884,73.215,6.919
ADMIN,Mali,1,false,-12.265,10.14,4.236,24.996,1.25272e6,1.25272e6,-12.265,10.14,4.236,24.996,,,,,,,,,,,,,,,,,,,,
ADMIN,Malta,2,false,14.183,35.801,14.568,36.076,325.684,261.289,14.322,35.801,14.568,35.994,64.3952,14.183,36.013,14.335,36.076,,,,,,,,,,,,,,,
ADMIN,Marshall Islands,22,false,165.282,4.573,172.03,14.611,164.814,40.608,171.035,7.067,171.394,7.171,32.0341,169.59,5.798,169.735,6.014,23.6241,171.577,6.972,171.757,7.048,16.8805,168.675,7.292,168.831,7.336,10.6426,166.835,11.144,166.905,11.173
ADMIN,Mauritania,5,false,-17.082,14.734,-4.821,27.286,1.03639e6,1.03617e6,-17.082,14.734,-4.821,27.286,172.332,-16.464,19.601,-16.336,19.869,25.1187,-16.398,19.599,-16.301,19.731,12.0891,-16.497,19.677,-16.468,19.732,10.5357,-16.475,20.571,-16.446,20.615
ADMIN,Mauritius,3,false,56.524,-20.518,63.494,-10.323,2014.43,1901.15,57.303,-20.518,57.796,-19.979,99.261,63.332,-19.768,63.494,-19.669,14.0222,56.524,-10.407,56.57,-10.323,,,,,,,,,,
ADMIN,Mexico,51,false,-118.369,14.546,-86.7,32.713,1.95785e6,1.95216e6,-117.126,14.546,-86.741,32.713,1212.37,-112.584,28.746,-112.195,29.247,934.793,-113.594,28.984,-113.102,29.55,478.987,-87.023,20.26,-86.735,20.596,373.031,-115.359,28.027,-115.155,28.379
ADMIN,Moldova,1,false,26.617,45.461,30.132,48.487,33206.6,33206.6,26.617,45.461,30.132,48.487,,,,,,,,,,,,,,,,,,,,
ADMIN,Monaco,1,false,7.365,43.717,7.438,43.764,18.8396,18.8396,7.365,43.717,7.438,43.764,,,,,,,,,,,,,,,,,,,,
ADMIN,Mongolia,1,false,87.735,41.586,119.908,52.13,1.56466e6,1.56466e6,87.735,41.586,119.908,52.13,,,,,,,,,,,,,,,,,,,,
ADMIN,Montenegro,1,false,18.433,41.852,20.356,43.548,13727.5,13727.5,18.433,41.852,20.356,43.548,,,,,,,,,,,,,,,,,,,,
ADMIN,Montserrat,1,false,-62.231,16.675,-62.14,16.82,99.5971,99.5971,-62.231,16.675,-62.14,16.82,,,,,,,,,,,,,,,,,,,,
ADMIN,Morocco,1,false,-17.014,21.419,-1.031,35.927,591743.0,591743.0,-17.014,21.419,-1.031,35.927,,,,,,,,,,,,,,,,,,,,
ADMIN,Mozambique,4,false,30.213,-26.861,40.848,-10.469,788447.0,788151.0,30.213,-26.861,40.848,-10.469,146.692,39.817,-16.417,39.947,-16.275,106.771,35.426,-21.783,35.497,-21.529,42.2438,32.895,-26.058,32.983,-25.969,,,,,
ADMIN,Myanmar,39,false,92.174,9.79,101.174,28.539,663159.0,658368.0,92.174,9.987,101.174,28.539,573.578,93.641,19.276,93.974,19.561,458.439,93.484,18.673,93.76,18.911,446.502,98.302,12.325,98.471,12.688,442.545,94.382,15.839,94.668,16.246
ADMIN,Namibia,1,false,11.717,-28.96,25.26,-16.951,822713.0,822713.0,11.717,-28.96,25.26,-16.951,,,,,,,,,,,,,,,,,,,,
ADMIN,Nauru,1,false,166.906,-0.552,166.959,-0.49,28.7669,28.7669,166.906,-0.552,166.959,-0.49,,,,,,,,,,,,,,,,,,,,
ADMIN,Nepal,1,false,80.03,26.343,88.17,30.417,147106.0,147106.0,80.03,26.343,88.17,30.417,,,,,,,,,,,,,,,,,,,,
ADMIN,Netherlands,12,false,-68.418,12.022,7.199,53.559,37397.0,35679.9,3.447,50.747,7.199,53.461,824.651,3.349,51.205,4.222,51.417,269.13,-68.418,12.022,-68.19,12.311,220.36,3.686,51.623,4.1,51.749,161.077,4.707,52.994,4.914,53.188
ADMIN,New Caledonia,11,false,163.615,-22.671,171.344,-19.623,18841.1,16544.2,163.986,-22.396,167.035,-20.083,1165.8,167.02,-21.179,167.465,-20.672,679.263,167.808,-21.659,168.145,-21.335,161.195,166.479,-20.714,166.679,-20.383,135.198,167.418,-22.671,167.556,-22.538
ADMIN,New Zealand,26,true,165.886,-52.601,-171.185,-8.543,268499.0,150335.0,166.466,-46.682,174.327,-40.502,113968.0,172.674,-41.621,178.567,-34.397,1618.94,167.515,-47.278,168.261,-46.683,746.719,-176.855,-44.124,-176.169,-43.703,438.885,165.886,-50.861,166.303,-50.522
ADMIN,Nicaragua,5,false,-87.686,10.713,-82.725,15.031,128685.0,128624.0,-87.686,10.713,-83.13,15.031,35.2425,-82.809,14.361,-82.725,14.423,14.8976,-83.737,11.87,-83.705,11.988,9.31065,-83.056,12.143,-83.021,12.191,1.19353,-83.687,10.925,-83.665,10.939
ADMIN,Niger,1,false,0.152,11.695,15.971,23.518,1.1813e6,1.1813e6,0.152,11.695,15.971,23.518,,,,,,,,,,,,,,,,,,,,
ADMIN,Nigeria,3,false,2.671,4.272,14.67,13.881,907498.0,907203.0,2.671,4.272,14.67,13.881,185.67,7.138,4.382,7.333,4.533,109.896,7.336,4.434,7.585,4.499,,,,,,,,,,
ADMIN,Niue,1,false,-169.951,-19.143,-169.782,-18.964,220.574,220.574,-169.951,-19.143,-169.782,-18.964,,,,,,,,,,,,,,,,,,,,
ADMIN,Norfolk Island,1,false,167.912,-29.081,167.997,-28.997,41.1466,41.1466,167.912,-29.081,167.997,-28.997,,,,,,,,,,,,,,,,,,,,
ADMIN,North Korea,10,false,124.211,37.675,130.7,43.011,122379.0,122220.0,124.321,37.675,130.7,43.011,52.231,124.818,39.495,124.934,39.615,33.1329,124.79,38.494,124.904,38.556,23.7362,125.22,37.696,125.338,37.769,19.524,124.595,39.536,124.699,39.571
ADMIN,North Macedonia,1,false,20.444,40.849,23.01,42.371,25385.2,25385.2,20.444,40.849,23.01,42.371,,,,,,,,,,,,,,,,,,,,
ADMIN,Northern Cyprus,2,false,32.601,35.002,34.593,35.692,3319.43,3313.69,32.71,35.002,34.593,35.692,5.74342,32.601,35.163,32.641,35.188,,,,,,,,,,,,,,,
ADMIN,Northern Mariana Islands,12,false,144.902,14.11,145.869,20.556,579.305,132.438,145.682,15.096,145.824,15.273,109.966,145.577,14.915,145.668,15.083,96.9854,145.119,14.11,145.291,14.203,90.1658,145.713,18.053,145.84,18.176,62.614,145.632,18.722,145.71,18.809
ADMIN,Norway,120,false,-9.118,-54.463,33.641,80.771,382074.0,302210.0,4.926,57.993,31.077,71.128,38664.9,10.676,76.566,21.552,80.068,14541.0,17.782,79.188,27.24,80.518,5413.34,20.831,77.237,24.425,78.257,2133.17,14.986,68.253,16.577,68.971
ADMIN,Oman,6,false,51.978,16.642,59.845,26.386,311213.0,308808.0,51.978,16.642,59.845,24.979,1579.32,56.077,25.613,56.512,26.386,655.736,58.635,20.17,58.954,20.698,98.1838,56.206,25.211,56.35,25.332,60.8028,55.964,17.49,56.096,17.56
ADMIN,Pakistan,2,false,60.844,23.694,77.049,37.055,872939.0,872903.0,60.844,23.694,77.049,37.055,36.0725,67.375,24.007,67.486,24.063,,,,,,,,,,,,,,,
ADMIN,Palau,9,false,131.131,2.949,134.728,8.097,491.931,351.024,134.482,7.355,134.664,7.735,36.2985,134.347,7.219,134.464,7.317,22.242,134.23,6.984,134.286,7.075,22.0845,134.447,7.308,134.528,7.363,19.1608,131.131,3.018,131.193,3.061
ADMIN,Palestine,2,false,34.2,31.211,35.573,32.543,6074.38,5734.91,34.867,31.344,35.573,32.543,339.467,34.2,31.211,34.557,31.584,,,,,,,,,,,,,,,
ADMIN,Panama,15,false,-83.054,7.205,-77.163,9.63,74530.3,73379.7,-83.054,7.205,-77.163,9.63,490.227,-81.883,7.321,-81.588,7.645,253.668,-78.975,8.219,-78.834,8.475,76.3345,-81.252,7.49,-81.033,7.582,60.9529,-82.431,8.212,-82.314,8.294
ADMIN,Papua New Guinea,58,false,140.849,-11.637,155.968,-1.346,465147.0,400121.0,140.849,-10.702,150.875,-2.589,35831.5,148.324,-6.322,152.418,-4.142,8712.59,154.698,-6.877,155.968,-5.426,6929.51,150.738,-4.849,153.138,-2.555,1844.14,146.52,-2.229,147.445,-1.947
ADMIN,Paraguay,1,false,-62.651,-27.587,-54.245,-19.286,399901.0,399901.0,-62.651,-27.587,-54.245,-19.286,,,,,,,,,,,,,,,,,,,,
ADMIN,Peru,5,false,-81.338,-18.338,-68.684,-0.029,1.28987e6,1.28981e6,-81.338,-18.338,-68.684,-0.029,22.8883,-80.876,-6.477,-80.839,-6.374,18.0952,-77.254,-12.116,-77.181,-12.058,9.34685,-76.471,-13.857,-76.436,-13.822,9.31803,-76.221,-14.296,-76.175,-14.259
ADMIN,Philippines,97,false,116.954,4.655,126.618,21.123,293291.0,105515.0,119.755,12.535,124.189,18.646,94157.0,121.897,5.572,126.618,9.823,12890.7,122.395,9.035,123.576,10.997,12570.0,124.273,11.022,125.78,12.592,11581.9,121.853,10.43,123.175,11.934
ADMIN,Pitcairn Islands,4,false,-130.754,-25.078,-124.778,-23.924,42.5696,38.5422,-128.351,-24.414,-128.29,-24.324,3.17993,-130.121,-25.078,-130.086,-25.064,0.703702,-130.754,-23.935,-130.741,-23.924,0.143776,-124.798,-24.673,-124.778,-24.663,,,,,
ADMIN,Poland,1,false,14.123,48.994,24.144,54.839,313428.0,313428.0,14.123,48.994,24.144,54.839,,,,,,,,,,,,,,,,,,,,
ADMIN,Portugal,17,false,-31.285,30.029,-6.205,42.154,91390.2,87951.4,-9.498,36.986,-6.205,42.154,822.661,-25.86,37.706,-25.132,37.912,752.971,-17.253,32.641,-16.672,32.875,469.103,-28.549,38.377,-28.04,38.558,453.991,-27.392,38.631,-27.02,38.804
ADMIN,Puerto Rico,4,false,-67.938,17.922,-65.244,18.523,9005.96,8780.37,-67.271,17.922,-65.591,18.523,150.873,-65.581,18.087,-65.275,18.17,48.2083,-67.938,18.052,-67.844,18.117,26.5045,-65.335,18.279,-65.244,18.341,,,,,
ADMIN,Qatar,1,false,50.75,24.559,51.617,26.161,11150.1,11150.1,50.75,24.559,51.617,26.161,,,,,,,,,,,,,,,,,,,,
ADMIN,Republic of Serbia,1,false,18.844,42.234,22.985,46.174,77628.7,77628.7,18.844,42.234,22.985,46.174,,,,,,,,,,,,,,,,,,,,
ADMIN,Republic of the Congo,1,false,11.114,-5.02,18.643,3.709,344889.0,344889.0,11.114,-5.02,18.643,3.709,,,,,,,,,,,,,,,,,,,,
ADMIN,Romania,1,false,20.242,43.65,29.7,48.275,236377.0,236377.0,20.242,43.65,29.7,48.275,,,,,,,,,,,,,,,,,,,,
ADMIN,Russia,214,true,19.609,41.192,-168.994,81.859,1.69802e7,1.65312e7,27.328,41.192,180.0,77.738,110411.0,-180.0,64.24,-169.641,68.983,75494.2,141.639,45.9,144.757,54.427,46845.4,53.631,73.243,69.034,77.014,33096.3,51.401,70.544,57.639,73.426
ADMIN,Rwanda,1,false,28.857,-2.827,30.888,-1.058,25305.1,25305.1,28.857,-2.827,30.888,-1.058,,,,,,,,,,,,,,,,,,,,
ADMIN,Saint Barthelemy,1,false,-62.868,17.881,-62.791,17.93,24.4219,24.4219,-62.868,17.881,-62.791,17.93,,,,,,,,,,,,,,,,,,,,
ADMIN,Saint Helena,4,false,-14.418,-40.398,-5.65,-7.877,366.653,124.923,-5.79,-16.016,-5.65,-15.902,88.9086,-14.418,-7.98,-14.294,-7.877,79.4962,-12.336,-37.15,-12.191,-37.055,73.3248,-10.04,-40.398,-9.895,-40.301,,,,,
ADMIN,Saint Kitts and Nevis,2,false,-62.862,17.1,-62.536,17.416,264.122,175.53,-62.862,17.217,-62.624,17.416,88.5919,-62.627,17.1,-62.536,17.203,,,,,,,,,,,,,,,
ADMIN,Saint Lucia,1,false,-61.079,13.714,-60.882,14.112,605.133,605.133,-61.079,13.714,-60.882,14.112,,,,,,,,,,,,,,,,,,,,
ADMIN,Saint Martin,1,false,-63.147,18.033,-63.01,18.123,68.2815,68.2815,-63.147,18.033,-63.01,18.123,,,,,,,,,,,,,,,,,,,,
ADMIN,Saint Pierre and Miquelon,2,false,-56.397,46.752,-56.144,47.142,242.763,212.777,-56.397,46.78,-56.235,47.142,29.9863,-56.241,46.752,-56.144,46.812,,,,,,,,,,,,,,,
ADMIN,Saint Vincent and the Grenadines,5,false,-61.46,12.585,-61.123,13.381,367.728,329.506,-61.28,13.132,-61.123,13.381,20.9284,-61.278,12.974,-61.193,13.052,7.65319,-61.354,12.693,-61.314,12.734,6.83838,-61.46,12.585,-61.426,12.61,2.80259,-61.192,12.855,-61.174,12.884
ADMIN,Samoa,2,false,-172.783,-14.053,-171.437,-13.462,2780.42,1645.49,-172.783,-13.806,-172.175,-13.462,1134.93,-172.064,-14.053,-171.437,-13.805,,,,,,,,,,,,,,,
ADMIN,San Marino,1,false,12.385,43.892,12.493,43.983,60.3174,60.3174,12.385,43.892,12.493,43.983,,,,,,,,,,,,,,,,,,,,
ADMIN,Saudi Arabia,11,false,34.572,16.37,55.638,32.122,1.92173e6,1.9208e6,34.572,16.37,55.638,32.122,408.743,41.755,16.583,42.189,16.897,163.245,41.834,16.76,42.002,17.014,73.8869,36.776,25.361,36.962,25.497,66.2316,36.491,25.549,36.684,25.703
ADMIN,Scarborough Reef,1,false,117.751,15.15,117.756,15.155,0.0977859,0.0977859,117.751,15.15,117.756,15.155,,,,,,,,,,,,,,,,,,,,
ADMIN,Senegal,1,false,-17.537,12.305,-11.377,16.692,196225.0,196225.0,-17.537,12.305,-11.377,16.692,,,,,,,,,,,,,,,,,,,,
ADMIN,Serranilla Bank,1,false,-78.641,15.862,-78.636,15.868,0.105289,0.105289,-78.641,15.862,-78.636,15.868,,,,,,,,,,,,,,,,,,,,
ADMIN,Seychelles,26,false,46.207,-9.756,56.288,-3.791,435.664,163.897,55.365,-4.804,55.538,-4.56,122.564,46.207,-9.453,46.526,-9.337,41.8156,55.677,-4.359,55.788,-4.29,33.6625,46.276,-9.358,46.428,-9.326,22.3282,55.221,-4.505,55.27,-4.444
ADMIN,Siachen Glacier,1,false,76.777,35.11,77.801,35.648,2088.06,2088.06,76.777,35.11,77.801,35.648,,,,,,,,,,,,,,,,,,,,
ADMIN,Sierra Leone,2,false,-13.302,6.919,-10.282,9.997,71611.6,70990.1,-13.302,6.919,-10.282,9.997,621.527,-12.952,7.389,-12.492,7.64,,,,,,,,,,,,,,,
ADMIN,Singapore,1,false,103.64,1.264,104.004,1.449,510.503,510.503,103.64,1.264,104.004,1.449,,,,,,,,,,,,,,,,,,,,
ADMIN,Sint Maarten,1,false,-63.119,18.019,-63.017,18.063,23.358,23.358,-63.119,18.019,-63.017,18.063,,,,,,,,,,,,,,,,,,,,
ADMIN,Slovakia,1,false,16.844,47.75,22.54,49.602,48457.9,48457.9,16.844,47.75,22.54,49.602,,,,,,,,,,,,,,,,,,,,
ADMIN,Slovenia,1,false,13.365,45.423,16.516,46.864,20327.0,20327.0,13.365,45.423,16.516,46.864,,,,,,,,,,,,,,,,,,,,
ADMIN,Solomon Islands,48,false,155.507,-12.291,168.826,-6.599,27198.8,5346.89,159.592,-9.938,160.827,-9.247,3858.44,160.581,-9.625,161.394,-8.302,3672.84,158.445,-8.563,159.901,-7.531,3066.37,161.28,-10.845,162.393,-10.2,2863.25,156.446,-7.433,157.53,-6.599
ADMIN,Somalia,1,false,40.965,-1.697,51.418,11.99,471815.0,471815.0,40.965,-1.697,51.418,11.99,,,,,,,,,,,,,,,,,,,,
ADMIN,Somaliland,1,false,42.647,7.996,48.94,11.499,167407.0,167407.0,42.647,7.996,48.94,11.499,,,,,,,,,,,,,,,,,,,,
ADMIN,South Africa,3,false,16.469,-46.966,37.978,-22.126,1.21982e6,1.2195e6,16.469,-34.822,32.894,-22.126,276.031,37.575,-46.966,37.896,-46.822,43.8529,37.861,-46.655,37.978,-46.598,,,,,,,,,,
ADMIN,South Georgia and the Islands,12,false,-38.088,-59.473,-26.239,-53.972,3921.5,3609.51,-38.033,-54.888,-35.784,-53.972,108.231,-26.458,-58.499,-26.239,-58.381,44.3436,-26.658,-59.068,-26.499,-59.001,38.556,-26.514,-57.813,-26.356,-57.738,28.42,-27.212,-56.725,-27.092,-56.675
ADMIN,South Korea,53,false,124.613,33.197,131.863,38.625,98543.9,93717.3,126.128,34.292,129.588,38.625,1867.85,126.161,33.197,126.954,33.564,394.415,128.488,34.705,128.749,35.033,338.394,126.103,34.352,126.382,34.576,304.666,127.826,34.695,128.075,34.941
ADMIN,South Sudan,1,false,24.121,3.49,35.921,12.217,626859.0,626859.0,24.121,3.49,35.921,12.217,,,,,,,,,,,,,,,,,,,,
ADMIN,Southern Patagonian Ice Field,1,false,-73.589,-49.76,-73.057,-49.272,1408.88,1408.88,-73.589,-49.76,-73.057,-49.272,,,,,,,,,,,,,,,,,,,,
ADMIN,Spain,23,false,-18.168,27.642,4.338,43.794,506885.0,494247.0,-9.292,36.006,3.318,43.794,3688.76,2.35,39.269,3.475,39.969,2003.94,-16.917,27.997,-16.117,28.584,1638.2,-14.508,28.05,-13.821,28.754,1558.42,-15.822,27.734,-15.363,28.18
ADMIN,Spratly Islands,12,false,114.027,9.679,115.849,11.118,11.9804,2.38175,115.812,10.72,115.834,10.736,1.84074,115.829,10.822,115.849,10.834,1.25933,114.358,10.175,114.372,10.188,1.21484,114.271,11.04,114.287,11.051,1.08026,115.009,11.107,115.022,11.118
ADMIN,Sri Lanka,5,false,79.655,5.923,81.891,9.83,66291.1,65966.2,79.696,5.923,81.891,9.83,109.4,79.698,8.973,79.917,9.104,96.5542,79.84,9.617,79.978,9.761,79.2401,81.725,7.479,81.824,7.74,39.791,79.655,9.483,79.731,9.556
ADMIN,Sudan,2,false,21.809,8.681,38.604,22.227,1.85562e6,1.85558e6,21.809,8.681,38.604,22.227,33.2824,37.243,20.749,37.284,20.856,,,,,,,,,,,,,,,
ADMIN,Suriname,1,false,-58.068,1.833,-53.986,6.012,145123.0,145123.0,-58.068,1.833,-53.986,6.012,,,,,,,,,,,,,,,,,,,,
ADMIN,Sweden,41,false,11.108,55.342,24.164,69.037,446173.0,440539.0,11.108,55.342,24.164,69.037,2957.38,18.099,56.912,19.086,57.924,1259.69,16.391,56.217,17.125,57.359,321.507,11.406,58.072,11.816,58.292,122.636,11.497,57.935,11.746,58.065
ADMIN,Switzerland,1,false,5.954,45.82,10.467,47.802,41435.5,41435.5,5.954,45.82,10.467,47.802,,,,,,,,,,,,,,,,,,,,
ADMIN,Syria,1,false,35.723,32.313,42.378,37.325,185940.0,185940.0,35.723,32.313,42.378,37.325,,,,,,,,,,,,,,,,,,,,
ADMIN,São Tomé and Principe,2,false,6.461,0.024,7.463,1.7,1037.16,880.889,6.461,0.024,6.761,0.411,156.267,7.329,1.531,7.463,1.7,,,,,,,,,,,,,,,
ADMIN,Taiwan,8,false,118.279,21.904,122.006,25.288,36197.9,35857.6,120.052,21.904,122.006,25.288,154.039,118.279,24.39,118.468,24.528,66.7841,119.527,23.516,119.671,23.611,48.6484,121.492,22.007,121.589,22.083,19.6105,119.442,23.562,119.518,23.651
ADMIN,Tajikistan,3,false,67.342,36.678,75.165,41.04,142239.0,142089.0,67.342,36.678,75.165,41.04,119.447,70.482,39.766,70.707,39.883,30.4997,70.549,40.935,70.646,41.019,,,,,,,,,,
ADMIN,Thailand,20,false,97.351,5.629,105.651,20.446,514453.0,512523.0,97.351,5.629,105.651,20.446,557.039,98.254,7.767,98.44,8.192,234.479,99.926,9.418,100.091,9.587,219.921,102.249,11.961,102.444,12.154,145.225,99.6,6.492,99.705,6.724
ADMIN,The Bahamas,44,false,-79.595,20.912,-72.746,26.929,12603.9,3574.05,-78.443,24.272,-77.718,25.207,1580.41,-73.704,20.912,-73.004,21.341,1403.3,-77.943,23.72,-77.516,24.303,1310.73,-77.963,25.885,-77.014,26.929,1060.64,-78.998,26.491,-77.902,26.811
ADMIN,Togo,1,false,-0.167,6.1,1.783,11.135,56863.4,56863.4,-0.167,6.1,1.783,11.135,,,,,,,,,,,,,,,,,,,,
ADMIN,Tonga,10,false,-176.22,-22.339,-173.914,-15.559,603.109,257.336,-175.365,-21.268,-175.05,-21.062,119.437,-174.073,-18.706,-173.914,-18.566,78.7344,-174.984,-21.455,-174.908,-21.284,41.8299,-175.101,-19.802,-175.046,-19.711,41.1203,-175.687,-15.625,-175.612,-15.559
ADMIN,Trinidad and Tobago,2,false,-61.929,10.042,-60.522,11.352,5122.92,4832.09,-61.929,10.042,-60.907,10.846,290.829,-60.848,11.143,-60.522,11.352,,,,,,,,,,,,,,,
ADMIN,Tunisia,4,false,7.479,30.228,11.565,37.346,156613.0,155958.0,7.479,30.228,11.565,37.346,496.054,10.727,33.64,11.061,33.897,110.641,11.122,34.663,11.305,34.826,48.763,10.964,34.62,11.111,34.672,,,,,
ADMIN,Turkey,6,false,25.663,35.819,44.807,42.099,780080.0,756231.0,26.069,35.819,44.807,42.099,23386.6,26.033,40.049,29.11,42.098,291.085,25.663,40.097,26.013,40.243,108.361,27.526,40.576,27.733,40.664,40.7514,25.978,39.784,26.084,39.846
ADMIN,Turkmenistan,3,false,52.437,35.14,66.646,42.792,470849.0,470734.0,52.437,35.14,66.646,42.792,75.9115,53.026,38.755,53.103,39.098,39.0874,53.462,39.508,53.54,39.598,,,,,,,,,,
ADMIN,Turks and Caicos Islands,12,false,-72.482,21.29,-71.128,21.96,445.213,134.233,-71.851,21.743,-71.63,21.857,98.3301,-72.341,21.748,-72.124,21.863,97.7804,-72.037,21.828,-71.857,21.96,50.3016,-71.591,21.662,-71.451,21.767,19.5851,-72.482,21.63,-72.433,21.71
ADMIN,Tuvalu,9,false,176.125,-9.421,179.907,-5.677,23.0184,8.59585,179.191,-8.543,179.218,-8.46,5.51829,178.665,-7.499,178.695,-7.454,2.95361,178.373,-8.071,178.391,-8.026,2.04384,176.125,-5.707,176.149,-5.677,1.81098,177.337,-6.122,177.357,-6.108
ADMIN,US Naval Base Guantanamo Bay,2,false,-75.233,19.891,-75.094,19.972,65.3528,38.1247,-75.166,19.891,-75.094,19.972,27.2281,-75.233,19.9,-75.156,19.971,,,,,,,,,,,,,,,
ADMIN,Uganda,1,false,29.548,-1.476,35.007,4.22,241854.0,241854.0,29.548,-1.476,35.007,4.22,,,,,,,,,,,,,,,,,,,,
ADMIN,Ukraine,4,false,22.132,45.213,40.16,52.369,571999.0,571823.0,22.132,45.213,40.16,52.369,81.188,31.504,46.149,32.167,46.374,53.3131,32.619,46.012,33.058,46.067,41.8472,29.73,45.591,30.126,45.812,,,,,
ADMIN,United Arab Emirates,10,false,51.569,22.62,56.384,26.075,71085.0,70368.8,51.569,22.62,56.384,26.075,285.091,53.627,24.13,53.965,24.276,125.203,53.184,24.262,53.448,24.413,82.6127,52.556,24.253,52.651,24.374,63.4393,54.334,24.42,54.471,24.523
ADMIN,United Kingdom,57,false,-13.692,49.909,1.772,60.848,243783.0,218624.0,-6.237,49.959,1.772,58.678,14238.7,-8.174,54.034,-5.43,55.249,2111.62,-7.127,57.733,-6.15,58.513,1618.09,-6.784,57.028,-5.647,57.703,935.468,-1.691,59.854,-1.034,60.644
ADMIN,United Republic of Tanzania,7,false,29.321,-11.732,40.45,-0.985,941505.0,938516.0,29.321,-11.732,40.45,-0.985,1556.84,39.177,-6.463,39.575,-5.718,892.421,39.643,-5.455,39.879,-4.89,422.291,39.587,-7.994,39.911,-7.637,67.764,39.696,-8.093,39.802,-7.991
ADMIN,United States Minor Outlying Islands,13,true,166.619,-0.389,-75.002,28.216,28.0046,7.05155,-162.104,5.869,-162.057,5.891,4.82956,-75.031,18.395,-75.002,18.418,3.91612,166.619,19.275,166.653,19.306,2.97682,-177.39,28.197,-177.357,28.216,2.71326,-162.401,6.43,-162.385,6.446
ADMIN,United States Virgin Islands,3,false,-65.042,17.682,-64.559,18.387,354.793,213.478,-64.896,17.682,-64.559,17.793,81.885,-65.042,18.304,-64.84,18.387,59.4292,-64.802,18.303,-64.66,18.374,,,,,,,,,,
ADMIN,United States of America,344,true,172.476,18.906,-66.977,71.413,9.46422e6,7.93089e6,-124.735,25.121,-66.977,49.37,1.42751e6,-168.138,54.762,-129.989,71.413,10523.3,-156.061,18.906,-154.814,20.264,9422.7,-154.811,56.741,-152.147,58.011,6718.03,-133.635,54.693,-131.948,56.353
ADMIN,Uruguay,1,false,-58.44,-34.974,-53.11,-30.096,177342.0,177342.0,-58.44,-34.974,-53.11,-30.096,,,,,,,,,,,,,,,,,,,,
ADMIN,Uzbekistan,3,false,55.975,37.185,73.149,45.559,447831.0,447374.0,55.975,37.185,73.149,45.559,399.439,70.952,39.874,71.245,40.158,58.3037,71.665,39.9,71.79,39.99,,,,,,,,,,
ADMIN,Vanuatu,27,false,166.52,-20.254,169.899,-13.064,12296.6,4078.04,166.522,-15.659,167.248,-14.625,2104.39,167.144,-16.588,167.844,-15.867,890.088,168.982,-19.0,169.337,-18.618,887.607,168.151,-17.824,168.586,-17.532,691.211,167.912,-16.362,168.33,-16.08
ADMIN,Vatican,1,false,12.452,41.902,12.455,41.904,0.0122038,0.0122038,12.452,41.902,12.455,41.904,,,,,,,,,,,,,,,,,,,,
ADMIN,Venezuela,29,false,-73.392,0.649,-59.815,15.703,912684.0,909122.0,-73.392,0.649,-59.815,12.199,1029.99,-64.409,10.857,-63.787,11.18,958.016,-61.177,8.595,-60.686,8.893,203.027,-61.271,8.507,-60.992,8.611,201.15,-61.092,8.822,-60.838,9.034
ADMIN,Vietnam,25,false,102.118,8.565,109.473,23.367,328892.0,326814.0,102.118,8.565,109.473,23.367,557.1,103.846,10.007,104.086,10.451,229.499,106.751,10.405,106.875,10.667,224.38,107.372,21.047,107.607,21.278,162.052,106.909,20.704,107.108,20.877
ADMIN,Wallis and Futuna,2,false,-178.186,-14.32,-176.125,-13.208,139.33,75.9853,-176.2,-13.351,-176.125,-13.208,63.3447,-178.186,-14.32,-178.046,-14.232,,,,,,,,,,,,,,,
ADMIN,Western Sahara,1,false,-17.105,20.766,-8.68,27.662,90495.4,90495.4,-17.105,20.766,-8.68,27.662,,,,,,,,,,,,,,,,,,,,
ADMIN,Yemen,9,false,42.545,12.111,54.541,18.996,453075.0,448951.0,42.61,12.598,53.091,18.996,3621.13,53.306,12.3,54.541,12.715,145.298,52.064,12.146,52.395,12.242,114.748,42.691,13.919,42.802,14.072,108.514,42.545,15.268,42.636,15.458
ADMIN,Zambia,1,false,21.979,-18.07,33.675,-8.194,751914.0,751914.0,21.979,-18.07,33.675,-8.194,,,,,,,,,,,,,,,,,,,,
ADMIN,Zimbabwe,1,false,25.219,-22.398,33.043,-15.614,389338.0,389338.0,25.219,-22.398,33.043,-15.614,,,,,,,,,,,,,,,,,,,,
ADMIN,eSwatini,1,false,30.782,-27.317,32.118,-25.735,17111.9,17111.9,30.782,-27.317,32.118,-25.735,,,,,,,,,,,,,,,,,,,,
GEOUNIT,Afghanistan,1,false,60.486,29.386,74.893,38.474,642181.0,642181.0,60.486,29.386,74.893,38.474,,,,,,,,,,,,,,,,,,,,
GEOUNIT,Ajaria,1,false,41.52,41.421,42.587,41.903,2955.74,2955.74,41.52,41.421,42.587,41.903,,,,,,,,,,,,,,,,,,,,
GEOUNIT,Akrotiri Sovereign Base Area,1,false,32.76,34.568,33.031,34.701,98.685,98.685,32.76,34.568,33.031,34.701,,,,,,,,,,,,,,,,,,,,
GEOUNIT,Aland,16,false,19.513,59.904,21.097,60.481,942.066,587.757,19.646,60.047,20.278,60.406,78.7094,20.025,59.971,20.226,60.095,77.9982,19.513,60.129,19.675,60.261,31.6636,20.281,59.953,20.448,60.021,30.1463,20.198,60.06,20.298,60.15
GEOUNIT,Albania,1,false,19.272,39.637,21.037,42.655,28335.8,28335.8,19.272,39.637,21.037,42.655,,,,,,,,,,,,,,,,,,,,
GEOUNIT,Algeria,1,false,-8.683,18.975,11.969,37.094,2.30886e6,2.30886e6,-8.683,18.975,11.969,37.094,,,,,,,,,,,,,,,,,,,,
GEOUNIT,American Samoa,5,false,-171.087,-14.533,-168.16,-11.051,180.304,131.452,-170.832,-14.375,-170.567,-14.252,39.9002,-169.543,-14.272,-169.44,-14.222,6.06747,-169.677,-14.19,-169.635,-14.168,1.86652,-171.087,-11.067,-171.072,-11.051,1.0177,-168.174,-14.533,-168.16,-14.519
GEOUNIT,Andorra,1,false,1.406,42.428,1.766,42.65,452.239,452.239,1.406,42.428,1.766,42.65,,,,,,,,,,,,,,,,,,,,
GEOUNIT,Angola,3,false,11.669,-18.032,24.062,-4.391,1.24465e6,1.23787e6,11.735,-18.032,24.062,-5.841,6701.71,12.009,-5.764,13.074,-4.391,84.4009,11.669,-16.706,11.739,-16.5,,,,,,,,,,
GEOUNIT,Anguilla,6,false,-63.429,18.169,-62.925,18.602,87.4201,80.424,-63.168,18.169,-62.972,18.277,3.97369,-62.961,18.274,-62.925,18.298,2.27211,-63.263,18.272,-63.236,18.287,0.283438,-63.193,18.265,-63.179,18.27,0.252154,-63.429,18.592,-63.423,18.602
GEOUNIT,Antarctica,179,false,-180.0,-90.0,180.0,-60.516,1.23582e7,1.21577e7,-180.0,-90.0,180.0,-63.214,48169.6,-75.439,-72.675,-68.161,-68.78,45479.8,-54.413,-80.878,-42.936,-77.772,11287.1,-102.324,-72.584,-95.428,-71.756,7860.64,-164.327,-79.855,-158.953,-78.706
GEOUNIT,Antigua,2,false,-62.349,16.931,-61.667,17.169,282.311,281.942,-61.895,16.989,-61.667,17.169,0.36913,-62.349,16.931,-62.342,16.941,,,,,,,,,,,,,,,
GEOUNIT,Argentina,8,false,-73.573,-55.053,-53.661,-21.786,2.7829e6,2.76123e6,-73.573,-52.391,-53.661,-21.786,20552.5,-68.642,-55.053,-65.141,-52.639,499.264,-64.759,-54.904,-63.812,-54.705,229.265,-62.238,-40.565,-62.028,-40.374,172.847,-62.099,-39.241,-61.859,-39.085
GEOUNIT,Armenia,2,false,43.436,38.863,46.603,41.291,29588.2,29553.0,43.436,38.863,46.603,41.291,35.2439,45.471,40.601,45.561,40.661,,,,,,,,,,,,,,,
GEOUNIT,Aruba,1,false,-70.063,12.417,-69.876,12.633,169.766,169.766,-70.063,12.417,-69.876,12.633,,,,,,,,,,,,,,,,,,,,
GEOUNIT,Ashmore and Cartier Islands,1,false,123.575,-12.439,123.598,-12.426,2.69549,2.69549,123.575,-12.439,123.598,-12.426,,,,,,,,,,,,,,,,,,,,
GEOUNIT,Australia,94,false,112.919,-54.751,159.107,-9.24,7.69117e6,7.5987e6,113.156,-39.145,153.631,-10.687,64338.7,144.605,-43.642,148.365,-40.64,5817.76,130.365,-11.934,131.539,-11.153,4463.47,136.532,-36.083,138.13,-35.582,2307.13,136.324,-14.299,136.979,-13.647
GEOUNIT,Austria,1,false,9.521,46.378,17.149,49.01,83993.2,83993.2,9.521,46.378,17.149,49.01,,,,,,,,,,,,,,,,,,,,
GEOUNIT,Azerbaijan,6,false,44.774,38.392,50.626,41.891,86249.9,81390.6,45.002,38.392,50.392,41.891,4782.87,44.774,38.862,46.136,39.771,26.8109,44.96,41.023,45.03,41.083,26.1924,50.326,40.399,50.397,40.482,16.0301,50.562,40.299,50.626,40.338
GEOUNIT,Azores,9,false,-31.285,36.934,-25.012,39.729,2607.82,822.661,-25.86,37.706,-25.132,37.912,469.103,-28.549,38.377,-28.04,38.558,453.991,-27.392,38.631,-27.02,38.804,258.573,-28.316,38.541,-27.76,38.756,188.754,-31.285,39.355,-31.131,39.523
GEOUNIT,Bahrain,7,false,50.38,25.579,50.82,26.288,688.118,584.947,50.448,25.789,50.646,26.243,42.7155,50.737,25.579,50.801,25.732,32.0991,50.599,26.202,50.685,26.288,19.4847,50.38,26.119,50.424,26.175,5.6449,50.785,25.63,50.817,25.653
GEOUNIT,Bajo Nuevo Bank (Petrel Is.),1,false,-79.99,15.794,-79.986,15.797,0.0358638,0.0358638,-79.99,15.794,-79.986,15.797,,,,,,,,,,,,,,,,,,,,
GEOUNIT,Baker Island,2,false,-176.486,0.19,-176.459,0.226,0.714873,0.52531,-176.486,0.19,-176.475,0.198,0.189563,-176.464,0.219,-176.459,0.226,,,,,,,,,,,,,,,
GEOUNIT,Bangladesh,22,false,88.021,20.738,92.643,26.624,136904.0,133774.0,88.021,20.738,92.643,26.624,1299.46,90.553,21.992,90.856,22.788,330.582,91.005,22.089,91.187,22.392,301.896,91.847,21.48,91.984,21.782,198.315,90.455,22.711,90.679,22.882
GEOUNIT,Barbados,1,false,-59.655,13.051,-59.426,13.345,444.223,444.223,-59.655,13.051,-59.426,13.345,,,,,,,,,,,,,,,,,,,,
GEOUNIT,Barbuda,1,false,-61.874,17.545,-61.727,17.728,169.539,169.539,-61.874,17.545,-61.727,17.728,,,,,,,,,,,,,,,,,,,,
GEOUNIT,Baykonur Cosmodrome,1,false,62.8,45.565,63.968,46.391,6501.49,6501.49,62.8,45.565,63.968,46.391,,,,,,,,,,,,,,,,,,,,
GEOUNIT,Belarus,1,false,23.165,51.235,32.72,56.157,207499.0,207499.0,23.165,51.235,32.72,56.157,,,,,,,,,,,,,,,,,,,,
GEOUNIT,Belize,10,false,-89.237,15.879,-87.783,18.491,22299.4,22010.2,-89.237,15.879,-88.083,18.491,109.906,-88.01,17.902,-87.847,18.17,91.5241,-87.941,17.278,-87.783,17.546,26.6794,-88.168,17.669,-88.071,17.735,22.4183,-87.839,17.292,-87.797,17.4
GEOUNIT,Benin,1,false,0.759,6.213,3.838,12.4,116113.0,116113.0,0.759,6.213,3.838,12.4,,,,,,,,,,,,,,,,,,,,
GEOUNIT,Bermuda,2,false,-64.886,32.248,-64.647,32.389,62.302,60.3766,-64.886,32.248,-64.647,32.389,1.92541,-64.833,32.281,-64.799,32.29,,,,,,,,,,,,,,,
GEOUNIT,Bhutan,1,false,88.73,26.696,92.089,28.359,40421.3,40421.3,88.73,26.696,92.089,28.359,,,,,,,,,,,,,,,,,,,,
GEOUNIT,Bir Tawil,1,false,33.181,21.71,34.085,21.996,2019.46,2019.46,33.181,21.71,34.085,21.996,,,,,,,,,,,,,,,,,,,,
GEOUNIT,Bolivia,1,false,-69.667,-22.898,-57.465,-9.679,1.08681e6,1.08681e6,-69.667,-22.898,-57.465,-9.679,,,,,,,,,,,,,,,,,,,,
GEOUNIT,Bosnia and Herzegovina,3,false,15.716,42.574,19.058,45.219,28814.4,28219.3,15.716,42.574,19.058,45.219,329.504,18.48,44.841,18.843,45.101,265.561,18.143,44.987,18.452,45.158,,,,,,,,,,
GEOUNIT,Botswana,1,false,19.978,-26.892,29.351,-17.781,579029.0,579029.0,19.978,-26.892,29.351,-17.781,,,,,,,,,,,,,,,,,,,,
GEOUNIT,Bougainville,5,false,154.134,-6.877,155.968,-3.206,9403.79,8712.59,154.698,-6.877,155.968,-5.426,601.061,154.535,-5.46,154.728,-5.013,47.7493,154.553,-3.461,154.738,-3.206,32.1138,154.178,-4.581,154.255,-4.464,10.2749,154.134,-4.439,154.159,-4.369
GEOUNIT,Bouvet Island,1,false,3.345,-54.463,3.487,-54.38,55.2098,55.2098,3.345,-54.463,3.487,-54.38,,,,,,,,,,,,,,,,,,,,
GEOUNIT,Brazil,43,false,-74.019,-33.743,-28.877,5.268,8.47266e6,8.41812e6,-74.019,-33.743,-34.793,5.268,38765.2,-50.814,-1.833,-48.366,-0.099,3964.38,-51.955,-1.484,-51.149,-0.518,2291.76,-50.384,-0.053,-49.528,0.387,1125.15,-51.039,-0.331,-50.627,0.047
GEOUNIT,Brazilian Island,1,false,-57.643,-30.194,-57.602,-30.182,2.82463,2.82463,-57.643,-30.194,-57.602,-30.182,,,,,,,,,,,,,,,,,,,,
GEOUNIT,Brcko District,1,false,18.748,44.744,18.976,44.893,153.524,153.524,18.748,44.744,18.976,44.893,,,,,,,,,,,,,,,,,,,,
GEOUNIT,British Indian Ocean Territory,10,false,71.26,-7.433,72.495,-5.226,49.0614,31.4859,72.357,-7.433,72.485,-7.268,10.5531,72.439,-7.362,72.495,-7.226,3.76964,71.338,-6.205,71.361,-6.177,1.1329,71.26,-6.389,71.269,-6.37,0.506538,71.762,-5.441,71.775,-5.431
GEOUNIT,British Virgin Islands,6,false,-64.774,18.334,-64.27,18.747,144.938,63.756,-64.715,18.383,-64.516,18.455,34.1428,-64.409,18.7,-64.27,18.747,33.0646,-64.444,18.443,-64.326,18.512,6.4657,-64.774,18.437,-64.724,18.455,4.70896,-64.604,18.334,-64.567,18.361
GEOUNIT,Brunei,2,false,113.998,4.016,115.361,5.058,5716.64,4417.71,113.998,4.016,115.104,5.058,1298.93,115.022,4.313,115.361,4.909,,,,,,,,,,,,,,,
GEOUNIT,Brussels Capital Region,1,false,4.245,50.764,4.48,50.915,164.538,164.538,4.245,50.764,4.48,50.915,,,,,,,,,,,,,,,,,,,,
GEOUNIT,Bulgaria,1,false,22.345,41.238,28.604,44.229,112760.0,112760.0,22.345,41.238,28.604,44.229,,,,,,,,,,,,,,,,,,,,
GEOUNIT,Burkina Faso,1,false,-5.523,9.391,2.391,15.08,272769.0,272769.0,-5.523,9.391,2.391,15.08,,,,,,,,,,,,,,,,,,,,
GEOUNIT,Burundi,1,false,28.986,-4.464,30.834,-2.303,27041.2,27041.2,28.986,-4.464,30.834,-2.303,,,,,,,,,,,,,,,,,,,,
GEOUNIT,Cabo Verde,11,false,-25.361,14.803,-22.666,17.197,3926.72,961.382,-23.793,14.907,-23.443,15.333,741.664,-25.361,16.917,-24.971,17.197,635.576,-22.964,15.982,-22.666,16.244,460.234,-24.527,14.815,-24.292,15.046,335.782,-24.431,16.482,-24.032,16.682
GEOUNIT,Cambodia,6,false,102.313,10.415,107.611,14.705,181060.0,180798.0,102.313,10.415,107.611,14.705,103.027,102.981,11.255,103.049,11.427,70.384,103.198,10.672,103.319,10.783,33.6291,103.743,10.453,103.806,10.517,32.421,102.995,11.426,103.051,11.53
GEOUNIT,Cameroon,1,false,8.505,1.654,16.208,13.082,464318.0,464318.0,8.505,1.654,16.208,13.082,,,,,,,,,,,,,,,,,,,,
GEOUNIT,Canada,412,false,-141.006,41.669,-52.616,83.117,9.94563e6,8.13806e6,-141.006,41.669,-55.616,72.003,514388.0,-90.119,61.858,-61.267,73.856,220425.0,-119.138,68.454,-100.872,73.385,203079.0,-74.713,43.47,-60.968,49.267,198129.0,-91.957,76.129,-61.085,83.117
GEOUNIT,Caribbean Netherlands,3,false,-68.418,12.022,-62.945,17.647,295.229,269.13,-68.418,12.022,-68.19,12.311,19.0348,-62.998,17.464,-62.945,17.526,7.06432,-63.252,17.614,-63.223,17.647,,,,,,,,,,
GEOUNIT,Cayman Islands,3,false,-81.417,19.263,-79.726,19.758,309.202,222.812,-81.417,19.263,-81.086,19.395,46.8189,-79.894,19.679,-79.726,19.758,39.5708,-80.114,19.654,-79.964,19.715,,,,,,,,,,
GEOUNIT,Central African Republic,1,false,14.387,2.236,27.442,11.001,617984.0,617984.0,14.387,2.236,27.442,11.001,,,,,,,,,,,,,,,,,,,,
GEOUNIT,Chad,1,false,13.449,7.455,23.985,23.445,1.26628e6,1.26628e6,13.449,7.455,23.985,23.445,,,,,,,,,,,,,,,,,,,,
GEOUNIT,Chile,163,false,-109.454,-55.919,-66.42,-17.506,736595.0,648334.0,-75.712,-53.887,-67.013,-17.506,26556.3,-72.008,-54.949,-68.627,-52.451,8130.75,-74.408,-43.424,-73.374,-41.77,5731.54,-75.469,-50.054,-74.42,-48.678,4021.3,-70.032,-55.717,-67.965,-54.928
GEOUNIT,China,63,false,73.602,18.169,134.773,53.57,9.37521e6,9.33589e6,73.602,20.238,134.773,53.57,33840.7,108.615,18.169,111.035,20.164,1254.97,121.176,31.439,121.987,31.842,436.125,121.963,29.933,122.328,30.149,251.987,110.245,20.937,110.548,21.096
GEOUNIT,Christmas Island,1,false,105.581,-10.567,105.715,-10.43,98.7207,98.7207,105.581,-10.567,105.715,-10.43,,,,,,,,,,,,,,,,,,,,
GEOUNIT,Clipperton Island,1,false,-109.235,10.281,-109.21,10.312,5.00196,5.00196,-109.235,10.281,-109.21,10.312,,,,,,,,,,,,,,,,,,,,
GEOUNIT,Cocos (Keeling) Islands,2,false,96.821,-12.2,96.922,-12.126,13.2078,7.67033,96.821,-12.198,96.87,-12.126,5.53751,96.888,-12.2,96.922,-12.161,,,,,,,,,,,,,,,
GEOUNIT,Colombia,11,false,-81.724,-4.237,-66.875,13.579,1.13512e6,1.13455e6,-79.022,-4.237,-66.875,12.469,174.024,-78.217,2.504,-78.096,2.688,157.86,-77.55,4.196,-77.271,4.342,75.8893,-77.886,2.601,-77.754,2.725,71.8659,-77.921,2.577,-77.785,2.698
GEOUNIT,Comoros,3,false,43.213,-12.381,44.53,-11.361,1672.23,1024.67,43.213,-11.933,43.499,-11.361,448.593,44.206,-12.381,44.53,-12.064,198.961,43.629,-12.374,43.862,-12.236,,,,,,,,,,
GEOUNIT,Cook Islands,13,false,-165.825,-21.939,-157.312,-8.946,191.133,64.1645,-159.847,-21.255,-159.736,-21.186,38.6485,-157.969,-21.939,-157.887,-21.877,20.5624,-158.136,-20.02,-158.078,-19.972,20.1825,-157.743,-19.856,-157.707,-19.767,14.5483,-159.803,-18.888,-159.761,-18.828
GEOUNIT,Coral Sea Islands,1,false,154.388,-21.031,154.392,-21.028,0.0207323,0.0207323,154.388,-21.031,154.392,-21.028,,,,,,,,,,,,,,,,,,,,
GEOUNIT,Costa Rica,4,false,-87.118,5.515,-82.562,11.21,51151.0,51093.2,-85.947,8.034,-82.562,11.21,38.609,-85.2,10.074,-85.097,10.125,15.7604,-87.118,5.515,-87.064,5.558,3.46192,-83.897,8.698,-83.869,8.714,,,,,
GEOUNIT,Croatia,25,false,13.501,42.416,19.408,46.547,55023.3,51491.6,13.501,42.942,19.408,46.547,750.086,17.001,42.416,18.498,43.052,406.788,14.277,44.618,14.535,45.176,397.571,14.425,44.943,14.815,45.25,385.236,16.405,43.263,16.893,43.395
GEOUNIT,Cuba,41,false,-84.95,19.827,-74.132,23.266,109929.0,105744.0,-84.95,19.827,-74.132,23.213,2254.41,-83.192,21.437,-82.54,21.949,347.22,-77.95,21.91,-77.624,22.103,340.235,-78.697,22.418,-78.278,22.562,214.245,-78.313,22.266,-78.01,22.438
GEOUNIT,Curaçao,1,false,-69.172,12.041,-68.739,12.392,463.243,463.243,-69.172,12.041,-68.739,12.392,,,,,,,,,,,,,,,,,,,,
GEOUNIT,Cyprus,4,false,32.271,34.625,34.1,35.188,5395.04,5197.93,32.271,34.625,33.703,35.188,193.558,33.799,34.958,34.1,35.074,2.07747,33.759,34.976,33.795,34.991,1.47344,33.738,35.001,33.753,35.016,,,,,
GEOUNIT,Cyprus No Mans Area,3,false,32.584,34.977,34.022,35.2,340.999,316.714,32.691,34.977,33.716,35.2,12.4328,33.898,35.047,34.022,35.07,11.852,32.584,35.151,32.66,35.189,,,,,,,,,,
GEOUNIT,Czechia,1,false,12.076,48.557,18.838,51.041,78759.0,78759.0,12.076,48.557,18.838,51.041,,,,,,,,,,,,,,,,,,,,
GEOUNIT,Democratic Republic of the Congo,2,false,12.21,-13.459,31.281,5.376,2.32524e6,2.32512e6,12.21,-13.459,31.281,5.376,118.283,12.745,-5.961,12.995,-5.868,,,,,,,,,,,,,,,
GEOUNIT,Denmark,15,false,8.094,54.568,15.152,57.752,42695.9,28625.4,8.094,54.801,10.965,57.752,7587.43,10.875,54.568,12.622,56.129,2994.05,9.676,55.029,10.835,55.619,1201.19,10.999,54.626,11.856,54.962,598.05,14.684,54.991,15.152,55.31
GEOUNIT,Dhekelia Sovereign Base Area,1,false,33.674,34.937,33.922,35.119,127.423,127.423,33.674,34.937,33.922,35.119,,,,,,,,,,,,,,,,,,,,
GEOUNIT,Djibouti,1,false,41.749,10.929,43.419,12.708,21848.0,21848.0,41.749,10.929,43.419,12.708,,,,,,,,,,,,,,,,,,,,
GEOUNIT,Dominica,1,false,-61.489,15.201,-61.249,15.634,730.312,730.312,-61.489,15.201,-61.249,15.634,,,,,,,,,,,,,,,,,,,,
GEOUNIT,Dominican Republic,3,false,-72.01,17.545,-68.328,19.938,48439.9,48281.6,-72.01,17.604,-68.328,19.938,121.186,-68.787,18.107,-68.57,18.201,37.1212,-71.542,17.545,-71.467,17.622,,,,,,,,,,
GEOUNIT,East Timor,3,false,124.03,-9.502,127.314,-8.135,15082.2,14192.8,124.907,-9.486,127.314,-8.309,739.402,124.03,-9.502,124.452,-9.18,149.964,125.503,-8.318,125.651,-8.135,,,,,,,,,,
GEOUNIT,Ecuador,16,false,-92.012,-5.012,-75.227,1.665,255014.0,246171.0,-81.014,-5.012,-75.227,1.435,4625.16,-91.607,-1.031,-90.791,0.154,956.709,-90.547,-0.78,-90.18,-0.483,942.459,-80.272,-3.035,-79.902,-2.662,594.641,-91.672,-0.491,-91.396,-0.249
GEOUNIT,Egypt,8,false,24.688,21.994,36.9,31.657,1.00106e6,1.00087e6,24.688,21.994,36.9,31.657,60.8644,34.489,27.917,34.621,28.017,49.9058,33.913,27.448,34.052,27.537,29.5707,34.661,27.908,34.733,27.959,20.3936,32.934,31.147,33.263,31.241
GEOUNIT,El Salvador,3,false,-90.115,13.158,-87.693,14.446,20539.4,20516.2,-90.115,13.158,-87.703,14.446,15.7031,-87.729,13.163,-87.693,13.217,7.57467,-87.781,13.214,-87.751,13.249,,,,,,,,,,
GEOUNIT,England,7,false,-6.349,49.909,1.772,55.806,130434.0,129916.0,-5.716,49.959,1.772,55.806,403.483,-1.57,50.582,-1.062,50.774,89.1589,0.733,51.364,0.943,51.448,16.0566,-1.021,50.78,-0.938,50.83,3.47663,-6.31,49.909,-6.284,49.936
GEOUNIT,Equatorial Guinea,3,false,5.611,-1.476,11.337,3.773,26671.7,24671.9,9.346,0.924,11.337,2.342,1985.6,8.422,3.197,8.964,3.773,14.1818,5.611,-1.476,5.647,-1.415,,,,,,,,,,
GEOUNIT,Eritrea,3,false,36.423,12.36,43.124,18.005,122538.0,121764.0,36.423,12.36,43.124,18.005,677.157,39.923,15.572,40.415,15.894,96.5293,39.99,15.981,40.119,16.108,,,,,,,,,,
GEOUNIT,Estonia,8,false,21.832,57.515,28.187,59.671,45819.0,41623.8,23.408,57.515,28.187,59.671,2769.86,21.832,57.914,23.334,58.635,1073.18,22.044,58.686,23.041,59.09,201.243,23.059,58.532,23.401,58.682,103.27,23.114,58.968,23.394,59.046
GEOUNIT,Ethiopia,1,false,32.989,3.403,47.98,14.88,1.12737e6,1.12737e6,32.989,3.403,47.98,14.88,,,,,,,,,,,,,,,,,,,,
GEOUNIT,Falkland Islands,15,false,-61.319,-52.407,-57.734,-51.027,11597.2,6302.41,-59.722,-52.342,-57.734,-51.248,4460.26,-61.037,-52.237,-59.214,-51.337,222.574,-61.154,-51.954,-60.852,-51.76,127.062,-60.301,-51.407,-60.049,-51.26,118.806,-59.809,-51.338,-59.447,-51.241
GEOUNIT,Faroe Islands,11,false,-7.645,61.394,-6.275,62.399,1328.53,369.53,-7.237,61.938,-6.698,62.315,296.106,-7.086,62.061,-6.564,62.337,164.666,-7.432,62.019,-7.038,62.164,161.262,-6.963,61.394,-6.646,61.65,118.028,-6.908,61.746,-6.612,61.91
GEOUNIT,Federated States of Micronesia,20,false,138.063,0.918,163.047,9.776,633.849,340.645,158.125,6.788,158.339,6.979,113.687,162.912,5.269,163.047,5.38,92.7741,138.063,9.412,138.22,9.589,30.8876,151.568,7.327,151.651,7.392,18.5636,151.855,7.424,151.918,7.466
GEOUNIT,Fiji,44,true,174.588,-21.712,-178.216,-12.475,18930.1,10893.3,177.251,-18.274,178.712,-17.3,5731.66,178.479,-17.008,180.0,-16.149,489.802,177.951,-19.158,178.499,-18.924,324.09,-180.0,-16.965,-179.815,-16.677,147.05,179.232,-18.119,179.363,-17.934
GEOUNIT,Finland,42,false,20.623,59.811,31.57,70.076,333059.0,331390.0,20.623,59.811,31.57,70.076,457.3,22.415,59.984,22.957,60.297,151.279,24.562,64.95,25.062,65.095,122.897,21.078,63.15,21.429,63.288,92.898,21.785,60.326,21.998,60.472
GEOUNIT,Flemish Region,2,false,2.521,50.688,5.911,51.497,13517.8,13481.2,2.521,50.688,5.846,51.497,36.6426,5.732,50.71,5.911,50.774,,,,,,,,,,,,,,,
GEOUNIT,France,10,false,-5.133,41.365,9.56,51.088,547841.0,538721.0,-4.785,42.325,8.201,51.088,8665.58,8.545,41.365,9.56,43.018,182.665,-1.405,45.814,-1.176,46.054,83.7657,-3.263,47.296,-3.062,47.396,79.0912,-1.556,46.156,-1.254,46.262
GEOUNIT,French Guiana,1,false,-54.616,2.11,-51.649,5.745,83183.7,83183.7,-54.616,2.11,-51.649,5.745,,,,,,,,,,,,,,,,,,,,
GEOUNIT,French Polynesia,88,false,-154.537,-27.642,-134.942,-7.95,3336.5,1035.25,-149.643,-17.87,-149.149,-17.494,340.835,-139.174,-9.855,-138.814,-9.694,336.161,-140.262,-8.954,-140.014,-8.781,191.08,-140.839,-17.864,-140.619,-17.684,174.614,-151.495,-16.903,-151.352,-16.736
GEOUNIT,French Southern and Antarctic Lands,18,false,39.728,-49.722,77.586,-11.55,7279.96,6587.01,68.748,-49.722,70.569,-48.654,194.393,69.192,-49.095,69.412,-48.884,140.575,51.656,-46.452,51.869,-46.327,64.7044,50.175,-46.128,50.299,-46.043,53.1913,77.487,-37.902,77.586,-37.82
GEOUNIT,Gabon,3,false,8.695,-3.937,14.499,2.323,259968.0,259843.0,8.695,-3.937,14.499,2.323,125.585,8.949,-0.763,9.042,-0.592,0.129128,9.376,0.806,9.385,0.81,,,,,,,,,,
GEOUNIT,Gambia,1,false,-16.83,13.065,-13.818,13.82,10501.1,10501.1,-16.83,13.065,-13.818,13.82,,,,,,,,,,,,,,,,,,,,
GEOUNIT,Gaza,1,false,34.2,31.211,34.557,31.584,339.467,339.467,34.2,31.211,34.557,31.584,,,,,,,,,,,,,,,,,,,,
GEOUNIT,Georgia,1,false,39.985,41.044,46.695,43.576,66615.1,66615.1,39.985,41.044,46.695,43.576,,,,,,,,,,,,,,,,,,,,
GEOUNIT,Germany,22,false,5.852,47.271,15.023,55.066,357674.0,355707.0,5.852,47.271,15.023,54.906,952.506,13.115,54.228,13.767,54.689,374.567,13.752,53.844,14.211,54.179,164.734,11.005,54.412,11.315,54.536,103.975,8.277,54.742,8.655,55.066
GEOUNIT,Ghana,1,false,-3.263,4.737,1.188,11.163,238669.0,238669.0,-3.263,4.737,1.188,11.163,,,,,,,,,,,,,,,,,,,,
GEOUNIT,Gibraltar,1,false,-5.359,36.11,-5.338,36.142,3.69249,3.69249,-5.359,36.11,-5.338,36.142,,,,,,,,,,,,,,,,,,,,
GEOUNIT,Greece,74,false,19.626,34.815,28.24,41.751,131353.0,106704.0,19.999,36.39,26.637,41.751,8285.89,23.518,34.931,26.322,35.687,3660.54,22.832,37.96,24.595,39.043,1637.59,25.834,38.967,26.613,39.384,1429.17,27.684,35.89,28.24,36.457
GEOUNIT,Greenland,128,false,-73.058,59.792,-11.376,83.635,2.15438e6,2.11222e6,-73.058,59.987,-11.376,83.635,8640.47,-54.993,69.235,-51.836,70.325,3812.82,-28.138,70.43,-25.283,71.087,3448.39,-24.486,72.12,-21.928,72.882,2253.75,-25.711,73.036,-22.892,73.426
GEOUNIT,Grenada,2,false,-61.791,12.002,-61.421,12.53,347.259,313.136,-61.791,12.002,-61.602,12.24,34.1231,-61.497,12.44,-61.421,12.53,,,,,,,,,,,,,,,
GEOUNIT,Guadeloupe,6,false,-61.798,15.846,-60.989,16.514,1657.32,841.623,-61.798,15.949,-61.547,16.366,632.907,-61.549,16.202,-61.163,16.514,152.597,-61.333,15.873,-61.193,16.01,22.0554,-61.092,16.302,-60.989,16.354,4.10712,-61.639,15.846,-61.616,15.872
GEOUNIT,Guam,1,false,144.624,13.241,144.953,13.655,564.205,564.205,144.624,13.241,144.953,13.655,,,,,,,,,,,,,,,,,,,,
GEOUNIT,Guatemala,1,false,-92.247,13.731,-88.22,17.817,108811.0,108811.0,-92.247,13.731,-88.22,17.817,,,,,,,,,,,,,,,,,,,,
GEOUNIT,Guernsey,4,false,-2.674,49.411,-2.17,49.732,73.9851,62.4312,-2.674,49.426,-2.501,49.516,6.58036,-2.227,49.703,-2.17,49.732,3.91643,-2.379,49.411,-2.354,49.447,1.05716,-2.456,49.462,-2.445,49.484,,,,,
GEOUNIT,Guinea,1,false,-15.082,7.19,-7.662,12.674,244302.0,244302.0,-15.082,7.19,-7.662,12.674,,,,,,,,,,,,,,,,,,,,
GEOUNIT,Guinea-Bissau,13,false,-16.729,10.927,-13.66,12.68,32829.1,31356.2,-16.729,10.927,-13.66,12.68,257.577,-16.249,11.028,-16.048,11.209,234.314,-16.084,11.419,-15.898,11.607,195.604,-16.166,11.755,-15.985,11.901,118.971,-16.427,11.48,-16.241,11.584
GEOUNIT,Guyana,2,false,-61.397,1.185,-56.481,8.559,211214.0,211150.0,-61.397,1.185,-56.481,8.559,63.4153,-58.464,6.883,-58.333,6.974,,,,,,,,,,,,,,,
GEOUNIT,Haiti,5,false,-74.49,18.025,-71.639,20.09,26891.6,25937.9,-74.49,18.025,-71.639,19.946,683.866,-73.3,18.696,-72.805,18.972,183.149,-72.961,19.984,-72.627,20.09,46.9812,-73.708,18.057,-73.577,18.109,39.7172,-73.797,18.588,-73.714,18.64
GEOUNIT,Heard Island and McDonald Islands,1,false,73.236,-53.193,73.813,-52.961,394.833,394.833,73.236,-53.193,73.813,-52.961,,,,,,,,,,,,,,,,,,,,
GEOUNIT,Honduras,7,false,-89.364,12.979,-83.13,17.419,112236.0,111907.0,-89.364,12.979,-83.13,16.034,149.752,-86.607,16.269,-86.181,16.433,61.0256,-85.951,16.403,-85.816,16.518,48.6486,-87.66,13.304,-87.57,13.374,44.8899,-86.998,16.066,-86.872,16.128
GEOUNIT,Hong Kong S.A.R.,4,false,113.837,22.177,114.402,22.564,1036.2,793.165,113.896,22.258,114.402,22.564,147.545,113.837,22.197,114.055,22.346,81.5336,114.112,22.189,114.257,22.292,13.9606,114.104,22.177,114.155,22.236,,,,,
GEOUNIT,Howland Island,1,false,-176.641,0.79,-176.636,0.807,0.478955,0.478955,-176.641,0.79,-176.636,0.807,,,,,,,,,,,,,,,,,,,,
GEOUNIT,Hungary,1,false,16.094,45.741,22.878,48.57,93200.7,93200.7,16.094,45.741,22.878,48.57,,,,,,,,,,,,,,,,,,,,
GEOUNIT,Iceland,5,false,-24.54,63.396,-13.502,66.565,102390.0,102362.0,-24.54,63.396,-13.502,66.537,9.55926,-20.306,63.402,-20.252,63.452,7.69093,-17.824,63.68,-17.743,63.72,7.11048,-18.415,65.978,-18.356,66.028,3.90562,-18.02,66.533,-17.976,66.565
GEOUNIT,India,35,false,68.143,6.745,97.363,35.496,3.15074e6,3.14312e6,68.143,8.075,97.363,35.496,4259.86,92.524,11.494,93.081,13.579,969.69,93.649,6.745,93.93,7.242,725.116,92.375,10.507,92.599,10.896,221.28,88.042,21.625,88.168,21.87
GEOUNIT,Indonesia,264,false,95.012,-10.923,140.978,5.911,1.87983e6,529906.0,108.855,-4.185,119.012,4.397,427977.0,95.197,-5.931,106.08,5.655,381927.0,130.948,-9.107,140.978,-0.347,170046.0,118.757,-5.704,125.25,1.745,126179.0,105.216,-8.778,114.626,-5.881
GEOUNIT,Iran,12,false,44.014,25.059,63.32,39.772,1.62251e6,1.62068e6,44.014,25.059,63.32,39.772,1460.62,55.273,26.543,56.288,27.003,93.5975,53.902,26.488,54.053,26.566,83.1943,53.149,26.79,53.383,26.857,42.2584,56.322,26.827,56.41,26.894
GEOUNIT,Iraq,1,false,38.774,29.063,48.56,37.063,399119.0,399119.0,38.774,29.063,48.56,37.063,,,,,,,,,,,,,,,,,,,,
GEOUNIT,Iraqi Kurdistan,1,false,42.357,34.512,46.328,37.376,38248.3,38248.3,42.357,34.512,46.328,37.376,,,,,,,,,,,,,,,,,,,,
GEOUNIT,Ireland,7,false,-10.479,51.445,-5.993,55.387,69445.2,69177.2,-10.479,51.445,-5.993,55.387,154.14,-10.266,53.88,-9.922,54.023,29.5228,-9.812,53.09,-9.64,53.147,24.2115,-10.43,51.882,-10.297,51.932,23.0014,-9.721,53.226,-9.638,53.283
GEOUNIT,Isle of Man,1,false,-4.791,54.056,-4.311,54.42,574.809,574.809,-4.791,54.056,-4.311,54.42,,,,,,,,,,,,,,,,,,,,
GEOUNIT,Israel,1,false,34.248,29.489,35.889,33.407,22101.4,22101.4,34.248,29.489,35.889,33.407,,,,,,,,,,,,,,,,,,,,
GEOUNIT,Italy,29,false,6.602,35.489,18.518,47.086,301184.0,250834.0,6.602,37.919,18.518,47.086,25628.3,12.427,36.654,15.652,38.303,23860.7,8.133,38.864,9.827,41.263,232.567,10.101,42.708,10.444,42.874,114.637,8.346,38.96,8.484,39.119
GEOUNIT,Ivory Coast,2,false,-8.619,4.344,-2.506,10.727,320677.0,320613.0,-8.619,4.344,-2.506,10.727,64.7141,-3.277,5.091,-3.115,5.164,,,,,,,,,,,,,,,
GEOUNIT,Jamaica,1,false,-78.375,17.703,-76.187,18.526,11032.9,11032.9,-78.375,17.703,-76.187,18.526,,,,,,,,,,,,,,,,,,,,
GEOUNIT,Jan Mayen,1,false,-9.118,70.806,-7.938,71.181,458.679,458.679,-9.118,70.806,-7.938,71.181,,,,,,,,,,,,,,,,,,,,
GEOUNIT,Japan,109,false,122.938,24.212,153.986,45.521,373507.0,229140.0,130.861,33.433,142.071,41.547,78318.3,139.767,41.401,145.825,45.521,36951.0,129.552,31.003,132.085,33.967,18504.2,132.01,32.711,134.752,34.392,1296.19,127.635,26.084,128.338,26.887
GEOUNIT,Jarvis Island,1,false,-160.03,-0.389,-160.008,-0.372,2.33692,2.33692,-160.03,-0.389,-160.008,-0.372,,,,,,,,,,,,,,,,,,,,
GEOUNIT,Jersey,1,false,-2.243,49.171,-2.008,49.268,119.05,119.05,-2.243,49.171,-2.008,49.268,,,,,,,,,,,,,,,,,,,,
GEOUNIT,Johnston Atoll,3,false,-169.55,16.721,-169.512,16.763,2.45571,1.68685,-169.55,16.721,-169.522,16.734,0.760268,-169.54,16.754,-169.517,16.763,0.0085965,-169.514,16.743,-169.512,16.746,,,,,,,,,,
GEOUNIT,Jordan,1,false,34.949,29.189,39.292,33.372,88862.7,88862.7,34.949,29.189,39.292,33.372,,,,,,,,,,,,,,,,,,,,
GEOUNIT,Kazakhstan,6,false,46.478,40.584,87.324,55.435,2.71427e6,2.71386e6,46.478,40.584,87.324,55.435,111.855,52.552,45.396,52.703,45.528,88.0754,49.719,46.21,49.842,46.358,84.6226,49.986,44.817,50.19,45.08,71.9888,50.256,44.955,50.354,45.087
GEOUNIT,Kenya,2,false,33.89,-4.678,41.886,5.031,585702.0,585530.0,33.89,-4.678,41.886,5.031,172.239,40.957,-2.198,41.163,-2.036,,,,,,,,,,,,,,,
GEOUNIT,Kingman Reef,1,false,-162.401,6.43,-162.385,6.446,2.71326,2.71326,-162.401,6.43,-162.385,6.446,,,,,,,,,,,,,,,,,,,,
GEOUNIT,Kiribati,35,true,169.522,-11.462,-151.78,4.724,949.863,436.467,-157.582,1.709,-157.174,2.035,92.745,-159.411,3.784,-159.249,3.934,30.9804,-155.019,-4.095,-154.94,-4.031,28.2579,175.008,-1.553,175.069,-1.428,25.2279,174.716,-1.265,174.779,-1.134
GEOUNIT,Korean Demilitarized Zone (north),1,false,126.607,37.787,128.365,38.676,1142.08,1142.08,126.607,37.787,128.365,38.676,,,,,,,,,,,,,,,,,,,,
GEOUNIT,Korean Demilitarized Zone (south),1,false,126.66,37.782,128.395,38.625,1097.67,1097.67,126.66,37.782,128.395,38.625,,,,,,,,,,,,,,,,,,,,
GEOUNIT,Kosovo,1,false,20.024,41.844,21.773,43.264,10913.1,10913.1,20.024,41.844,21.773,43.264,,,,,,,,,,,,,,,,,,,,
GEOUNIT,Kuwait,4,false,46.532,28.533,48.433,30.099,17473.5,16682.7,46.532,28.533,48.433,30.099,703.898,48.046,29.599,48.36,29.996,57.9913,48.269,29.387,48.4,29.474,28.9703,48.009,29.969,48.11,30.03,,,,,
GEOUNIT,Kyrgyzstan,1,false,69.226,39.189,80.258,43.262,198990.0,198990.0,69.226,39.189,80.258,43.262,,,,,,,,,,,,,,,,,,,,
GEOUNIT,Laos,1,false,100.097,13.915,107.665,22.497,228114.0,228114.0,100.097,13.915,107.665,22.497,,,,,,,,,,,,,,,,,,,,
GEOUNIT,Latvia,1,false,20.968,55.666,28.218,58.076,64576.3,64576.3,20.968,55.666,28.218,58.076,,,,,,,,,,,,,,,,,,,,
GEOUNIT,Lebanon,1,false,35.099,33.055,36.605,34.688,10004.1,10004.1,35.099,33.055,36.605,34.688,,,,,,,,,,,,,,,,,,,,
GEOUNIT,Lesotho,1,false,27.002,-30.659,29.436,-28.57,30106.4,30106.4,27.002,-30.659,29.436,-28.57,,,,,,,,,,,,,,,,,,,,
GEOUNIT,Liberia,1,false,-11.477,4.347,-7.384,8.566,95298.2,95298.2,-11.477,4.347,-7.384,8.566,,,,,,,,,,,,,,,,,,,,
GEOUNIT,Libya,1,false,9.286,19.496,25.157,33.182,1.62376e6,1.62376e6,9.286,19.496,25.157,33.182,,,,,,,,,,,,,,,,,,,,
GEOUNIT,Liechtenstein,1,false,9.475,47.052,9.616,47.263,137.25,137.25,9.475,47.052,9.616,47.263,,,,,,,,,,,,,,,,,,,,
GEOUNIT,Lithuania,2,false,20.924,53.886,26.801,56.443,64938.8,64805.7,21.044,53.886,26.801,56.443,133.124,20.924,55.273,21.134,55.723,,,,,,,,,,,,,,,
GEOUNIT,Luxembourg,1,false,5.714,49.441,6.503,50.175,2608.48,2608.48,5.714,49.441,6.503,50.175,,,,,,,,,,,,,,,,,,,,
GEOUNIT,Macao S.A.R,2,false,113.519,22.105,113.588,22.221,30.0757,19.8575,113.532,22.105,113.588,22.166,10.2182,113.519,22.173,113.558,22.221,,,,,,,,,,,,,,,
GEOUNIT,Madagascar,3,false,43.222,-25.599,50.504,-11.943,592981.0,592482.0,43.222,-25.599,50.504,-11.943,288.708,48.188,-13.416,48.367,-13.195,211.01,49.817,-17.095,50.025,-16.69,,,,,,,,,,
GEOUNIT,Madeira,5,false,-17.253,30.029,-15.854,33.111,811.369,752.971,-17.253,32.641,-16.672,32.875,43.741,-16.399,33.032,-16.275,33.111,11.8656,-16.543,32.491,-16.487,32.581,2.62304,-15.875,30.133,-15.854,30.153,0.16788,-16.028,30.029,-16.023,30.034
GEOUNIT,Malawi,3,false,32.663,-17.136,35.905,-9.381,119398.0,119198.0,32.663,-17.136,35.905,-9.381,119.242,34.655,-12.125,34.763,-12.0,80.232,34.541,-12.073,34.642,-11.97,,,,,,,,,,
GEOUNIT,Malaysia,17,false,99.645,0.851,119.279,7.356,327885.0,194965.0,109.528,0.851,119.279,7.027,130471.0,100.127,1.27,104.295,6.708,428.885,117.056,7.102,117.284,7.356,369.693,99.645,6.261,99.917,6.471,347.856,111.299,2.359,111.414,2.785
GEOUNIT,Maldives,176,false,72.684,-0.689,73.754,7.108,108.742,34.9308,73.431,4.162,73.553,4.244,6.92209,73.131,6.725,73.167,6.788,6.4355,73.091,-0.642,73.119,-0.579,3.71963,73.353,2.384,73.368,2.438,3.18045,73.201,6.884,73.215,6.919
GEOUNIT,Mali,1,false,-12.265,10.14,4.236,24.996,1.25272e6,1.25272e6,-12.265,10.14,4.236,24.996,,,,,,,,,,,,,,,,,,,,
GEOUNIT,Malta,2,false,14.183,35.801,14.568,36.076,325.684,261.289,14.322,35.801,14.568,35.994,64.3952,14.183,36.013,14.335,36.076,,,,,,,,,,,,,,,
GEOUNIT,Marshall Islands,22,false,165.282,4.573,172.03,14.611,164.814,40.608,171.035,7.067,171.394,7.171,32.0341,169.59,5.798,169.735,6.014,23.6241,171.577,6.972,171.757,7.048,16.8805,168.675,7.292,168.831,7.336,10.6426,166.835,11.144,166.905,11.173
GEOUNIT,Martinique,1,false,-61.229,14.408,-60.81,14.877,1097.46,1097.46,-61.229,14.408,-60.81,14.877,,,,,,,,,,,,,,,,,,,,
GEOUNIT,Mauritania,5,false,-17.082,14.734,-4.821,27.286,1.03639e6,1.03617e6,-17.082,14.734,-4.821,27.286,172.332,-16.464,19.601,-16.336,19.869,25.1187,-16.398,19.599,-16.301,19.731,12.0891,-16.497,19.677,-16.468,19.732,10.5357,-16.475,20.571,-16.446,20.615
GEOUNIT,Mauritius,3,false,56.524,-20.518,63.494,-10.323,2014.43,1901.15,57.303,-20.518,57.796,-19.979,99.261,63.332,-19.768,63.494,-19.669,14.0222,56.524,-10.407,56.57,-10.323,,,,,,,,,,
GEOUNIT,Mayotte,2,false,45.042,-12.99,45.291,-12.647,394.9,381.785,45.042,-12.99,45.225,-12.647,13.1145,45.262,-12.805,45.291,-12.743,,,,,,,,,,,,,,,
GEOUNIT,Mexico,51,false,-118.369,14.546,-86.7,32.713,1.95785e6,1.95216e6,-117.126,14.546,-86.741,32.713,1212.37,-112.584,28.746,-112.195,29.247,934.793,-113.594,28.984,-113.102,29.55,478.987,-87.023,20.26,-86.735,20.596,373.031,-115.359,28.027,-115.155,28.379
GEOUNIT,Midway Islands,2,false,-177.39,28.197,-177.321,28.216,3.50766,2.97682,-177.39,28.197,-177.357,28.216,0.530848,-177.336,28.204,-177.321,28.212,,,,,,,,,,,,,,,
GEOUNIT,Moldova,1,false,26.617,45.461,30.132,48.487,33206.6,33206.6,26.617,45.461,30.132,48.487,,,,,,,,,,,,,,,,,,,,
GEOUNIT,Monaco,1,false,7.365,43.717,7.438,43.764,18.8396,18.8396,7.365,43.717,7.438,43.764,,,,,,,,,,,,,,,,,,,,
GEOUNIT,Mongolia,1,false,87.735,41.586,119.908,52.13,1.56466e6,1.56466e6,87.735,41.586,119.908,52.13,,,,,,,,,,,,,,,,,,,,
GEOUNIT,Montenegro,1,false,18.433,41.852,20.356,43.548,13727.5,13727.5,18.433,41.852,20.356,43.548,,,,,,,,,,,,,,,,,,,,
GEOUNIT,Montserrat,1,false,-62.231,16.675,-62.14,16.82,99.5971,99.5971,-62.231,16.675,-62.14,16.82,,,,,,,,,,,,,,,,,,,,
GEOUNIT,Morocco,1,false,-17.014,21.419,-1.031,35.927,591743.0,591743.0,-17.014,21.419,-1.031,35.927,,,,,,,,,,,,,,,,,,,,
GEOUNIT,Mozambique,4,false,30.213,-26.861,40.848,-10.469,788447.0,788151.0,30.213,-26.861,40.848,-10.469,146.692,39.817,-16.417,39.947,-16.275,106.771,35.426,-21.783,35.497,-21.529,42.2438,32.895,-26.058,32.983,-25.969,,,,,
GEOUNIT,Myanmar,39,false,92.174,9.79,101.174,28.539,663159.0,658368.0,92.174,9.987,101.174,28.539,573.578,93.641,19.276,93.974,19.561,458.439,93.484,18.673,93.76,18.911,446.502,98.302,12.325,98.471,12.688,442.545,94.382,15.839,94.668,16.246
GEOUNIT,Namibia,1,false,11.717,-28.96,25.26,-16.951,822713.0,822713.0,11.717,-28.96,25.26,-16.951,,,,,,,,,,,,,,,,,,,,
GEOUNIT,Nauru,1,false,166.906,-0.552,166.959,-0.49,28.7669,28.7669,166.906,-0.552,166.959,-0.49,,,,,,,,,,,,,,,,,,,,
GEOUNIT,Navassa Island,1,false,-75.031,18.395,-75.002,18.418,4.82956,4.82956,-75.031,18.395,-75.002,18.418,,,,,,,,,,,,,,,,,,,,
GEOUNIT,Nepal,1,false,80.03,26.343,88.17,30.417,147106.0,147106.0,80.03,26.343,88.17,30.417,,,,,,,,,,,,,,,,,,,,
GEOUNIT,Netherlands,9,false,3.349,50.747,7.199,53.559,37101.8,35679.9,3.447,50.747,7.199,53.461,824.651,3.349,51.205,4.222,51.417,220.36,3.686,51.623,4.1,51.749,161.077,4.707,52.994,4.914,53.188,82.7172,5.167,53.352,5.586,53.454
GEOUNIT,New Caledonia,11,false,163.615,-22.671,171.344,-19.623,18841.1,16544.2,163.986,-22.396,167.035,-20.083,1165.8,167.02,-21.179,167.465,-20.672,679.263,167.808,-21.659,168.145,-21.335,161.195,166.479,-20.714,166.679,-20.383,135.198,167.418,-22.671,167.556,-22.538
GEOUNIT,New Zealand,24,true,165.886,-52.601,-176.113,-29.221,268494.0,150335.0,166.466,-46.682,174.327,-40.502,113968.0,172.674,-41.621,178.567,-34.397,1618.94,167.515,-47.278,168.261,-46.683,746.719,-176.855,-44.124,-176.169,-43.703,438.885,165.886,-50.861,166.303,-50.522
GEOUNIT,Nicaragua,5,false,-87.686,10.713,-82.725,15.031,128685.0,128624.0,-87.686,10.713,-83.13,15.031,35.2425,-82.809,14.361,-82.725,14.423,14.8976,-83.737,11.87,-83.705,11.988,9.31065,-83.056,12.143,-83.021,12.191,1.19353,-83.687,10.925,-83.665,10.939
GEOUNIT,Niger,1,false,0.152,11.695,15.971,23.518,1.1813e6,1.1813e6,0.152,11.695,15.971,23.518,,,,,,,,,,,,,,,,,,,,
GEOUNIT,Nigeria,3,false,2.671,4.272,14.67,13.881,907498.0,907203.0,2.671,4.272,14.67,13.881,185.67,7.138,4.382,7.333,4.533,109.896,7.336,4.434,7.585,4.499,,,,,,,,,,
GEOUNIT,Niue,1,false,-169.951,-19.143,-169.782,-18.964,220.574,220.574,-169.951,-19.143,-169.782,-18.964,,,,,,,,,,,,,,,,,,,,
GEOUNIT,Norfolk Island,1,false,167.912,-29.081,167.997,-28.997,41.1466,41.1466,167.912,-29.081,167.997,-28.997,,,,,,,,,,,,,,,,,,,,
GEOUNIT,North Korea,10,false,124.211,37.675,130.7,43.011,121237.0,121078.0,124.321,37.675,130.7,43.011,52.231,124.818,39.495,124.934,39.615,33.1329,124.79,38.494,124.904,38.556,23.7362,125.22,37.696,125.338,37.769,19.524,124.595,39.536,124.699,39.571
GEOUNIT,North Macedonia,1,false,20.444,40.849,23.01,42.371,25385.2,25385.2,20.444,40.849,23.01,42.371,,,,,,,,,,,,,,,,,,,,
GEOUNIT,Northern Cyprus,2,false,32.601,35.002,34.593,35.692,3319.43,3313.69,32.71,35.002,34.593,35.692,5.74342,32.601,35.163,32.641,35.188,,,,,,,,,,,,,,,
GEOUNIT,Northern Ireland,2,false,-8.174,54.034,-5.43,55.312,14251.2,14238.7,-8.174,54.034,-5.43,55.249,12.4997,-6.284,55.262,-6.171,55.312,,,,,,,,,,,,,,,
GEOUNIT,Northern Mariana Islands,12,false,144.902,14.11,145.869,20.556,579.305,132.438,145.682,15.096,145.824,15.273,109.966,145.577,14.915,145.668,15.083,96.9854,145.119,14.11,145.291,14.203,90.1658,145.713,18.053,145.84,18.176,62.614,145.632,18.722,145.71,18.809
GEOUNIT,Norway,96,false,4.643,57.993,31.077,71.166,319478.0,302210.0,4.926,57.993,31.077,71.128,2133.17,14.986,68.253,16.577,68.971,1561.1,16.773,69.008,18.099,69.604,828.906,14.369,68.578,15.398,69.016,734.735,21.95,70.472,23.485,70.867
GEOUNIT,Oman,6,false,51.978,16.642,59.845,26.386,311213.0,308808.0,51.978,16.642,59.845,24.979,1579.32,56.077,25.613,56.512,26.386,655.736,58.635,20.17,58.954,20.698,98.1838,56.206,25.211,56.35,25.332,60.8028,55.964,17.49,56.096,17.56
GEOUNIT,Pakistan,2,false,60.844,23.694,77.049,37.055,872939.0,872903.0,60.844,23.694,77.049,37.055,36.0725,67.375,24.007,67.486,24.063,,,,,,,,,,,,,,,
GEOUNIT,Palau,9,false,131.131,2.949,134.728,8.097,491.931,351.024,134.482,7.355,134.664,7.735,36.2985,134.347,7.219,134.464,7.317,22.242,134.23,6.984,134.286,7.075,22.0845,134.447,7.308,134.528,7.363,19.1608,131.131,3.018,131.193,3.061
GEOUNIT,Palmyra Atoll,1,false,-162.104,5.869,-162.057,5.891,7.05155,7.05155,-162.104,5.869,-162.057,5.891,,,,,,,,,,,,,,,,,,,,
GEOUNIT,Panama,15,false,-83.054,7.205,-77.163,9.63,74530.3,73379.7,-83.054,7.205,-77.163,9.63,490.227,-81.883,7.321,-81.588,7.645,253.668,-78.975,8.219,-78.834,8.475,76.3345,-81.252,7.49,-81.033,7.582,60.9529,-82.431,8.212,-82.314,8.294
GEOUNIT,Papua New Guinea,53,false,140.849,-11.637,154.303,-1.346,455743.0,400121.0,140.849,-10.702,150.875,-2.589,35831.5,148.324,-6.322,152.418,-4.142,6929.51,150.738,-4.849,153.138,-2.555,1844.14,146.52,-2.229,147.445,-1.947,1266.19,150.423,-9.714,150.931,-9.337
GEOUNIT,Paracel Islands,7,false,111.192,15.775,112.737,16.934,5.38788,1.68401,111.192,15.775,111.209,15.79,0.979428,112.325,16.825,112.338,16.838,0.793863,112.725,16.657,112.737,16.67,0.769351,111.599,16.524,111.61,16.534,0.59051,112.333,16.923,112.342,16.934
GEOUNIT,Paraguay,1,false,-62.651,-27.587,-54.245,-19.286,399901.0,399901.0,-62.651,-27.587,-54.245,-19.286,,,,,,,,,,,,,,,,,,,,
GEOUNIT,Peru,5,false,-81.338,-18.338,-68.684,-0.029,1.28987e6,1.28981e6,-81.338,-18.338,-68.684,-0.029,22.8883,-80.876,-6.477,-80.839,-6.374,18.0952,-77.254,-12.116,-77.181,-12.058,9.34685,-76.471,-13.857,-76.436,-13.822,9.31803,-76.221,-14.296,-76.175,-14.259
GEOUNIT,Philippines,97,false,116.954,4.655,126.618,21.123,293291.0,105515.0,119.755,12.535,124.189,18.646,94157.0,121.897,5.572,126.618,9.823,12890.7,122.395,9.035,123.576,10.997,12570.0,124.273,11.022,125.78,12.592,11581.9,121.853,10.43,123.175,11.934
GEOUNIT,Pitcairn Islands,4,false,-130.754,-25.078,-124.778,-23.924,42.5696,38.5422,-128.351,-24.414,-128.29,-24.324,3.17993,-130.121,-25.078,-130.086,-25.064,0.703702,-130.754,-23.935,-130.741,-23.924,0.143776,-124.798,-24.673,-124.778,-24.663,,,,,
GEOUNIT,Poland,1,false,14.123,48.994,24.144,54.839,313428.0,313428.0,14.123,48.994,24.144,54.839,,,,,,,,,,,,,,,,,,,,
GEOUNIT,Portugal,3,false,-9.498,36.965,-6.205,42.154,87971.0,87951.4,-9.498,36.986,-6.205,42.154,11.497,-7.956,36.965,-7.853,37.001,8.04832,-9.08,38.818,-9.034,38.871,,,,,,,,,,
GEOUNIT,Puerto Rico,4,false,-67.938,17.922,-65.244,18.523,9005.96,8780.37,-67.271,17.922,-65.591,18.523,150.873,-65.581,18.087,-65.275,18.17,48.2083,-67.938,18.052,-67.844,18.117,26.5045,-65.335,18.279,-65.244,18.341,,,,,
GEOUNIT,Puntland,1,false,46.466,5.998,51.418,11.99,138514.0,138514.0,46.466,5.998,51.418,11.99,,,,,,,,,,,,,,,,,,,,
GEOUNIT,Qatar,1,false,50.75,24.559,51.617,26.161,11150.1,11150.1,50.75,24.559,51.617,26.161,,,,,,,,,,,,,,,,,,,,
GEOUNIT,Republic Srpska,2,false,16.263,42.559,19.619,45.285,22858.8,11641.2,17.988,42.559,19.619,44.928,11217.6,16.263,44.067,18.77,45.285,,,,,,,,,,,,,,,
GEOUNIT,Republic of the Congo,1,false,11.114,-5.02,18.643,3.709,344889.0,344889.0,11.114,-5.02,18.643,3.709,,,,,,,,,,,,,,,,,,,,
GEOUNIT,Reunion,1,false,55.225,-21.371,55.855,-20.861,2582.42,2582.42,55.225,-21.371,55.855,-20.861,,,,,,,,,,,,,,,,,,,,
GEOUNIT,Romania,1,false,20.242,43.65,29.7,48.275,236377.0,236377.0,20.242,43.65,29.7,48.275,,,,,,,,,,,,,,,,,,,,
GEOUNIT,Russia,214,true,19.609,41.192,-168.994,81.859,1.69802e7,1.65312e7,27.328,41.192,180.0,77.738,110411.0,-180.0,64.24,-169.641,68.983,75494.2,141.639,45.9,144.757,54.427,46845.4,53.631,73.243,69.034,77.014,33096.3,51.401,70.544,57.639,73.426
GEOUNIT,Rwanda,1,false,28.857,-2.827,30.888,-1.058,25305.1,25305.1,28.857,-2.827,30.888,-1.058,,,,,,,,,,,,,,,,,,,,
GEOUNIT,Saint Barthelemy,1,false,-62.868,17.881,-62.791,17.93,24.4219,24.4219,-62.868,17.881,-62.791,17.93,,,,,,,,,,,,,,,,,,,,
GEOUNIT,Saint Helena,4,false,-14.418,-40.398,-5.65,-7.877,366.653,124.923,-5.79,-16.016,-5.65,-15.902,88.9086,-14.418,-7.98,-14.294,-7.877,79.4962,-12.336,-37.15,-12.191,-37.055,73.3248,-10.04,-40.398,-9.895,-40.301,,,,,
GEOUNIT,Saint Kitts and Nevis,2,false,-62.862,17.1,-62.536,17.416,264.122,175.53,-62.862,17.217,-62.624,17.416,88.5919,-62.627,17.1,-62.536,17.203,,,,,,,,,,,,,,,
GEOUNIT,Saint Lucia,1,false,-61.079,13.714,-60.882,14.112,605.133,605.133,-61.079,13.714,-60.882,14.112,,,,,,,,,,,,,,,,,,,,
GEOUNIT,Saint Martin,1,false,-63.147,18.033,-63.01,18.123,68.2815,68.2815,-63.147,18.033,-63.01,18.123,,,,,,,,,,,,,,,,,,,,
GEOUNIT,Saint Pierre and Miquelon,2,false,-56.397,46.752,-56.144,47.142,242.763,212.777,-56.397,46.78,-56.235,47.142,29.9863,-56.241,46.752,-56.144,46.812,,,,,,,,,,,,,,,
GEOUNIT,Saint Vincent and the Grenadines,5,false,-61.46,12.585,-61.123,13.381,367.728,329.506,-61.28,13.132,-61.123,13.381,20.9284,-61.278,12.974,-61.193,13.052,7.65319,-61.354,12.693,-61.314,12.734,6.83838,-61.46,12.585,-61.426,12.61,2.80259,-61.192,12.855,-61.174,12.884
GEOUNIT,Samoa,2,false,-172.783,-14.053,-171.437,-13.462,2780.42,1645.49,-172.783,-13.806,-172.175,-13.462,1134.93,-172.064,-14.053,-171.437,-13.805,,,,,,,,,,,,,,,
GEOUNIT,San Marino,1,false,12.385,43.892,12.493,43.983,60.3174,60.3174,12.385,43.892,12.493,43.983,,,,,,,,,,,,,,,,,,,,
GEOUNIT,Saudi Arabia,11,false,34.572,16.37,55.638,32.122,1.92173e6,1.9208e6,34.572,16.37,55.638,32.122,408.743,41.755,16.583,42.189,16.897,163.245,41.834,16.76,42.002,17.014,73.8869,36.776,25.361,36.962,25.497,66.2316,36.491,25.549,36.684,25.703
GEOUNIT,Scarborough Reef,1,false,117.751,15.15,117.756,15.155,0.0977859,0.0977859,117.751,15.15,117.756,15.155,,,,,,,,,,,,,,,,,,,,
GEOUNIT,Scotland,47,false,-13.692,54.632,-0.754,60.848,78302.7,68625.8,-6.237,54.632,-1.759,58.678,2111.62,-7.127,57.733,-6.15,58.513,1618.09,-6.784,57.028,-5.647,57.703,935.468,-1.691,59.854,-1.034,60.644,890.073,-6.367,56.263,-5.648,56.654
GEOUNIT,Senegal,1,false,-17.537,12.305,-11.377,16.692,196225.0,196225.0,-17.537,12.305,-11.377,16.692,,,,,,,,,,,,,,,,,,,,
GEOUNIT,Serbia,1,false,19.107,42.234,22.985,45.083,56483.4,56483.4,19.107,42.234,22.985,45.083,,,,,,,,,,,,,,,,,,,,
GEOUNIT,Serranilla Bank,1,false,-78.641,15.862,-78.636,15.868,0.105289,0.105289,-78.641,15.862,-78.636,15.868,,,,,,,,,,,,,,,,,,,,
GEOUNIT,Seychelles,26,false,46.207,-9.756,56.288,-3.791,435.664,163.897,55.365,-4.804,55.538,-4.56,122.564,46.207,-9.453,46.526,-9.337,41.8156,55.677,-4.359,55.788,-4.29,33.6625,46.276,-9.358,46.428,-9.326,22.3282,55.221,-4.505,55.27,-4.444
GEOUNIT,Siachen Glacier,1,false,76.777,35.11,77.801,35.648,2088.06,2088.06,76.777,35.11,77.801,35.648,,,,,,,,,,,,,,,,,,,,
GEOUNIT,Sierra Leone,2,false,-13.302,6.919,-10.282,9.997,71611.6,70990.1,-13.302,6.919,-10.282,9.997,621.527,-12.952,7.389,-12.492,7.64,,,,,,,,,,,,,,,
GEOUNIT,Singapore,1,false,103.64,1.264,104.004,1.449,510.503,510.503,103.64,1.264,104.004,1.449,,,,,,,,,,,,,,,,,,,,
GEOUNIT,Sint Maarten,1,false,-63.119,18.019,-63.017,18.063,23.358,23.358,-63.119,18.019,-63.017,18.063,,,,,,,,,,,,,,,,,,,,
GEOUNIT,Slovakia,1,false,16.844,47.75,22.54,49.602,48457.9,48457.9,16.844,47.75,22.54,49.602,,,,,,,,,,,,,,,,,,,,
GEOUNIT,Slovenia,1,false,13.365,45.423,16.516,46.864,20327.0,20327.0,13.365,45.423,16.516,46.864,,,,,,,,,,,,,,,,,,,,
GEOUNIT,Solomon Islands,48,false,155.507,-12.291,168.826,-6.599,27198.8,5346.89,159.592,-9.938,160.827,-9.247,3858.44,160.581,-9.625,161.394,-8.302,3672.84,158.445,-8.563,159.901,-7.531,3066.37,161.28,-10.845,162.393,-10.2,2863.25,156.446,-7.433,157.53,-6.599
GEOUNIT,Somalia,1,false,40.965,-1.697,48.952,6.539,333301.0,333301.0,40.965,-1.697,48.952,6.539,,,,,,,,,,,,,,,,,,,,
GEOUNIT,Somaliland,1,false,42.647,7.996,48.94,11.499,167407.0,167407.0,42.647,7.996,48.94,11.499,,,,,,,,,,,,,,,,,,,,
GEOUNIT,South Africa,3,false,16.469,-46.966,37.978,-22.126,1.21982e6,1.2195e6,16.469,-34.822,32.894,-22.126,276.031,37.575,-46.966,37.896,-46.822,43.8529,37.861,-46.655,37.978,-46.598,,,,,,,,,,
GEOUNIT,South Georgia and the Islands,12,false,-38.088,-59.473,-26.239,-53.972,3921.5,3609.51,-38.033,-54.888,-35.784,-53.972,108.231,-26.458,-58.499,-26.239,-58.381,44.3436,-26.658,-59.068,-26.499,-59.001,38.556,-26.514,-57.813,-26.356,-57.738,28.42,-27.212,-56.725,-27.092,-56.675
GEOUNIT,South Korea,53,false,124.613,33.197,131.863,38.579,97446.3,92619.6,126.128,34.292,129.588,38.579,1867.85,126.161,33.197,126.954,33.564,394.415,128.488,34.705,128.749,35.033,338.394,126.103,34.352,126.382,34.576,304.666,127.826,34.695,128.075,34.941
GEOUNIT,South Sudan,1,false,24.121,3.49,35.921,12.217,626859.0,626859.0,24.121,3.49,35.921,12.217,,,,,,,,,,,,,,,,,,,,
GEOUNIT,Southern Patagonian Ice Field,1,false,-73.589,-49.76,-73.057,-49.272,1408.88,1408.88,-73.589,-49.76,-73.057,-49.272,,,,,,,,,,,,,,,,,,,,
GEOUNIT,Spain,23,false,-18.168,27.642,4.338,43.794,506885.0,494247.0,-9.292,36.006,3.318,43.794,3688.76,2.35,39.269,3.475,39.969,2003.94,-16.917,27.997,-16.117,28.584,1638.2,-14.508,28.05,-13.821,28.754,1558.42,-15.822,27.734,-15.363,28.18
GEOUNIT,Spratly Islands,12,false,114.027,9.679,115.849,11.118,11.9804,2.38175,115.812,10.72,115.834,10.736,1.84074,115.829,10.822,115.849,10.834,1.25933,114.358,10.175,114.372,10.188,1.21484,114.271,11.04,114.287,11.051,1.08026,115.009,11.107,115.022,11.118
GEOUNIT,Sri Lanka,5,false,79.655,5.923,81.891,9.83,66291.1,65966.2,79.696,5.923,81.891,9.83,109.4,79.698,8.973,79.917,9.104,96.5542,79.84,9.617,79.978,9.761,79.2401,81.725,7.479,81.824,7.74,39.791,79.655,9.483,79.731,9.556
GEOUNIT,Sudan,2,false,21.809,8.681,38.604,22.227,1.85562e6,1.85558e6,21.809,8.681,38.604,22.227,33.2824,37.243,20.749,37.284,20.856,,,,,,,,,,,,,,,
GEOUNIT,Suriname,1,false,-58.068,1.833,-53.986,6.012,145123.0,145123.0,-58.068,1.833,-53.986,6.012,,,,,,,,,,,,,,,,,,,,
GEOUNIT,Svalbard,22,false,10.484,74.347,33.641,80.771,62081.7,38664.9,10.676,76.566,21.552,80.068,14541.0,17.782,79.188,27.24,80.518,5413.34,20.831,77.237,24.425,78.257,1459.4,20.153,78.19,22.272,78.628,643.857,10.484,78.199,12.163,78.91
GEOUNIT,Sweden,41,false,11.108,55.342,24.164,69.037,446173.0,440539.0,11.108,55.342,24.164,69.037,2957.38,18.099,56.912,19.086,57.924,1259.69,16.391,56.217,17.125,57.359,321.507,11.406,58.072,11.816,58.292,122.636,11.497,57.935,11.746,58.065
GEOUNIT,Switzerland,1,false,5.954,45.82,10.467,47.802,41435.5,41435.5,5.954,45.82,10.467,47.802,,,,,,,,,,,,,,,,,,,,
GEOUNIT,Syria,1,false,35.723,32.313,42.378,37.325,185675.0,185675.0,35.723,32.313,42.378,37.325,,,,,,,,,,,,,,,,,,,,
GEOUNIT,São Tomé and Principe,2,false,6.461,0.024,7.463,1.7,1037.16,880.889,6.461,0.024,6.761,0.411,156.267,7.329,1.531,7.463,1.7,,,,,,,,,,,,,,,
GEOUNIT,Taiwan,8,false,118.279,21.904,122.006,25.288,36197.9,35857.6,120.052,21.904,122.006,25.288,154.039,118.279,24.39,118.468,24.528,66.7841,119.527,23.516,119.671,23.611,48.6484,121.492,22.007,121.589,22.083,19.6105,119.442,23.562,119.518,23.651
GEOUNIT,Tajikistan,3,false,67.342,36.678,75.165,41.04,142239.0,142089.0,67.342,36.678,75.165,41.04,119.447,70.482,39.766,70.707,39.883,30.4997,70.549,40.935,70.646,41.019,,,,,,,,,,
GEOUNIT,Tanzania,3,false,29.321,-11.732,40.45,-0.985,939006.0,938516.0,29.321,-11.732,40.45,-0.985,422.291,39.587,-7.994,39.911,-7.637,67.764,39.696,-8.093,39.802,-7.991,,,,,,,,,,
GEOUNIT,Thailand,20,false,97.351,5.629,105.651,20.446,514453.0,512523.0,97.351,5.629,105.651,20.446,557.039,98.254,7.767,98.44,8.192,234.479,99.926,9.418,100.091,9.587,219.921,102.249,11.961,102.444,12.154,145.225,99.6,6.492,99.705,6.724
GEOUNIT,The Bahamas,44,false,-79.595,20.912,-72.746,26.929,12603.9,3574.05,-78.443,24.272,-77.718,25.207,1580.41,-73.704,20.912,-73.004,21.341,1403.3,-77.943,23.72,-77.516,24.303,1310.73,-77.963,25.885,-77.014,26.929,1060.64,-78.998,26.491,-77.902,26.811
GEOUNIT,Togo,1,false,-0.167,6.1,1.783,11.135,56863.4,56863.4,-0.167,6.1,1.783,11.135,,,,,,,,,,,,,,,,,,,,
GEOUNIT,Tokelau,2,false,-172.503,-9.362,-171.185,-8.543,4.23497,2.19628,-171.206,-9.362,-171.185,-9.33,2.03869,-172.503,-8.587,-172.479,-8.543,,,,,,,,,,,,,,,
GEOUNIT,Tonga,10,false,-176.22,-22.339,-173.914,-15.559,603.109,257.336,-175.365,-21.268,-175.05,-21.062,119.437,-174.073,-18.706,-173.914,-18.566,78.7344,-174.984,-21.455,-174.908,-21.284,41.8299,-175.101,-19.802,-175.046,-19.711,41.1203,-175.687,-15.625,-175.612,-15.559
GEOUNIT,Trinidad and Tobago,2,false,-61.929,10.042,-60.522,11.352,5122.92,4832.09,-61.929,10.042,-60.907,10.846,290.829,-60.848,11.143,-60.522,11.352,,,,,,,,,,,,,,,
GEOUNIT,Tunisia,4,false,7.479,30.228,11.565,37.346,156613.0,155958.0,7.479,30.228,11.565,37.346,496.054,10.727,33.64,11.061,33.897,110.641,11.122,34.663,11.305,34.826,48.763,10.964,34.62,11.111,34.672,,,,,
GEOUNIT,Turkey,6,false,25.663,35.819,44.807,42.099,780080.0,756231.0,26.069,35.819,44.807,42.099,23386.6,26.033,40.049,29.11,42.098,291.085,25.663,40.097,26.013,40.243,108.361,27.526,40.576,27.733,40.664,40.7514,25.978,39.784,26.084,39.846
GEOUNIT,Turkmenistan,3,false,52.437,35.14,66.646,42.792,470849.0,470734.0,52.437,35.14,66.646,42.792,75.9115,53.026,38.755,53.103,39.098,39.0874,53.462,39.508,53.54,39.598,,,,,,,,,,
GEOUNIT,Turks and Caicos Islands,12,false,-72.482,21.29,-71.128,21.96,445.213,134.233,-71.851,21.743,-71.63,21.857,98.3301,-72.341,21.748,-72.124,21.863,97.7804,-72.037,21.828,-71.857,21.96,50.3016,-71.591,21.662,-71.451,21.767,19.5851,-72.482,21.63,-72.433,21.71
GEOUNIT,Tuvalu,9,false,176.125,-9.421,179.907,-5.677,23.0184,8.59585,179.191,-8.543,179.218,-8.46,5.51829,178.665,-7.499,178.695,-7.454,2.95361,178.373,-8.071,178.391,-8.026,2.04384,176.125,-5.707,176.149,-5.677,1.81098,177.337,-6.122,177.357,-6.108
GEOUNIT,UNDOF,1,false,35.757,32.744,35.924,33.432,264.979,264.979,35.757,32.744,35.924,33.432,,,,,,,,,,,,,,,,,,,,
GEOUNIT,US Naval Base Guantanamo Bay,2,false,-75.233,19.891,-75.094,19.972,65.3528,38.1247,-75.166,19.891,-75.094,19.972,27.2281,-75.233,19.9,-75.156,19.971,,,,,,,,,,,,,,,
GEOUNIT,Uganda,1,false,29.548,-1.476,35.007,4.22,241854.0,241854.0,29.548,-1.476,35.007,4.22,,,,,,,,,,,,,,,,,,,,
GEOUNIT,Ukraine,4,false,22.132,45.213,40.16,52.369,571999.0,571823.0,22.132,45.213,40.16,52.369,81.188,31.504,46.149,32.167,46.374,53.3131,32.619,46.012,33.058,46.067,41.8472,29.73,45.591,30.126,45.812,,,,,
GEOUNIT,United Arab Emirates,10,false,51.569,22.62,56.384,26.075,71085.0,70368.8,51.569,22.62,56.384,26.075,285.091,53.627,24.13,53.965,24.276,125.203,53.184,24.262,53.448,24.413,82.6127,52.556,24.253,52.651,24.374,63.4393,54.334,24.42,54.471,24.523
GEOUNIT,United States Virgin Islands,3,false,-65.042,17.682,-64.559,18.387,354.793,213.478,-64.896,17.682,-64.559,17.793,81.885,-65.042,18.304,-64.84,18.387,59.4292,-64.802,18.303,-64.66,18.374,,,,,,,,,,
GEOUNIT,United States of America,344,true,172.476,18.906,-66.977,71.413,9.46422e6,7.93089e6,-124.735,25.121,-66.977,49.37,1.42751e6,-168.138,54.762,-129.989,71.413,10523.3,-156.061,18.906,-154.814,20.264,9422.7,-154.811,56.741,-152.147,58.011,6718.03,-133.635,54.693,-131.948,56.353
GEOUNIT,Uruguay,1,false,-58.44,-34.974,-53.11,-30.096,177342.0,177342.0,-58.44,-34.974,-53.11,-30.096,,,,,,,,,,,,,,,,,,,,
GEOUNIT,Uzbekistan,3,false,55.975,37.185,73.149,45.559,447831.0,447374.0,55.975,37.185,73.149,45.559,399.439,70.952,39.874,71.245,40.158,58.3037,71.665,39.9,71.79,39.99,,,,,,,,,,
GEOUNIT,Vanuatu,27,false,166.52,-20.254,169.899,-13.064,12296.6,4078.04,166.522,-15.659,167.248,-14.625,2104.39,167.144,-16.588,167.844,-15.867,890.088,168.982,-19.0,169.337,-18.618,887.607,168.151,-17.824,168.586,-17.532,691.211,167.912,-16.362,168.33,-16.08
GEOUNIT,Vatican,1,false,12.452,41.902,12.455,41.904,0.0122038,0.0122038,12.452,41.902,12.455,41.904,,,,,,,,,,,,,,,,,,,,
GEOUNIT,Venezuela,29,false,-73.392,0.649,-59.815,15.703,912684.0,909122.0,-73.392,0.649,-59.815,12.199,1029.99,-64.409,10.857,-63.787,11.18,958.016,-61.177,8.595,-60.686,8.893,203.027,-61.271,8.507,-60.992,8.611,201.15,-61.092,8.822,-60.838,9.034
GEOUNIT,Vietnam,25,false,102.118,8.565,109.473,23.367,328892.0,326814.0,102.118,8.565,109.473,23.367,557.1,103.846,10.007,104.086,10.451,229.499,106.751,10.405,106.875,10.667,224.38,107.372,21.047,107.607,21.278,162.052,106.909,20.704,107.108,20.877
GEOUNIT,Vojvodina,1,false,18.844,44.631,21.54,46.174,21145.3,21145.3,18.844,44.631,21.54,46.174,,,,,,,,,,,,,,,,,,,,
GEOUNIT,Wake Atoll,1,false,166.619,19.275,166.653,19.306,3.91612,3.91612,166.619,19.275,166.653,19.306,,,,,,,,,,,,,,,,,,,,
GEOUNIT,Wales,3,false,-5.311,51.384,-2.647,53.427,20794.9,20082.1,-5.311,51.384,-2.647,53.352,675.862,-4.572,53.129,-4.042,53.427,36.9512,-4.694,53.239,-4.558,53.324,,,,,,,,,,
GEOUNIT,Wallis and Futuna,2,false,-178.186,-14.32,-176.125,-13.208,139.33,75.9853,-176.2,-13.351,-176.125,-13.208,63.3447,-178.186,-14.32,-178.046,-14.232,,,,,,,,,,,,,,,
GEOUNIT,Walloon Region,2,false,2.842,49.495,6.375,50.812,16987.2,16926.4,3.162,49.495,6.375,50.809,60.7463,2.842,50.696,3.024,50.812,,,,,,,,,,,,,,,
GEOUNIT,West Bank,1,false,34.867,31.344,35.573,32.543,5734.91,5734.91,34.867,31.344,35.573,32.543,,,,,,,,,,,,,,,,,,,,
GEOUNIT,Western Sahara,1,false,-17.105,20.766,-8.68,27.662,90495.4,90495.4,-17.105,20.766,-8.68,27.662,,,,,,,,,,,,,,,,,,,,
GEOUNIT,Yemen,9,false,42.545,12.111,54.541,18.996,453075.0,448951.0,42.61,12.598,53.091,18.996,3621.13,53.306,12.3,54.541,12.715,145.298,52.064,12.146,52.395,12.242,114.748,42.691,13.919,42.802,14.072,108.514,42.545,15.268,42.636,15.458
GEOUNIT,Zambia,1,false,21.979,-18.07,33.675,-8.194,751914.0,751914.0,21.979,-18.07,33.675,-8.194,,,,,,,,,,,,,,,,,,,,
GEOUNIT,Zanzibar,4,false,39.177,-6.463,39.879,-4.89,2499.12,1556.84,39.177,-6.463,39.575,-5.718,892.421,39.643,-5.455,39.879,-4.89,30.9821,39.569,-5.478,39.663,-5.394,18.8738,39.212,-5.859,39.239,-5.769,,,,,
GEOUNIT,Zimbabwe,1,false,25.219,-22.398,33.043,-15.614,389338.0,389338.0,25.219,-22.398,33.043,-15.614,,,,,,,,,,,,,,,,,,,,
GEOUNIT,eSwatini,1,false,30.782,-27.317,32.118,-25.735,17111.9,17111.9,30.782,-27.317,32.118,-25.735,,,,,,,,,,,,,,,,,,,,
SUBUNIT,Afghanistan,1,false,60.486,29.386,74.893,38.474,642181.0,642181.0,60.486,29.386,74.893,38.474,,,,,,,,,,,,,,,,,,,,
SUBUNIT,Ajaria,1,false,41.52,41.421,42.587,41.903,2955.74,2955.74,41.52,41.421,42.587,41.903,,,,,,,,,,,,,,,,,,,,
SUBUNIT,Akrotiri Sovereign Base Area,1,false,32.76,34.568,33.031,34.701,98.685,98.685,32.76,34.568,33.031,34.701,,,,,,,,,,,,,,,,,,,,
SUBUNIT,Aland,16,false,19.513,59.904,21.097,60.481,942.066,587.757,19.646,60.047,20.278,60.406,78.7094,20.025,59.971,20.226,60.095,77.9982,19.513,60.129,19.675,60.261,31.6636,20.281,59.953,20.448,60.021,30.1463,20.198,60.06,20.298,60.15
SUBUNIT,Alaska,181,true,172.476,51.215,-129.989,71.413,1.50533e6,1.42751e6,-168.138,54.762,-129.989,71.413,9422.7,-154.811,56.741,-152.147,58.011,6718.03,-133.635,54.693,-131.948,56.353,5291.59,-136.431,57.366,-134.813,58.277,4635.82,-171.853,62.945,-168.686,63.797
SUBUNIT,Albania,1,false,19.272,39.637,21.037,42.655,28335.8,28335.8,19.272,39.637,21.037,42.655,,,,,,,,,,,,,,,,,,,,
SUBUNIT,Alderney,1,false,-2.227,49.703,-2.17,49.732,6.58036,6.58036,-2.227,49.703,-2.17,49.732,,,,,,,,,,,,,,,,,,,,
SUBUNIT,Algeria,1,false,-8.683,18.975,11.969,37.094,2.30886e6,2.30886e6,-8.683,18.975,11.969,37.094,,,,,,,,,,,,,,,,,,,,
SUBUNIT,American Samoa,5,false,-171.087,-14.533,-168.16,-11.051,180.304,131.452,-170.832,-14.375,-170.567,-14.252,39.9002,-169.543,-14.272,-169.44,-14.222,6.06747,-169.677,-14.19,-169.635,-14.168,1.86652,-171.087,-11.067,-171.072,-11.051,1.0177,-168.174,-14.533,-168.16,-14.519
SUBUNIT,Andaman Is.,10,false,92.217,10.507,94.291,13.681,5372.43,4259.86,92.524,11.494,93.081,13.579,725.116,92.375,10.507,92.599,10.896,109.102,92.593,11.357,92.7,11.509,88.691,92.67,12.797,92.738,12.989,84.4879,92.947,11.896,93.067,12.038
SUBUNIT,Andorra,1,false,1.406,42.428,1.766,42.65,452.239,452.239,1.406,42.428,1.766,42.65,,,,,,,,,,,,,,,,,,,,
SUBUNIT,Angola,3,false,11.669,-18.032,24.062,-4.391,1.24465e6,1.23787e6,11.735,-18.032,24.062,-5.841,6701.71,12.009,-5.764,13.074,-4.391,84.4009,11.669,-16.706,11.739,-16.5,,,,,,,,,,
SUBUNIT,Anguilla,6,false,-63.429,18.169,-62.925,18.602,87.4201,80.424,-63.168,18.169,-62.972,18.277,3.97369,-62.961,18.274,-62.925,18.298,2.27211,-63.263,18.272,-63.236,18.287,0.283438,-63.193,18.265,-63.179,18.27,0.252154,-63.429,18.592,-63.423,18.602
SUBUNIT,Annobon,1,false,5.611,-1.476,5.647,-1.415,14.1818,14.1818,5.611,-1.476,5.647,-1.415,,,,,,,,,,,,,,,,,,,,
SUBUNIT,Antarctica,175,false,-180.0,-90.0,180.0,-61.07,1.23577e7,1.21577e7,-180.0,-90.0,180.0,-63.214,48169.6,-75.439,-72.675,-68.161,-68.78,45479.8,-54.413,-80.878,-42.936,-77.772,11287.1,-102.324,-72.584,-95.428,-71.756,7860.64,-164.327,-79.855,-158.953,-78.706
SUBUNIT,Antigua,2,false,-62.349,16.931,-61.667,17.169,282.311,281.942,-61.895,16.989,-61.667,17.169,0.36913,-62.349,16.931,-62.342,16.941,,,,,,,,,,,,,,,
SUBUNIT,Argentina,8,false,-73.573,-55.053,-53.661,-21.786,2.7829e6,2.76123e6,-73.573,-52.391,-53.661,-21.786,20552.5,-68.642,-55.053,-65.141,-52.639,499.264,-64.759,-54.904,-63.812,-54.705,229.265,-62.238,-40.565,-62.028,-40.374,172.847,-62.099,-39.241,-61.859,-39.085
SUBUNIT,Armenia,2,false,43.436,38.863,46.603,41.291,29588.2,29553.0,43.436,38.863,46.603,41.291,35.2439,45.471,40.601,45.561,40.661,,,,,,,,,,,,,,,
SUBUNIT,Aruba,1,false,-70.063,12.417,-69.876,12.633,169.766,169.766,-70.063,12.417,-69.876,12.633,,,,,,,,,,,,,,,,,,,,
SUBUNIT,Ascension,1,false,-14.418,-7.98,-14.294,-7.877,88.9086,88.9086,-14.418,-7.98,-14.294,-7.877,,,,,,,,,,,,,,,,,,,,
SUBUNIT,Ashmore and Cartier Islands,1,false,123.575,-12.439,123.598,-12.426,2.69549,2.69549,123.575,-12.439,123.598,-12.426,,,,,,,,,,,,,,,,,,,,
SUBUNIT,Australia,81,false,112.919,-39.145,159.107,-9.24,7.62294e6,7.5987e6,113.156,-39.145,153.631,-10.687,5817.76,130.365,-11.934,131.539,-11.153,4463.47,136.532,-36.083,138.13,-35.582,2307.13,136.324,-14.299,136.979,-13.647,1714.97,130.016,-11.84,130.636,-11.317
SUBUNIT,Austria,1,false,9.521,46.378,17.149,49.01,83993.2,83993.2,9.521,46.378,17.149,49.01,,,,,,,,,,,,,,,,,,,,
SUBUNIT,Azerbaijan,6,false,44.774,38.392,50.626,41.891,86249.9,81390.6,45.002,38.392,50.392,41.891,4782.87,44.774,38.862,46.136,39.771,26.8109,44.96,41.023,45.03,41.083,26.1924,50.326,40.399,50.397,40.482,16.0301,50.562,40.299,50.626,40.338
SUBUNIT,Azores,9,false,-31.285,36.934,-25.012,39.729,2607.82,822.661,-25.86,37.706,-25.132,37.912,469.103,-28.549,38.377,-28.04,38.558,453.991,-27.392,38.631,-27.02,38.804,258.573,-28.316,38.541,-27.76,38.756,188.754,-31.285,39.355,-31.131,39.523
SUBUNIT,Baengnyeongdo,1,false,124.613,37.919,124.744,37.989,51.6718,51.6718,124.613,37.919,124.744,37.989,,,,,,,,,,,,,,,,,,,,
SUBUNIT,Bahrain,7,false,50.38,25.579,50.82,26.288,688.118,584.947,50.448,25.789,50.646,26.243,42.7155,50.737,25.579,50.801,25.732,32.0991,50.599,26.202,50.685,26.288,19.4847,50.38,26.119,50.424,26.175,5.6449,50.785,25.63,50.817,25.653
SUBUNIT,Bajo Nuevo Bank (Petrel Is.),1,false,-79.99,15.794,-79.986,15.797,0.0358638,0.0358638,-79.99,15.794,-79.986,15.797,,,,,,,,,,,,,,,,,,,,
SUBUNIT,Baker Island,2,false,-176.486,0.19,-176.459,0.226,0.714873,0.52531,-176.486,0.19,-176.475,0.198,0.189563,-176.464,0.219,-176.459,0.226,,,,,,,,,,,,,,,
SUBUNIT,Balearic Islands,5,false,1.212,38.638,4.338,40.08,5116.82,3688.76,2.35,39.269,3.475,39.969,691.489,3.803,39.816,4.338,40.08,613.553,1.212,38.831,1.624,39.119,91.0846,1.382,38.638,1.583,38.756,31.9345,2.913,39.116,2.986,39.186
SUBUNIT,Bangladesh,22,false,88.021,20.738,92.643,26.624,136904.0,133774.0,88.021,20.738,92.643,26.624,1299.46,90.553,21.992,90.856,22.788,330.582,91.005,22.089,91.187,22.392,301.896,91.847,21.48,91.984,21.782,198.315,90.455,22.711,90.679,22.882
SUBUNIT,Barbados,1,false,-59.655,13.051,-59.426,13.345,444.223,444.223,-59.655,13.051,-59.426,13.345,,,,,,,,,,,,,,,,,,,,
SUBUNIT,Barbuda,1,false,-61.874,17.545,-61.727,17.728,169.539,169.539,-61.874,17.545,-61.727,17.728,,,,,,,,,,,,,,,,,,,,
SUBUNIT,Bassas da India,1,false,39.728,-21.445,39.732,-21.441,0.0419972,0.0419972,39.728,-21.445,39.732,-21.441,,,,,,,,,,,,,,,,,,,,
SUBUNIT,Baykonur Cosmodrome,1,false,62.8,45.565,63.968,46.391,6501.49,6501.49,62.8,45.565,63.968,46.391,,,,,,,,,,,,,,,,,,,,
SUBUNIT,Belarus,1,false,23.165,51.235,32.72,56.157,207499.0,207499.0,23.165,51.235,32.72,56.157,,,,,,,,,,,,,,,,,,,,
SUBUNIT,Belize,10,false,-89.237,15.879,-87.783,18.491,22299.4,22010.2,-89.237,15.879,-88.083,18.491,109.906,-88.01,17.902,-87.847,18.17,91.5241,-87.941,17.278,-87.783,17.546,26.6794,-88.168,17.669,-88.071,17.735,22.4183,-87.839,17.292,-87.797,17.4
SUBUNIT,Benin,1,false,0.759,6.213,3.838,12.4,116113.0,116113.0,0.759,6.213,3.838,12.4,,,,,,,,,,,,,,,,,,,,
SUBUNIT,Bermuda,2,false,-64.886,32.248,-64.647,32.389,62.302,60.3766,-64.886,32.248,-64.647,32.389,1.92541,-64.833,32.281,-64.799,32.29,,,,,,,,,,,,,,,
SUBUNIT,Bhutan,1,false,88.73,26.696,92.089,28.359,40421.3,40421.3,88.73,26.696,92.089,28.359,,,,,,,,,,,,,,,,,,,,
SUBUNIT,Bioko,1,false,8.422,3.197,8.964,3.773,1985.6,1985.6,8.422,3.197,8.964,3.773,,,,,,,,,,,,,,,,,,,,
SUBUNIT,Bir Tawil,1,false,33.181,21.71,34.085,21.996,2019.46,2019.46,33.181,21.71,34.085,21.996,,,,,,,,,,,,,,,,,,,,
SUBUNIT,Bolivia,1,false,-69.667,-22.898,-57.465,-9.679,1.08681e6,1.08681e6,-69.667,-22.898,-57.465,-9.679,,,,,,,,,,,,,,,,,,,,
SUBUNIT,Bonin Islands,6,false,142.078,26.618,142.242,27.73,61.477,31.1037,142.111,26.618,142.194,26.722,21.9132,142.18,27.04,142.242,27.099,5.7767,142.184,27.145,142.205,27.186,1.74139,142.179,27.599,142.196,27.62,0.471299,142.078,27.716,142.086,27.73
SUBUNIT,Bornholm,1,false,14.684,54.991,15.152,55.31,598.05,598.05,14.684,54.991,15.152,55.31,,,,,,,,,,,,,,,,,,,,
SUBUNIT,Bosnia and Herzegovina,3,false,15.716,42.574,19.058,45.219,28814.4,28219.3,15.716,42.574,19.058,45.219,329.504,18.48,44.841,18.843,45.101,265.561,18.143,44.987,18.452,45.158,,,,,,,,,,
SUBUNIT,Botswana,1,false,19.978,-26.892,29.351,-17.781,579029.0,579029.0,19.978,-26.892,29.351,-17.781,,,,,,,,,,,,,,,,,,,,
SUBUNIT,Bougainville,5,false,154.134,-6.877,155.968,-3.206,9403.79,8712.59,154.698,-6.877,155.968,-5.426,601.061,154.535,-5.46,154.728,-5.013,47.7493,154.553,-3.461,154.738,-3.206,32.1138,154.178,-4.581,154.255,-4.464,10.2749,154.134,-4.439,154.159,-4.369
SUBUNIT,Bouvet Island,1,false,3.345,-54.463,3.487,-54.38,55.2098,55.2098,3.345,-54.463,3.487,-54.38,,,,,,,,,,,,,,,,,,,,
SUBUNIT,Brazil,43,false,-74.019,-33.743,-28.877,5.268,8.47266e6,8.41812e6,-74.019,-33.743,-34.793,5.268,38765.2,-50.814,-1.833,-48.366,-0.099,3964.38,-51.955,-1.484,-51.149,-0.518,2291.76,-50.384,-0.053,-49.528,0.387,1125.15,-51.039,-0.331,-50.627,0.047
SUBUNIT,Brazilian Island,1,false,-57.643,-30.194,-57.602,-30.182,2.82463,2.82463,-57.643,-30.194,-57.602,-30.182,,,,,,,,,,,,,,,,,,,,
SUBUNIT,Brcko District,1,false,18.748,44.744,18.976,44.893,153.524,153.524,18.748,44.744,18.976,44.893,,,,,,,,,,,,,,,,,,,,
SUBUNIT,British Indian Ocean Territory,8,false,71.26,-6.657,72.231,-5.226,7.02229,3.76964,71.338,-6.205,71.361,-6.177,1.1329,71.26,-6.389,71.269,-6.37,0.506538,71.762,-5.441,71.775,-5.431,0.50269,71.737,-5.286,71.748,-5.269,0.332565,71.35,-6.657,71.363,-6.652
SUBUNIT,British Virgin Islands,6,false,-64.774,18.334,-64.27,18.747,144.938,63.756,-64.715,18.383,-64.516,18.455,34.1428,-64.409,18.7,-64.27,18.747,33.0646,-64.444,18.443,-64.326,18.512,6.4657,-64.774,18.437,-64.724,18.455,4.70896,-64.604,18.334,-64.567,18.361
SUBUNIT,Brunei,2,false,113.998,4.016,115.361,5.058,5716.64,4417.71,113.998,4.016,115.104,5.058,1298.93,115.022,4.313,115.361,4.909,,,,,,,,,,,,,,,
SUBUNIT,Brussels Capital Region,1,false,4.245,50.764,4.48,50.915,164.538,164.538,4.245,50.764,4.48,50.915,,,,,,,,,,,,,,,,,,,,
SUBUNIT,Bulgaria,1,false,22.345,41.238,28.604,44.229,112760.0,112760.0,22.345,41.238,28.604,44.229,,,,,,,,,,,,,,,,,,,,
SUBUNIT,Burkina Faso,1,false,-5.523,9.391,2.391,15.08,272769.0,272769.0,-5.523,9.391,2.391,15.08,,,,,,,,,,,,,,,,,,,,
SUBUNIT,Burundi,1,false,28.986,-4.464,30.834,-2.303,27041.2,27041.2,28.986,-4.464,30.834,-2.303,,,,,,,,,,,,,,,,,,,,
SUBUNIT,Cabo Verde,11,false,-25.361,14.803,-22.666,17.197,3926.72,961.382,-23.793,14.907,-23.443,15.333,741.664,-25.361,16.917,-24.971,17.197,635.576,-22.964,15.982,-22.666,16.244,460.234,-24.527,14.815,-24.292,15.046,335.782,-24.431,16.482,-24.032,16.682
SUBUNIT,Cambodia,6,false,102.313,10.415,107.611,14.705,181060.0,180798.0,102.313,10.415,107.611,14.705,103.027,102.981,11.255,103.049,11.427,70.384,103.198,10.672,103.319,10.783,33.6291,103.743,10.453,103.806,10.517,32.421,102.995,11.426,103.051,11.53
SUBUNIT,Cameroon,1,false,8.505,1.654,16.208,13.082,464318.0,464318.0,8.505,1.654,16.208,13.082,,,,,,,,,,,,,,,,,,,,
SUBUNIT,Canada,412,false,-141.006,41.669,-52.616,83.117,9.94563e6,8.13806e6,-141.006,41.669,-55.616,72.003,514388.0,-90.119,61.858,-61.267,73.856,220425.0,-119.138,68.454,-100.872,73.385,203079.0,-74.713,43.47,-60.968,49.267,198129.0,-91.957,76.129,-61.085,83.117
SUBUNIT,Canary Islands,8,false,-18.168,27.642,-13.417,29.29,7435.23,2003.94,-16.917,27.997,-16.117,28.584,1638.2,-14.508,28.05,-13.821,28.754,1558.42,-15.822,27.734,-15.363,28.18,828.533,-13.877,28.839,-13.417,29.244,707.868,-18.003,28.455,-17.721,28.856
SUBUNIT,Caribbean Netherlands,3,false,-68.418,12.022,-62.945,17.647,295.229,269.13,-68.418,12.022,-68.19,12.311,19.0348,-62.998,17.464,-62.945,17.526,7.06432,-63.252,17.614,-63.223,17.647,,,,,,,,,,
SUBUNIT,Cayman Islands,3,false,-81.417,19.263,-79.726,19.758,309.202,222.812,-81.417,19.263,-81.086,19.395,46.8189,-79.894,19.679,-79.726,19.758,39.5708,-80.114,19.654,-79.964,19.715,,,,,,,,,,
SUBUNIT,Central African Republic,1,false,14.387,2.236,27.442,11.001,617984.0,617984.0,14.387,2.236,27.442,11.001,,,,,,,,,,,,,,,,,,,,
SUBUNIT,Ceuta,1,false,-5.399,35.847,-5.283,35.927,42.7303,42.7303,-5.399,35.847,-5.283,35.927,,,,,,,,,,,,,,,,,,,,
SUBUNIT,Chad,1,false,13.449,7.455,23.985,23.445,1.26628e6,1.26628e6,13.449,7.455,23.985,23.445,,,,,,,,,,,,,,,,,,,,
SUBUNIT,Chatham Islands,2,false,-176.855,-44.342,-176.113,-43.703,817.462,746.719,-176.855,-44.124,-176.169,-43.703,70.743,-176.237,-44.342,-176.113,-44.221,,,,,,,,,,,,,,,
SUBUNIT,Chile,157,false,-75.712,-55.919,-66.42,-17.506,736274.0,648334.0,-75.712,-53.887,-67.013,-17.506,26556.3,-72.008,-54.949,-68.627,-52.451,8130.75,-74.408,-43.424,-73.374,-41.77,5731.54,-75.469,-50.054,-74.42,-48.678,4021.3,-70.032,-55.717,-67.965,-54.928
SUBUNIT,China,62,false,73.602,20.238,134.773,53.57,9.34137e6,9.33589e6,73.602,20.238,134.773,53.57,1254.97,121.176,31.439,121.987,31.842,436.125,121.963,29.933,122.328,30.149,251.987,110.245,20.937,110.548,21.096,247.291,119.668,25.404,119.875,25.66
SUBUNIT,Christmas Island,1,false,105.581,-10.567,105.715,-10.43,98.7207,98.7207,105.581,-10.567,105.715,-10.43,,,,,,,,,,,,,,,,,,,,
SUBUNIT,Clipperton Island,1,false,-109.235,10.281,-109.21,10.312,5.00196,5.00196,-109.235,10.281,-109.21,10.312,,,,,,,,,,,,,,,,,,,,
SUBUNIT,Cocos (Keeling) Islands,2,false,96.821,-12.2,96.922,-12.126,13.2078,7.67033,96.821,-12.198,96.87,-12.126,5.53751,96.888,-12.2,96.922,-12.161,,,,,,,,,,,,,,,
SUBUNIT,Colombia,11,false,-81.724,-4.237,-66.875,13.579,1.13512e6,1.13455e6,-79.022,-4.237,-66.875,12.469,174.024,-78.217,2.504,-78.096,2.688,157.86,-77.55,4.196,-77.271,4.342,75.8893,-77.886,2.601,-77.754,2.725,71.8659,-77.921,2.577,-77.785,2.698
SUBUNIT,Comoros,3,false,43.213,-12.381,44.53,-11.361,1672.23,1024.67,43.213,-11.933,43.499,-11.361,448.593,44.206,-12.381,44.53,-12.064,198.961,43.629,-12.374,43.862,-12.236,,,,,,,,,,
SUBUNIT,Cook Islands,13,false,-165.825,-21.939,-157.312,-8.946,191.133,64.1645,-159.847,-21.255,-159.736,-21.186,38.6485,-157.969,-21.939,-157.887,-21.877,20.5624,-158.136,-20.02,-158.078,-19.972,20.1825,-157.743,-19.856,-157.707,-19.767,14.5483,-159.803,-18.888,-159.761,-18.828
SUBUNIT,Coral Sea Islands,1,false,154.388,-21.031,154.392,-21.028,0.0207323,0.0207323,154.388,-21.031,154.392,-21.028,,,,,,,,,,,,,,,,,,,,
SUBUNIT,Corsica,2,false,8.545,41.365,9.56,43.018,8666.33,8665.58,8.545,41.365,9.56,43.018,0.752285,9.456,42.619,9.483,42.648,,,,,,,,,,,,,,,
SUBUNIT,Costa Rica,4,false,-87.118,5.515,-82.562,11.21,51151.0,51093.2,-85.947,8.034,-82.562,11.21,38.609,-85.2,10.074,-85.097,10.125,15.7604,-87.118,5.515,-87.064,5.558,3.46192,-83.897,8.698,-83.869,8.714,,,,,
SUBUNIT,Crimea,1,false,32.481,44.381,36.639,46.219,27094.7,27094.7,32.481,44.381,36.639,46.219,,,,,,,,,,,,,,,,,,,,
SUBUNIT,Croatia,25,false,13.501,42.416,19.408,46.547,55023.3,51491.6,13.501,42.942,19.408,46.547,750.086,17.001,42.416,18.498,43.052,406.788,14.277,44.618,14.535,45.176,397.571,14.425,44.943,14.815,45.25,385.236,16.405,43.263,16.893,43.395
SUBUNIT,Cuba,41,false,-84.95,19.827,-74.132,23.266,109929.0,105744.0,-84.95,19.827,-74.132,23.213,2254.41,-83.192,21.437,-82.54,21.949,347.22,-77.95,21.91,-77.624,22.103,340.235,-78.697,22.418,-78.278,22.562,214.245,-78.313,22.266,-78.01,22.438
SUBUNIT,Curaçao,1,false,-69.172,12.041,-68.739,12.392,463.243,463.243,-69.172,12.041,-68.739,12.392,,,,,,,,,,,,,,,,,,,,
SUBUNIT,Cyprus,4,false,32.271,34.625,34.1,35.188,5395.04,5197.93,32.271,34.625,33.703,35.188,193.558,33.799,34.958,34.1,35.074,2.07747,33.759,34.976,33.795,34.991,1.47344,33.738,35.001,33.753,35.016,,,,,
SUBUNIT,Cyprus No Mans Area,3,false,32.584,34.977,34.022,35.2,340.999,316.714,32.691,34.977,33.716,35.2,12.4328,33.898,35.047,34.022,35.07,11.852,32.584,35.151,32.66,35.189,,,,,,,,,,
SUBUNIT,Czechia,1,false,12.076,48.557,18.838,51.041,78759.0,78759.0,12.076,48.557,18.838,51.041,,,,,,,,,,,,,,,,,,,,
SUBUNIT,Democratic Republic of the Congo,2,false,12.21,-13.459,31.281,5.376,2.32524e6,2.32512e6,12.21,-13.459,31.281,5.376,118.283,12.745,-5.961,12.995,-5.868,,,,,,,,,,,,,,,
SUBUNIT,Denmark,14,false,8.094,54.568,12.675,57.752,42097.8,28625.4,8.094,54.801,10.965,57.752,7587.43,10.875,54.568,12.622,56.129,2994.05,9.676,55.029,10.835,55.619,1201.19,10.999,54.626,11.856,54.962,368.622,8.514,56.678,8.929,56.98
SUBUNIT,Dhekelia Sovereign Base Area,1,false,33.674,34.937,33.922,35.119,127.423,127.423,33.674,34.937,33.922,35.119,,,,,,,,,,,,,,,,,,,,
SUBUNIT,Diego Garcia Naval Support Facility,2,false,72.357,-7.433,72.495,-7.226,42.0391,31.4859,72.357,-7.433,72.485,-7.268,10.5531,72.439,-7.362,72.495,-7.226,,,,,,,,,,,,,,,
SUBUNIT,Djibouti,1,false,41.749,10.929,43.419,12.708,21848.0,21848.0,41.749,10.929,43.419,12.708,,,,,,,,,,,,,,,,,,,,
SUBUNIT,Dokdo,1,false,131.86,37.241,131.863,37.245,0.0303633,0.0303633,131.86,37.241,131.863,37.245,,,,,,,,,,,,,,,,,,,,
SUBUNIT,Dominica,1,false,-61.489,15.201,-61.249,15.634,730.312,730.312,-61.489,15.201,-61.249,15.634,,,,,,,,,,,,,,,,,,,,
SUBUNIT,Dominican Republic,3,false,-72.01,17.545,-68.328,19.938,48439.9,48281.6,-72.01,17.604,-68.328,19.938,121.186,-68.787,18.107,-68.57,18.201,37.1212,-71.542,17.545,-71.467,17.622,,,,,,,,,,
SUBUNIT,East Timor,2,false,124.907,-9.486,127.314,-8.135,14342.8,14192.8,124.907,-9.486,127.314,-8.309,149.964,125.503,-8.318,125.651,-8.135,,,,,,,,,,,,,,,
SUBUNIT,Easter Island,2,false,-109.454,-27.202,-105.459,-26.455,175.274,174.878,-109.454,-27.202,-109.22,-27.059,0.396129,-105.471,-26.465,-105.459,-26.455,,,,,,,,,,,,,,,
SUBUNIT,Ecuador,4,false,-81.014,-5.012,-75.227,1.435,247313.0,246171.0,-81.014,-5.012,-75.227,1.435,942.459,-80.272,-3.035,-79.902,-2.662,101.838,-78.996,1.236,-78.894,1.375,97.1731,-79.882,-2.652,-79.772,-2.485,,,,,
SUBUNIT,Egypt,8,false,24.688,21.994,36.9,31.657,1.00106e6,1.00087e6,24.688,21.994,36.9,31.657,60.8644,34.489,27.917,34.621,28.017,49.9058,33.913,27.448,34.052,27.537,29.5707,34.661,27.908,34.733,27.959,20.3936,32.934,31.147,33.263,31.241
SUBUNIT,El Salvador,3,false,-90.115,13.158,-87.693,14.446,20539.4,20516.2,-90.115,13.158,-87.703,14.446,15.7031,-87.729,13.163,-87.693,13.217,7.57467,-87.781,13.214,-87.751,13.249,,,,,,,,,,
SUBUNIT,England,7,false,-6.349,49.909,1.772,55.806,130434.0,129916.0,-5.716,49.959,1.772,55.806,403.483,-1.57,50.582,-1.062,50.774,89.1589,0.733,51.364,0.943,51.448,16.0566,-1.021,50.78,-0.938,50.83,3.47663,-6.31,49.909,-6.284,49.936
SUBUNIT,Eritrea,3,false,36.423,12.36,43.124,18.005,122538.0,121764.0,36.423,12.36,43.124,18.005,677.157,39.923,15.572,40.415,15.894,96.5293,39.99,15.981,40.119,16.108,,,,,,,,,,
SUBUNIT,Estonia,8,false,21.832,57.515,28.187,59.671,45819.0,41623.8,23.408,57.515,28.187,59.671,2769.86,21.832,57.914,23.334,58.635,1073.18,22.044,58.686,23.041,59.09,201.243,23.059,58.532,23.401,58.682,103.27,23.114,58.968,23.394,59.046
SUBUNIT,Ethiopia,1,false,32.989,3.403,47.98,14.88,1.12737e6,1.12737e6,32.989,3.403,47.98,14.88,,,,,,,,,,,,,,,,,,,,
SUBUNIT,Europa I.,1,false,40.329,-22.366,40.386,-22.314,18.5634,18.5634,40.329,-22.366,40.386,-22.314,,,,,,,,,,,,,,,,,,,,
SUBUNIT,Falkland Islands,15,false,-61.319,-52.407,-57.734,-51.027,11597.2,6302.41,-59.722,-52.342,-57.734,-51.248,4460.26,-61.037,-52.237,-59.214,-51.337,222.574,-61.154,-51.954,-60.852,-51.76,127.062,-60.301,-51.407,-60.049,-51.26,118.806,-59.809,-51.338,-59.447,-51.241
SUBUNIT,Faroe Islands,11,false,-7.645,61.394,-6.275,62.399,1328.53,369.53,-7.237,61.938,-6.698,62.315,296.106,-7.086,62.061,-6.564,62.337,164.666,-7.432,62.019,-7.038,62.164,161.262,-6.963,61.394,-6.646,61.65,118.028,-6.908,61.746,-6.612,61.91
SUBUNIT,Federated States of Micronesia,20,false,138.063,0.918,163.047,9.776,633.849,340.645,158.125,6.788,158.339,6.979,113.687,162.912,5.269,163.047,5.38,92.7741,138.063,9.412,138.22,9.589,30.8876,151.568,7.327,151.651,7.392,18.5636,151.855,7.424,151.918,7.466
SUBUNIT,Fiji,44,true,174.588,-21.712,-178.216,-12.475,18930.1,10893.3,177.251,-18.274,178.712,-17.3,5731.66,178.479,-17.008,180.0,-16.149,489.802,177.951,-19.158,178.499,-18.924,324.09,-180.0,-16.965,-179.815,-16.677,147.05,179.232,-18.119,179.363,-17.934
SUBUNIT,Finland,42,false,20.623,59.811,31.57,70.076,333059.0,331390.0,20.623,59.811,31.57,70.076,457.3,22.415,59.984,22.957,60.297,151.279,24.562,64.95,25.062,65.095,122.897,21.078,63.15,21.429,63.288,92.898,21.785,60.326,21.998,60.472
SUBUNIT,Flemish Region,2,false,2.521,50.688,5.911,51.497,13517.8,13481.2,2.521,50.688,5.846,51.497,36.6426,5.732,50.71,5.911,50.774,,,,,,,,,,,,,,,
SUBUNIT,France,8,false,-5.133,42.325,8.201,51.088,539175.0,538721.0,-4.785,42.325,8.201,51.088,182.665,-1.405,45.814,-1.176,46.054,83.7657,-3.263,47.296,-3.062,47.396,79.0912,-1.556,46.156,-1.254,46.262,57.5352,-2.296,46.909,-2.137,47.036
SUBUNIT,French Guiana,1,false,-54.616,2.11,-51.649,5.745,83183.7,83183.7,-54.616,2.11,-51.649,5.745,,,,,,,,,,,,,,,,,,,,
SUBUNIT,French Polynesia,88,false,-154.537,-27.642,-134.942,-7.95,3336.5,1035.25,-149.643,-17.87,-149.149,-17.494,340.835,-139.174,-9.855,-138.814,-9.694,336.161,-140.262,-8.954,-140.014,-8.781,191.08,-140.839,-17.864,-140.619,-17.684,174.614,-151.495,-16.903,-151.352,-16.736
SUBUNIT,French Southern Antarctic Lands,13,false,50.175,-49.722,77.586,-37.82,7254.99,6587.01,68.748,-49.722,70.569,-48.654,194.393,69.192,-49.095,69.412,-48.884,140.575,51.656,-46.452,51.869,-46.327,64.7044,50.175,-46.128,50.299,-46.043,53.1913,77.487,-37.902,77.586,-37.82
SUBUNIT,Gabon,3,false,8.695,-3.937,14.499,2.323,259968.0,259843.0,8.695,-3.937,14.499,2.323,125.585,8.949,-0.763,9.042,-0.592,0.129128,9.376,0.806,9.385,0.81,,,,,,,,,,
SUBUNIT,Galapagos Islands,12,false,-92.012,-1.402,-89.254,1.665,7701.52,4625.16,-91.607,-1.031,-90.791,0.154,956.709,-90.547,-0.78,-90.18,-0.483,594.641,-91.672,-0.491,-91.396,-0.249,561.886,-89.632,-0.957,-89.254,-0.68,558.859,-90.875,-0.37,-90.551,-0.147
SUBUNIT,Gambia,1,false,-16.83,13.065,-13.818,13.82,10501.1,10501.1,-16.83,13.065,-13.818,13.82,,,,,,,,,,,,,,,,,,,,
SUBUNIT,Gaza,1,false,34.2,31.211,34.557,31.584,339.467,339.467,34.2,31.211,34.557,31.584,,,,,,,,,,,,,,,,,,,,
SUBUNIT,Georgia,1,false,39.985,41.044,46.695,43.576,66615.1,66615.1,39.985,41.044,46.695,43.576,,,,,,,,,,,,,,,,,,,,
SUBUNIT,Germany,22,false,5.852,47.271,15.023,55.066,357674.0,355707.0,5.852,47.271,15.023,54.906,952.506,13.115,54.228,13.767,54.689,374.567,13.752,53.844,14.211,54.179,164.734,11.005,54.412,11.315,54.536,103.975,8.277,54.742,8.655,55.066
SUBUNIT,Ghana,1,false,-3.263,4.737,1.188,11.163,238669.0,238669.0,-3.263,4.737,1.188,11.163,,,,,,,,,,,,,,,,,,,,
SUBUNIT,Gibraltar,1,false,-5.359,36.11,-5.338,36.142,3.69249,3.69249,-5.359,36.11,-5.338,36.142,,,,,,,,,,,,,,,,,,,,
SUBUNIT,Glorioso Islands,1,false,47.287,-11.57,47.307,-11.55,1.96828,1.96828,47.287,-11.57,47.307,-11.55,,,,,,,,,,,,,,,,,,,,
SUBUNIT,Greece,74,false,19.626,34.815,28.24,41.751,131353.0,106704.0,19.999,36.39,26.637,41.751,8285.89,23.518,34.931,26.322,35.687,3660.54,22.832,37.96,24.595,39.043,1637.59,25.834,38.967,26.613,39.384,1429.17,27.684,35.89,28.24,36.457
SUBUNIT,Greenland,128,false,-73.058,59.792,-11.376,83.635,2.15438e6,2.11222e6,-73.058,59.987,-11.376,83.635,8640.47,-54.993,69.235,-51.836,70.325,3812.82,-28.138,70.43,-25.283,71.087,3448.39,-24.486,72.12,-21.928,72.882,2253.75,-25.711,73.036,-22.892,73.426
SUBUNIT,Grenada,2,false,-61.791,12.002,-61.421,12.53,347.259,313.136,-61.791,12.002,-61.602,12.24,34.1231,-61.497,12.44,-61.421,12.53,,,,,,,,,,,,,,,
SUBUNIT,Guadeloupe,6,false,-61.798,15.846,-60.989,16.514,1657.32,841.623,-61.798,15.949,-61.547,16.366,632.907,-61.549,16.202,-61.163,16.514,152.597,-61.333,15.873,-61.193,16.01,22.0554,-61.092,16.302,-60.989,16.354,4.10712,-61.639,15.846,-61.616,15.872
SUBUNIT,Guam,1,false,144.624,13.241,144.953,13.655,564.205,564.205,144.624,13.241,144.953,13.655,,,,,,,,,,,,,,,,,,,,
SUBUNIT,Guatemala,1,false,-92.247,13.731,-88.22,17.817,108811.0,108811.0,-92.247,13.731,-88.22,17.817,,,,,,,,,,,,,,,,,,,,
SUBUNIT,Guernsey,1,false,-2.674,49.426,-2.501,49.516,62.4312,62.4312,-2.674,49.426,-2.501,49.516,,,,,,,,,,,,,,,,,,,,
SUBUNIT,Guinea,1,false,-15.082,7.19,-7.662,12.674,244302.0,244302.0,-15.082,7.19,-7.662,12.674,,,,,,,,,,,,,,,,,,,,
SUBUNIT,Guinea-Bissau,13,false,-16.729,10.927,-13.66,12.68,32829.1,31356.2,-16.729,10.927,-13.66,12.68,257.577,-16.249,11.028,-16.048,11.209,234.314,-16.084,11.419,-15.898,11.607,195.604,-16.166,11.755,-15.985,11.901,118.971,-16.427,11.48,-16.241,11.584
SUBUNIT,Guyana,2,false,-61.397,1.185,-56.481,8.559,211214.0,211150.0,-61.397,1.185,-56.481,8.559,63.4153,-58.464,6.883,-58.333,6.974,,,,,,,,,,,,,,,
SUBUNIT,Hainan,1,false,108.615,18.169,111.035,20.164,33840.7,33840.7,108.615,18.169,111.035,20.164,,,,,,,,,,,,,,,,,,,,
SUBUNIT,Haiti,5,false,-74.49,18.025,-71.639,20.09,26891.6,25937.9,-74.49,18.025,-71.639,19.946,683.866,-73.3,18.696,-72.805,18.972,183.149,-72.961,19.984,-72.627,20.09,46.9812,-73.708,18.057,-73.577,18.109,39.7172,-73.797,18.588,-73.714,18.64
SUBUNIT,Hawaii,14,false,-178.305,18.906,-154.814,28.402,16848.0,10523.3,-156.061,18.906,-154.814,20.264,1923.21,-156.697,20.581,-155.979,21.033,1568.09,-158.279,21.254,-157.647,21.71,1463.21,-159.788,21.868,-159.292,22.236,689.082,-157.305,21.053,-156.705,21.222
SUBUNIT,Heard Island and McDonald Islands,1,false,73.236,-53.193,73.813,-52.961,394.833,394.833,73.236,-53.193,73.813,-52.961,,,,,,,,,,,,,,,,,,,,
SUBUNIT,Herm,1,false,-2.456,49.462,-2.445,49.484,1.05716,1.05716,-2.456,49.462,-2.445,49.484,,,,,,,,,,,,,,,,,,,,
SUBUNIT,Hokkaido,1,false,139.767,41.401,145.825,45.521,78318.3,78318.3,139.767,41.401,145.825,45.521,,,,,,,,,,,,,,,,,,,,
SUBUNIT,Honduras,7,false,-89.364,12.979,-83.13,17.419,112236.0,111907.0,-89.364,12.979,-83.13,16.034,149.752,-86.607,16.269,-86.181,16.433,61.0256,-85.951,16.403,-85.816,16.518,48.6486,-87.66,13.304,-87.57,13.374,44.8899,-86.998,16.066,-86.872,16.128
SUBUNIT,Hong Kong S.A.R.,4,false,113.837,22.177,114.402,22.564,1036.2,793.165,113.896,22.258,114.402,22.564,147.545,113.837,22.197,114.055,22.346,81.5336,114.112,22.189,114.257,22.292,13.9606,114.104,22.177,114.155,22.236,,,,,
SUBUNIT,Honshu,1,false,130.861,33.433,142.071,41.547,229140.0,229140.0,130.861,33.433,142.071,41.547,,,,,,,,,,,,,,,,,,,,
SUBUNIT,Howland Island,1,false,-176.641,0.79,-176.636,0.807,0.478955,0.478955,-176.641,0.79,-176.636,0.807,,,,,,,,,,,,,,,,,,,,
SUBUNIT,Hungary,1,false,16.094,45.741,22.878,48.57,93200.7,93200.7,16.094,45.741,22.878,48.57,,,,,,,,,,,,,,,,,,,,
SUBUNIT,Iceland,5,false,-24.54,63.396,-13.502,66.565,102390.0,102362.0,-24.54,63.396,-13.502,66.537,9.55926,-20.306,63.402,-20.252,63.452,7.69093,-17.824,63.68,-17.743,63.72,7.11048,-18.415,65.978,-18.356,66.028,3.90562,-18.02,66.533,-17.976,66.565
SUBUNIT,India,6,false,68.143,8.075,97.363,35.496,3.1436e6,3.14312e6,68.143,8.075,97.363,35.496,221.28,88.042,21.625,88.168,21.87,79.8975,88.584,21.787,88.671,21.928,77.8437,80.868,15.741,80.989,15.847,58.7218,88.83,21.523,88.914,21.614
SUBUNIT,Indonesia,264,false,95.012,-10.923,140.978,5.911,1.87983e6,529906.0,108.855,-4.185,119.012,4.397,427977.0,95.197,-5.931,106.08,5.655,381927.0,130.948,-9.107,140.978,-0.347,170046.0,118.757,-5.704,125.25,1.745,126179.0,105.216,-8.778,114.626,-5.881
SUBUNIT,Iran,12,false,44.014,25.059,63.32,39.772,1.62251e6,1.62068e6,44.014,25.059,63.32,39.772,1460.62,55.273,26.543,56.288,27.003,93.5975,53.902,26.488,54.053,26.566,83.1943,53.149,26.79,53.383,26.857,42.2584,56.322,26.827,56.41,26.894
SUBUNIT,Iraq,1,false,38.774,29.063,48.56,37.063,399119.0,399119.0,38.774,29.063,48.56,37.063,,,,,,,,,,,,,,,,,,,,
SUBUNIT,Iraqi Kurdistan,1,false,42.357,34.512,46.328,37.376,38248.3,38248.3,42.357,34.512,46.328,37.376,,,,,,,,,,,,,,,,,,,,
SUBUNIT,Ireland,7,false,-10.479,51.445,-5.993,55.387,69445.2,69177.2,-10.479,51.445,-5.993,55.387,154.14,-10.266,53.88,-9.922,54.023,29.5228,-9.812,53.09,-9.64,53.147,24.2115,-10.43,51.882,-10.297,51.932,23.0014,-9.721,53.226,-9.638,53.283
SUBUNIT,Isla Sala y Gomez,4,false,-80.778,-33.776,-78.757,-26.266,145.298,91.6823,-78.992,-33.67,-78.757,-33.575,51.1653,-80.778,-33.776,-80.702,-33.685,1.51173,-79.91,-26.359,-79.89,-26.347,0.938684,-80.108,-26.276,-80.09,-26.266,,,,,
SUBUNIT,Isle of Man,1,false,-4.791,54.056,-4.311,54.42,574.809,574.809,-4.791,54.056,-4.311,54.42,,,,,,,,,,,,,,,,,,,,
SUBUNIT,Isole Pelagie,2,false,12.526,35.489,12.877,35.873,21.0809,16.2213,12.526,35.489,12.624,35.522,4.85956,12.845,35.852,12.877,35.873,,,,,,,,,,,,,,,
SUBUNIT,Israel,1,false,34.248,29.489,35.889,33.407,22101.4,22101.4,34.248,29.489,35.889,33.407,,,,,,,,,,,,,,,,,,,,
SUBUNIT,Italy,10,false,6.602,37.919,18.518,47.086,251203.0,250834.0,6.602,37.919,18.518,47.086,232.567,10.101,42.708,10.444,42.874,49.8699,13.849,40.694,13.966,40.763,26.9714,9.784,43.007,9.855,43.075,25.278,10.861,42.318,10.94,42.393
SUBUNIT,Ivory Coast,2,false,-8.619,4.344,-2.506,10.727,320677.0,320613.0,-8.619,4.344,-2.506,10.727,64.7141,-3.277,5.091,-3.115,5.164,,,,,,,,,,,,,,,
SUBUNIT,Izushoto,7,false,139.253,32.44,139.878,34.798,281.821,101.401,139.351,34.676,139.459,34.798,84.5116,139.739,33.039,139.878,33.15,50.1433,139.487,34.035,139.576,34.114,26.9257,139.253,34.322,139.303,34.418,17.1466,139.579,33.852,139.63,33.897
SUBUNIT,Jamaica,1,false,-78.375,17.703,-76.187,18.526,11032.9,11032.9,-78.375,17.703,-76.187,18.526,,,,,,,,,,,,,,,,,,,,
SUBUNIT,Jan Mayen,1,false,-9.118,70.806,-7.938,71.181,458.679,458.679,-9.118,70.806,-7.938,71.181,,,,,,,,,,,,,,,,,,,,
SUBUNIT,Japan,63,false,128.6,24.282,153.986,45.469,6876.07,895.962,138.212,37.796,138.576,38.324,600.298,134.657,34.19,135.031,34.609,591.757,129.958,32.19,130.209,32.548,516.937,130.376,30.225,130.675,30.468,469.547,129.228,34.3,129.489,34.702
SUBUNIT,Jarvis Island,1,false,-160.03,-0.389,-160.008,-0.372,2.33692,2.33692,-160.03,-0.389,-160.008,-0.372,,,,,,,,,,,,,,,,,,,,
SUBUNIT,Jejudo,1,false,126.161,33.197,126.954,33.564,1867.85,1867.85,126.161,33.197,126.954,33.564,,,,,,,,,,,,,,,,,,,,
SUBUNIT,Jersey,1,false,-2.243,49.171,-2.008,49.268,119.05,119.05,-2.243,49.171,-2.008,49.268,,,,,,,,,,,,,,,,,,,,
SUBUNIT,Johnston Atoll,3,false,-169.55,16.721,-169.512,16.763,2.45571,1.68685,-169.55,16.721,-169.522,16.734,0.760268,-169.54,16.754,-169.517,16.763,0.0085965,-169.514,16.743,-169.512,16.746,,,,,,,,,,
SUBUNIT,Jordan,1,false,34.949,29.189,39.292,33.372,88862.7,88862.7,34.949,29.189,39.292,33.372,,,,,,,,,,,,,,,,,,,,
SUBUNIT,Juan De Nova Island,1,false,42.724,-17.077,42.759,-17.057,4.04772,4.04772,42.724,-17.077,42.759,-17.057,,,,,,,,,,,,,,,,,,,,
SUBUNIT,Kaliningrad,1,false,19.609,54.342,22.849,55.29,13450.5,13450.5,19.609,54.342,22.849,55.29,,,,,,,,,,,,,,,,,,,,
SUBUNIT,Kazakhstan,6,false,46.478,40.584,87.324,55.435,2.71427e6,2.71386e6,46.478,40.584,87.324,55.435,111.855,52.552,45.396,52.703,45.528,88.0754,49.719,46.21,49.842,46.358,84.6226,49.986,44.817,50.19,45.08,71.9888,50.256,44.955,50.354,45.087
SUBUNIT,Kenya,2,false,33.89,-4.678,41.886,5.031,585702.0,585530.0,33.89,-4.678,41.886,5.031,172.239,40.957,-2.198,41.163,-2.036,,,,,,,,,,,,,,,
SUBUNIT,Kermadec Is.,1,false,-177.958,-29.293,-177.848,-29.221,39.184,39.184,-177.958,-29.293,-177.848,-29.221,,,,,,,,,,,,,,,,,,,,
SUBUNIT,Kingman Reef,1,false,-162.401,6.43,-162.385,6.446,2.71326,2.71326,-162.401,6.43,-162.385,6.446,,,,,,,,,,,,,,,,,,,,
SUBUNIT,Kiribati,35,true,169.522,-11.462,-151.78,4.724,949.863,436.467,-157.582,1.709,-157.174,2.035,92.745,-159.411,3.784,-159.249,3.934,30.9804,-155.019,-4.095,-154.94,-4.031,28.2579,175.008,-1.553,175.069,-1.428,25.2279,174.716,-1.265,174.779,-1.134
SUBUNIT,Korean Demilitarized Zone (north),1,false,126.607,37.787,128.365,38.676,1142.08,1142.08,126.607,37.787,128.365,38.676,,,,,,,,,,,,,,,,,,,,
SUBUNIT,Korean Demilitarized Zone (south),1,false,126.66,37.782,128.395,38.625,1097.67,1097.67,126.66,37.782,128.395,38.625,,,,,,,,,,,,,,,,,,,,
SUBUNIT,Kosovo,1,false,20.024,41.844,21.773,43.264,10913.1,10913.1,20.024,41.844,21.773,43.264,,,,,,,,,,,,,,,,,,,,
SUBUNIT,Kuwait,4,false,46.532,28.533,48.433,30.099,17473.5,16682.7,46.532,28.533,48.433,30.099,703.898,48.046,29.599,48.36,29.996,57.9913,48.269,29.387,48.4,29.474,28.9703,48.009,29.969,48.11,30.03,,,,,
SUBUNIT,Kyrgyzstan,1,false,69.226,39.189,80.258,43.262,198990.0,198990.0,69.226,39.189,80.258,43.262,,,,,,,,,,,,,,,,,,,,
SUBUNIT,Kyushu,1,false,129.552,31.003,132.085,33.967,36951.0,36951.0,129.552,31.003,132.085,33.967,,,,,,,,,,,,,,,,,,,,
SUBUNIT,Lakshadweep,11,false,72.172,8.249,73.685,11.695,34.1186,10.1561,73.022,8.249,73.084,8.316,7.90584,72.172,10.809,72.201,10.879,7.63632,72.77,11.186,72.796,11.262,3.33161,73.631,10.057,73.647,10.095,1.4601,72.627,10.554,72.651,10.574
SUBUNIT,Laos,1,false,100.097,13.915,107.665,22.497,228114.0,228114.0,100.097,13.915,107.665,22.497,,,,,,,,,,,,,,,,,,,,
SUBUNIT,Latvia,1,false,20.968,55.666,28.218,58.076,64576.3,64576.3,20.968,55.666,28.218,58.076,,,,,,,,,,,,,,,,,,,,
SUBUNIT,Lebanon,1,false,35.099,33.055,36.605,34.688,10004.1,10004.1,35.099,33.055,36.605,34.688,,,,,,,,,,,,,,,,,,,,
SUBUNIT,Lesotho,1,false,27.002,-30.659,29.436,-28.57,30106.4,30106.4,27.002,-30.659,29.436,-28.57,,,,,,,,,,,,,,,,,,,,
SUBUNIT,Liberia,1,false,-11.477,4.347,-7.384,8.566,95298.2,95298.2,-11.477,4.347,-7.384,8.566,,,,,,,,,,,,,,,,,,,,
SUBUNIT,Libya,1,false,9.286,19.496,25.157,33.182,1.62376e6,1.62376e6,9.286,19.496,25.157,33.182,,,,,,,,,,,,,,,,,,,,
SUBUNIT,Liechtenstein,1,false,9.475,47.052,9.616,47.263,137.25,137.25,9.475,47.052,9.616,47.263,,,,,,,,,,,,,,,,,,,,
SUBUNIT,Lithuania,2,false,20.924,53.886,26.801,56.443,64938.8,64805.7,21.044,53.886,26.801,56.443,133.124,20.924,55.273,21.134,55.723,,,,,,,,,,,,,,,
SUBUNIT,Luxembourg,1,false,5.714,49.441,6.503,50.175,2608.48,2608.48,5.714,49.441,6.503,50.175,,,,,,,,,,,,,,,,,,,,
SUBUNIT,Macao S.A.R,2,false,113.519,22.105,113.588,22.221,30.0757,19.8575,113.532,22.105,113.588,22.166,10.2182,113.519,22.173,113.558,22.221,,,,,,,,,,,,,,,
SUBUNIT,Macquarie Island,1,false,158.832,-54.751,158.964,-54.469,119.101,119.101,158.832,-54.751,158.964,-54.469,,,,,,,,,,,,,,,,,,,,
SUBUNIT,Madagascar,3,false,43.222,-25.599,50.504,-11.943,592981.0,592482.0,43.222,-25.599,50.504,-11.943,288.708,48.188,-13.416,48.367,-13.195,211.01,49.817,-17.095,50.025,-16.69,,,,,,,,,,
SUBUNIT,Madeira,5,false,-17.253,30.029,-15.854,33.111,811.369,752.971,-17.253,32.641,-16.672,32.875,43.741,-16.399,33.032,-16.275,33.111,11.8656,-16.543,32.491,-16.487,32.581,2.62304,-15.875,30.133,-15.854,30.153,0.16788,-16.028,30.029,-16.023,30.034
SUBUNIT,Malawi,3,false,32.663,-17.136,35.905,-9.381,119398.0,119198.0,32.663,-17.136,35.905,-9.381,119.242,34.655,-12.125,34.763,-12.0,80.232,34.541,-12.073,34.642,-11.97,,,,,,,,,,
SUBUNIT,Malaysia,17,false,99.645,0.851,119.279,7.356,327885.0,194965.0,109.528,0.851,119.279,7.027,130471.0,100.127,1.27,104.295,6.708,428.885,117.056,7.102,117.284,7.356,369.693,99.645,6.261,99.917,6.471,347.856,111.299,2.359,111.414,2.785
SUBUNIT,Maldives,176,false,72.684,-0.689,73.754,7.108,108.742,34.9308,73.431,4.162,73.553,4.244,6.92209,73.131,6.725,73.167,6.788,6.4355,73.091,-0.642,73.119,-0.579,3.71963,73.353,2.384,73.368,2.438,3.18045,73.201,6.884,73.215,6.919
SUBUNIT,Mali,1,false,-12.265,10.14,4.236,24.996,1.25272e6,1.25272e6,-12.265,10.14,4.236,24.996,,,,,,,,,,,,,,,,,,,,
SUBUNIT,Malta,2,false,14.183,35.801,14.568,36.076,325.684,261.289,14.322,35.801,14.568,35.994,64.3952,14.183,36.013,14.335,36.076,,,,,,,,,,,,,,,
SUBUNIT,Marshall Islands,22,false,165.282,4.573,172.03,14.611,164.814,40.608,171.035,7.067,171.394,7.171,32.0341,169.59,5.798,169.735,6.014,23.6241,171.577,6.972,171.757,7.048,16.8805,168.675,7.292,168.831,7.336,10.6426,166.835,11.144,166.905,11.173
SUBUNIT,Martinique,1,false,-61.229,14.408,-60.81,14.877,1097.46,1097.46,-61.229,14.408,-60.81,14.877,,,,,,,,,,,,,,,,,,,,
SUBUNIT,Mauritania,5,false,-17.082,14.734,-4.821,27.286,1.03639e6,1.03617e6,-17.082,14.734,-4.821,27.286,172.332,-16.464,19.601,-16.336,19.869,25.1187,-16.398,19.599,-16.301,19.731,12.0891,-16.497,19.677,-16.468,19.732,10.5357,-16.475,20.571,-16.446,20.615
SUBUNIT,Mauritius,3,false,56.524,-20.518,63.494,-10.323,2014.43,1901.15,57.303,-20.518,57.796,-19.979,99.261,63.332,-19.768,63.494,-19.669,14.0222,56.524,-10.407,56.57,-10.323,,,,,,,,,,
SUBUNIT,Mayotte,2,false,45.042,-12.99,45.291,-12.647,394.9,381.785,45.042,-12.99,45.225,-12.647,13.1145,45.262,-12.805,45.291,-12.743,,,,,,,,,,,,,,,
SUBUNIT,Melilla,1,false,-2.967,35.267,-2.912,35.33,18.0953,18.0953,-2.967,35.267,-2.912,35.33,,,,,,,,,,,,,,,,,,,,
SUBUNIT,Mexico,51,false,-118.369,14.546,-86.7,32.713,1.95785e6,1.95216e6,-117.126,14.546,-86.741,32.713,1212.37,-112.584,28.746,-112.195,29.247,934.793,-113.594,28.984,-113.102,29.55,478.987,-87.023,20.26,-86.735,20.596,373.031,-115.359,28.027,-115.155,28.379
SUBUNIT,Midway Islands,2,false,-177.39,28.197,-177.321,28.216,3.50766,2.97682,-177.39,28.197,-177.357,28.216,0.530848,-177.336,28.204,-177.321,28.212,,,,,,,,,,,,,,,
SUBUNIT,Moldova,1,false,26.617,45.461,30.132,48.487,33206.6,33206.6,26.617,45.461,30.132,48.487,,,,,,,,,,,,,,,,,,,,
SUBUNIT,Monaco,1,false,7.365,43.717,7.438,43.764,18.8396,18.8396,7.365,43.717,7.438,43.764,,,,,,,,,,,,,,,,,,,,
SUBUNIT,Mongolia,1,false,87.735,41.586,119.908,52.13,1.56466e6,1.56466e6,87.735,41.586,119.908,52.13,,,,,,,,,,,,,,,,,,,,
SUBUNIT,Montenegro,1,false,18.433,41.852,20.356,43.548,13727.5,13727.5,18.433,41.852,20.356,43.548,,,,,,,,,,,,,,,,,,,,
SUBUNIT,Montserrat,1,false,-62.231,16.675,-62.14,16.82,99.5971,99.5971,-62.231,16.675,-62.14,16.82,,,,,,,,,,,,,,,,,,,,
SUBUNIT,Morocco,1,false,-17.014,21.419,-1.031,35.927,591743.0,591743.0,-17.014,21.419,-1.031,35.927,,,,,,,,,,,,,,,,,,,,
SUBUNIT,Mozambique,4,false,30.213,-26.861,40.848,-10.469,788447.0,788151.0,30.213,-26.861,40.848,-10.469,146.692,39.817,-16.417,39.947,-16.275,106.771,35.426,-21.783,35.497,-21.529,42.2438,32.895,-26.058,32.983,-25.969,,,,,
SUBUNIT,Myanmar,39,false,92.174,9.79,101.174,28.539,663159.0,658368.0,92.174,9.987,101.174,28.539,573.578,93.641,19.276,93.974,19.561,458.439,93.484,18.673,93.76,18.911,446.502,98.302,12.325,98.471,12.688,442.545,94.382,15.839,94.668,16.246
SUBUNIT,Namibia,1,false,11.717,-28.96,25.26,-16.951,822713.0,822713.0,11.717,-28.96,25.26,-16.951,,,,,,,,,,,,,,,,,,,,
SUBUNIT,Nanseishoto,26,false,122.938,24.256,130.032,30.005,3337.28,1296.19,127.635,26.084,128.338,26.887,680.082,129.145,28.119,129.722,28.51,271.774,123.668,24.256,123.937,24.42,228.969,128.878,27.681,129.03,27.915,210.05,124.077,24.332,124.333,24.591
SUBUNIT,Nauru,1,false,166.906,-0.552,166.959,-0.49,28.7669,28.7669,166.906,-0.552,166.959,-0.49,,,,,,,,,,,,,,,,,,,,
SUBUNIT,Navassa Island,1,false,-75.031,18.395,-75.002,18.418,4.82956,4.82956,-75.031,18.395,-75.002,18.418,,,,,,,,,,,,,,,,,,,,
SUBUNIT,Nepal,1,false,80.03,26.343,88.17,30.417,147106.0,147106.0,80.03,26.343,88.17,30.417,,,,,,,,,,,,,,,,,,,,
SUBUNIT,Netherlands,9,false,3.349,50.747,7.199,53.559,37101.8,35679.9,3.447,50.747,7.199,53.461,824.651,3.349,51.205,4.222,51.417,220.36,3.686,51.623,4.1,51.749,161.077,4.707,52.994,4.914,53.188,82.7172,5.167,53.352,5.586,53.454
SUBUNIT,New Caledonia,11,false,163.615,-22.671,171.344,-19.623,18841.1,16544.2,163.986,-22.396,167.035,-20.083,1165.8,167.02,-21.179,167.465,-20.672,679.263,167.808,-21.659,168.145,-21.335,161.195,166.479,-20.714,166.679,-20.383,135.198,167.418,-22.671,167.556,-22.538
SUBUNIT,New Zealand SubAntarctic islands,5,false,165.886,-52.601,178.844,-47.993,746.308,438.885,165.886,-50.861,166.303,-50.522,134.671,169.015,-52.601,169.294,-52.469,79.0295,178.717,-49.721,178.844,-49.614,78.0047,165.924,-50.913,166.227,-50.851,15.7173,166.568,-48.063,166.638,-47.993
SUBUNIT,Nicaragua,5,false,-87.686,10.713,-82.725,15.031,128685.0,128624.0,-87.686,10.713,-83.13,15.031,35.2425,-82.809,14.361,-82.725,14.423,14.8976,-83.737,11.87,-83.705,11.988,9.31065,-83.056,12.143,-83.021,12.191,1.19353,-83.687,10.925,-83.665,10.939
SUBUNIT,Nicobar Is.,8,false,92.708,6.745,93.93,9.265,1734.04,969.69,93.649,6.745,93.93,7.242,167.157,93.305,7.869,93.461,8.018,159.489,92.708,9.11,92.834,9.265,145.731,93.594,7.253,93.735,7.446,143.526,93.446,7.991,93.538,8.227
SUBUNIT,Niger,1,false,0.152,11.695,15.971,23.518,1.1813e6,1.1813e6,0.152,11.695,15.971,23.518,,,,,,,,,,,,,,,,,,,,
SUBUNIT,Nigeria,3,false,2.671,4.272,14.67,13.881,907498.0,907203.0,2.671,4.272,14.67,13.881,185.67,7.138,4.382,7.333,4.533,109.896,7.336,4.434,7.585,4.499,,,,,,,,,,
SUBUNIT,Niue,1,false,-169.951,-19.143,-169.782,-18.964,220.574,220.574,-169.951,-19.143,-169.782,-18.964,,,,,,,,,,,,,,,,,,,,
SUBUNIT,Norfolk Island,1,false,167.912,-29.081,167.997,-28.997,41.1466,41.1466,167.912,-29.081,167.997,-28.997,,,,,,,,,,,,,,,,,,,,
SUBUNIT,North Island,7,false,172.114,-41.621,178.567,-34.144,114437.0,113968.0,172.674,-41.621,178.567,-34.397,282.587,175.326,-36.353,175.566,-36.062,105.216,175.007,-36.832,175.216,-36.731,29.069,174.845,-36.454,174.908,-36.384,28.0926,175.08,-36.229,175.155,-36.175
SUBUNIT,North Korea,10,false,124.211,37.675,130.7,43.011,121237.0,121078.0,124.321,37.675,130.7,43.011,52.231,124.818,39.495,124.934,39.615,33.1329,124.79,38.494,124.904,38.556,23.7362,125.22,37.696,125.338,37.769,19.524,124.595,39.536,124.699,39.571
SUBUNIT,North Macedonia,1,false,20.444,40.849,23.01,42.371,25385.2,25385.2,20.444,40.849,23.01,42.371,,,,,,,,,,,,,,,,,,,,
SUBUNIT,Northern Cyprus,2,false,32.601,35.002,34.593,35.692,3319.43,3313.69,32.71,35.002,34.593,35.692,5.74342,32.601,35.163,32.641,35.188,,,,,,,,,,,,,,,
SUBUNIT,Northern Ireland,2,false,-8.174,54.034,-5.43,55.312,14251.2,14238.7,-8.174,54.034,-5.43,55.249,12.4997,-6.284,55.262,-6.171,55.312,,,,,,,,,,,,,,,
SUBUNIT,Northern Mariana Islands,12,false,144.902,14.11,145.869,20.556,579.305,132.438,145.682,15.096,145.824,15.273,109.966,145.577,14.915,145.668,15.083,96.9854,145.119,14.11,145.291,14.203,90.1658,145.713,18.053,145.84,18.176,62.614,145.632,18.722,145.71,18.809
SUBUNIT,Norway,96,false,4.643,57.993,31.077,71.166,319478.0,302210.0,4.926,57.993,31.077,71.128,2133.17,14.986,68.253,16.577,68.971,1561.1,16.773,69.008,18.099,69.604,828.906,14.369,68.578,15.398,69.016,734.735,21.95,70.472,23.485,70.867
SUBUNIT,Oecussi,1,false,124.03,-9.502,124.452,-9.18,739.402,739.402,124.03,-9.502,124.452,-9.18,,,,,,,,,,,,,,,,,,,,
SUBUNIT,Oman,6,false,51.978,16.642,59.845,26.386,311213.0,308808.0,51.978,16.642,59.845,24.979,1579.32,56.077,25.613,56.512,26.386,655.736,58.635,20.17,58.954,20.698,98.1838,56.206,25.211,56.35,25.332,60.8028,55.964,17.49,56.096,17.56
SUBUNIT,Pakistan,2,false,60.844,23.694,77.049,37.055,872939.0,872903.0,60.844,23.694,77.049,37.055,36.0725,67.375,24.007,67.486,24.063,,,,,,,,,,,,,,,
SUBUNIT,Palau,9,false,131.131,2.949,134.728,8.097,491.931,351.024,134.482,7.355,134.664,7.735,36.2985,134.347,7.219,134.464,7.317,22.242,134.23,6.984,134.286,7.075,22.0845,134.447,7.308,134.528,7.363,19.1608,131.131,3.018,131.193,3.061
SUBUNIT,Palmyra Atoll,1,false,-162.104,5.869,-162.057,5.891,7.05155,7.05155,-162.104,5.869,-162.057,5.891,,,,,,,,,,,,,,,,,,,,
SUBUNIT,Panama,15,false,-83.054,7.205,-77.163,9.63,74530.3,73379.7,-83.054,7.205,-77.163,9.63,490.227,-81.883,7.321,-81.588,7.645,253.668,-78.975,8.219,-78.834,8.475,76.3345,-81.252,7.49,-81.033,7.582,60.9529,-82.431,8.212,-82.314,8.294
SUBUNIT,Pantelleria,1,false,11.922,36.741,12.054,36.843,83.0216,83.0216,11.922,36.741,12.054,36.843,,,,,,,,,,,,,,,,,,,,
SUBUNIT,Papua New Guinea,53,false,140.849,-11.637,154.303,-1.346,455743.0,400121.0,140.849,-10.702,150.875,-2.589,35831.5,148.324,-6.322,152.418,-4.142,6929.51,150.738,-4.849,153.138,-2.555,1844.14,146.52,-2.229,147.445,-1.947,1266.19,150.423,-9.714,150.931,-9.337
SUBUNIT,Paracel Islands,7,false,111.192,15.775,112.737,16.934,5.38788,1.68401,111.192,15.775,111.209,15.79,0.979428,112.325,16.825,112.338,16.838,0.793863,112.725,16.657,112.737,16.67,0.769351,111.599,16.524,111.61,16.534,0.59051,112.333,16.923,112.342,16.934
SUBUNIT,Paraguay,1,false,-62.651,-27.587,-54.245,-19.286,399901.0,399901.0,-62.651,-27.587,-54.245,-19.286,,,,,,,,,,,,,,,,,,,,
SUBUNIT,Peru,5,false,-81.338,-18.338,-68.684,-0.029,1.28987e6,1.28981e6,-81.338,-18.338,-68.684,-0.029,22.8883,-80.876,-6.477,-80.839,-6.374,18.0952,-77.254,-12.116,-77.181,-12.058,9.34685,-76.471,-13.857,-76.436,-13.822,9.31803,-76.221,-14.296,-76.175,-14.259
SUBUNIT,Peter I Island,1,false,-90.639,-68.818,-90.501,-68.726,43.4516,43.4516,-90.639,-68.818,-90.501,-68.726,,,,,,,,,,,,,,,,,,,,
SUBUNIT,Philippines,97,false,116.954,4.655,126.618,21.123,293291.0,105515.0,119.755,12.535,124.189,18.646,94157.0,121.897,5.572,126.618,9.823,12890.7,122.395,9.035,123.576,10.997,12570.0,124.273,11.022,125.78,12.592,11581.9,121.853,10.43,123.175,11.934
SUBUNIT,Pitcairn Islands,4,false,-130.754,-25.078,-124.778,-23.924,42.5696,38.5422,-128.351,-24.414,-128.29,-24.324,3.17993,-130.121,-25.078,-130.086,-25.064,0.703702,-130.754,-23.935,-130.741,-23.924,0.143776,-124.798,-24.673,-124.778,-24.663,,,,,
SUBUNIT,Poland,1,false,14.123,48.994,24.144,54.839,313428.0,313428.0,14.123,48.994,24.144,54.839,,,,,,,,,,,,,,,,,,,,
SUBUNIT,Portugal,3,false,-9.498,36.965,-6.205,42.154,87971.0,87951.4,-9.498,36.986,-6.205,42.154,11.497,-7.956,36.965,-7.853,37.001,8.04832,-9.08,38.818,-9.034,38.871,,,,,,,,,,
SUBUNIT,Prince Edward Islands,2,false,37.575,-46.966,37.978,-46.598,319.884,276.031,37.575,-46.966,37.896,-46.822,43.8529,37.861,-46.655,37.978,-46.598,,,,,,,,,,,,,,,
SUBUNIT,Principe,1,false,7.329,1.531,7.463,1.7,156.267,156.267,7.329,1.531,7.463,1.7,,,,,,,,,,,,,,,,,,,,
SUBUNIT,Puerto Rico,4,false,-67.938,17.922,-65.244,18.523,9005.96,8780.37,-67.271,17.922,-65.591,18.523,150.873,-65.581,18.087,-65.275,18.17,48.2083,-67.938,18.052,-67.844,18.117,26.5045,-65.335,18.279,-65.244,18.341,,,,,
SUBUNIT,Puntland,1,false,46.466,5.998,51.418,11.99,138514.0,138514.0,46.466,5.998,51.418,11.99,,,,,,,,,,,,,,,,,,,,
SUBUNIT,Qatar,1,false,50.75,24.559,51.617,26.161,11150.1,11150.1,50.75,24.559,51.617,26.161,,,,,,,,,,,,,,,,,,,,
SUBUNIT,Republic Srpska,2,false,16.263,42.559,19.619,45.285,22858.8,11641.2,17.988,42.559,19.619,44.928,11217.6,16.263,44.067,18.77,45.285,,,,,,,,,,,,,,,
SUBUNIT,Republic of the Congo,1,false,11.114,-5.02,18.643,3.709,344889.0,344889.0,11.114,-5.02,18.643,3.709,,,,,,,,,,,,,,,,,,,,
SUBUNIT,Rio Muni,1,false,9.346,0.924,11.337,2.342,24671.9,24671.9,9.346,0.924,11.337,2.342,,,,,,,,,,,,,,,,,,,,
SUBUNIT,Romania,1,false,20.242,43.65,29.7,48.275,236377.0,236377.0,20.242,43.65,29.7,48.275,,,,,,,,,,,,,,,,,,,,
SUBUNIT,Russia,212,true,26.944,41.192,-168.994,81.859,1.69396e7,1.65312e7,27.328,41.192,180.0,77.738,110411.0,-180.0,64.24,-169.641,68.983,75494.2,141.639,45.9,144.757,54.427,46845.4,53.631,73.243,69.034,77.014,33096.3,51.401,70.544,57.639,73.426
SUBUNIT,Rwanda,1,false,28.857,-2.827,30.888,-1.058,25305.1,25305.1,28.857,-2.827,30.888,-1.058,,,,,,,,,,,,,,,,,,,,
SUBUNIT,Réunion,1,false,55.225,-21.371,55.855,-20.861,2582.42,2582.42,55.225,-21.371,55.855,-20.861,,,,,,,,,,,,,,,,,,,,
SUBUNIT,Saint Barthelemy,1,false,-62.868,17.881,-62.791,17.93,24.4219,24.4219,-62.868,17.881,-62.791,17.93,,,,,,,,,,,,,,,,,,,,
SUBUNIT,Saint Helena,1,false,-5.79,-16.016,-5.65,-15.902,124.923,124.923,-5.79,-16.016,-5.65,-15.902,,,,,,,,,,,,,,,,,,,,
SUBUNIT,Saint Kitts and Nevis,2,false,-62.862,17.1,-62.536,17.416,264.122,175.53,-62.862,17.217,-62.624,17.416,88.5919,-62.627,17.1,-62.536,17.203,,,,,,,,,,,,,,,
SUBUNIT,Saint Lucia,1,false,-61.079,13.714,-60.882,14.112,605.133,605.133,-61.079,13.714,-60.882,14.112,,,,,,,,,,,,,,,,,,,,
SUBUNIT,Saint Martin,1,false,-63.147,18.033,-63.01,18.123,68.2815,68.2815,-63.147,18.033,-63.01,18.123,,,,,,,,,,,,,,,,,,,,
SUBUNIT,Saint Pierre and Miquelon,2,false,-56.397,46.752,-56.144,47.142,242.763,212.777,-56.397,46.78,-56.235,47.142,29.9863,-56.241,46.752,-56.144,46.812,,,,,,,,,,,,,,,
SUBUNIT,Saint Vincent and the Grenadines,5,false,-61.46,12.585,-61.123,13.381,367.728,329.506,-61.28,13.132,-61.123,13.381,20.9284,-61.278,12.974,-61.193,13.052,7.65319,-61.354,12.693,-61.314,12.734,6.83838,-61.46,12.585,-61.426,12.61,2.80259,-61.192,12.855,-61.174,12.884
SUBUNIT,Samoa,2,false,-172.783,-14.053,-171.437,-13.462,2780.42,1645.49,-172.783,-13.806,-172.175,-13.462,1134.93,-172.064,-14.053,-171.437,-13.805,,,,,,,,,,,,,,,
SUBUNIT,San Marino,1,false,12.385,43.892,12.493,43.983,60.3174,60.3174,12.385,43.892,12.493,43.983,,,,,,,,,,,,,,,,,,,,
SUBUNIT,Sardinia,6,false,8.133,38.864,9.827,41.263,24113.7,23860.7,8.133,38.864,9.827,41.263,114.637,8.346,38.96,8.484,39.119,54.241,8.224,39.098,8.313,39.194,47.4821,8.209,40.993,8.345,41.127,19.6068,9.373,41.21,9.436,41.263
SUBUNIT,Sark,1,false,-2.379,49.411,-2.354,49.447,3.91643,3.91643,-2.379,49.411,-2.354,49.447,,,,,,,,,,,,,,,,,,,,
SUBUNIT,Saudi Arabia,11,false,34.572,16.37,55.638,32.122,1.92173e6,1.9208e6,34.572,16.37,55.638,32.122,408.743,41.755,16.583,42.189,16.897,163.245,41.834,16.76,42.002,17.014,73.8869,36.776,25.361,36.962,25.497,66.2316,36.491,25.549,36.684,25.703
SUBUNIT,Scarborough Reef,1,false,117.751,15.15,117.756,15.155,0.0977859,0.0977859,117.751,15.15,117.756,15.155,,,,,,,,,,,,,,,,,,,,
SUBUNIT,Scotland,47,false,-13.692,54.632,-0.754,60.848,78302.7,68625.8,-6.237,54.632,-1.759,58.678,2111.62,-7.127,57.733,-6.15,58.513,1618.09,-6.784,57.028,-5.647,57.703,935.468,-1.691,59.854,-1.034,60.644,890.073,-6.367,56.263,-5.648,56.654
SUBUNIT,Senegal,1,false,-17.537,12.305,-11.377,16.692,196225.0,196225.0,-17.537,12.305,-11.377,16.692,,,,,,,,,,,,,,,,,,,,
SUBUNIT,Serbia,1,false,19.107,42.234,22.985,45.083,56483.4,56483.4,19.107,42.234,22.985,45.083,,,,,,,,,,,,,,,,,,,,
SUBUNIT,Serranilla Bank,1,false,-78.641,15.862,-78.636,15.868,0.105289,0.105289,-78.641,15.862,-78.636,15.868,,,,,,,,,,,,,,,,,,,,
SUBUNIT,Seychelles,26,false,46.207,-9.756,56.288,-3.791,435.664,163.897,55.365,-4.804,55.538,-4.56,122.564,46.207,-9.453,46.526,-9.337,41.8156,55.677,-4.359,55.788,-4.29,33.6625,46.276,-9.358,46.428,-9.326,22.3282,55.221,-4.505,55.27,-4.444
SUBUNIT,Shikoku,1,false,132.01,32.711,134.752,34.392,18504.2,18504.2,132.01,32.711,134.752,34.392,,,,,,,,,,,,,,,,,,,,
SUBUNIT,Siachen Glacier,1,false,76.777,35.11,77.801,35.648,2088.06,2088.06,76.777,35.11,77.801,35.648,,,,,,,,,,,,,,,,,,,,
SUBUNIT,Sicily,10,false,12.03,36.654,15.652,38.812,25763.5,25628.3,12.427,36.654,15.652,38.303,35.3611,14.899,38.45,14.98,38.523,22.0141,14.793,38.539,14.877,38.585,21.0496,14.945,38.364,15.008,38.433,15.1968,12.273,37.913,12.369,37.947
SUBUNIT,Sierra Leone,2,false,-13.302,6.919,-10.282,9.997,71611.6,70990.1,-13.302,6.919,-10.282,9.997,621.527,-12.952,7.389,-12.492,7.64,,,,,,,,,,,,,,,
SUBUNIT,Singapore,1,false,103.64,1.264,104.004,1.449,510.503,510.503,103.64,1.264,104.004,1.449,,,,,,,,,,,,,,,,,,,,
SUBUNIT,Sint Maarten,1,false,-63.119,18.019,-63.017,18.063,23.358,23.358,-63.119,18.019,-63.017,18.063,,,,,,,,,,,,,,,,,,,,
SUBUNIT,Slovakia,1,false,16.844,47.75,22.54,49.602,48457.9,48457.9,16.844,47.75,22.54,49.602,,,,,,,,,,,,,,,,,,,,
SUBUNIT,Slovenia,1,false,13.365,45.423,16.516,46.864,20327.0,20327.0,13.365,45.423,16.516,46.864,,,,,,,,,,,,,,,,,,,,
SUBUNIT,Solomon Islands,48,false,155.507,-12.291,168.826,-6.599,27198.8,5346.89,159.592,-9.938,160.827,-9.247,3858.44,160.581,-9.625,161.394,-8.302,3672.84,158.445,-8.563,159.901,-7.531,3066.37,161.28,-10.845,162.393,-10.2,2863.25,156.446,-7.433,157.53,-6.599
SUBUNIT,Somalia,1,false,40.965,-1.697,48.952,6.539,333301.0,333301.0,40.965,-1.697,48.952,6.539,,,,,,,,,,,,,,,,,,,,
SUBUNIT,Somaliland,1,false,42.647,7.996,48.94,11.499,167407.0,167407.0,42.647,7.996,48.94,11.499,,,,,,,,,,,,,,,,,,,,
SUBUNIT,South Africa,1,false,16.469,-34.822,32.894,-22.126,1.2195e6,1.2195e6,16.469,-34.822,32.894,-22.126,,,,,,,,,,,,,,,,,,,,
SUBUNIT,South Georgia,3,false,-38.088,-54.888,-35.784,-53.972,3633.4,3609.51,-38.033,-54.888,-35.784,-53.972,20.2864,-37.11,-54.514,-37.018,-54.464,3.60536,-38.088,-54.004,-38.026,-53.988,,,,,,,,,,
SUBUNIT,South Island,9,false,166.466,-47.278,174.402,-40.502,152455.0,150335.0,166.466,-46.682,174.327,-40.502,1618.94,167.515,-47.278,168.261,-46.683,156.401,173.776,-40.928,173.97,-40.708,147.446,166.506,-45.742,166.755,-45.615,91.8855,166.89,-45.305,167.035,-45.149
SUBUNIT,South Korea,49,false,124.673,34.005,129.588,38.579,95453.6,92619.6,126.128,34.292,129.588,38.579,394.415,128.488,34.705,128.749,35.033,338.394,126.103,34.352,126.382,34.576,304.666,127.826,34.695,128.075,34.941,272.341,126.366,37.596,126.543,37.825
SUBUNIT,South Orkney Islands,3,false,-46.009,-60.773,-44.451,-60.516,505.435,405.087,-46.009,-60.738,-45.141,-60.516,81.9308,-44.848,-60.773,-44.451,-60.674,18.4168,-45.084,-60.711,-45.0,-60.631,,,,,,,,,,
SUBUNIT,South Sandwich Islands,9,false,-28.214,-59.473,-26.239,-56.272,288.094,108.231,-26.458,-58.499,-26.239,-58.381,44.3436,-26.658,-59.068,-26.499,-59.001,38.556,-26.514,-57.813,-26.356,-57.738,28.42,-27.212,-56.725,-27.092,-56.675,21.1927,-27.253,-59.472,-27.136,-59.437
SUBUNIT,South Sudan,1,false,24.121,3.49,35.921,12.217,626859.0,626859.0,24.121,3.49,35.921,12.217,,,,,,,,,,,,,,,,,,,,
SUBUNIT,Southern Patagonian Ice Field,1,false,-73.589,-49.76,-73.057,-49.272,1408.88,1408.88,-73.589,-49.76,-73.057,-49.272,,,,,,,,,,,,,,,,,,,,
SUBUNIT,Spain,8,false,-9.292,35.171,3.318,43.794,494272.0,494247.0,-9.292,36.006,3.318,43.794,13.1768,1.945,42.441,2.0,42.486,11.2345,-0.755,37.665,-0.726,37.775,0.426791,-2.436,35.178,-2.426,35.187,0.141155,-5.421,35.91,-5.415,35.916
SUBUNIT,Spratly Islands,12,false,114.027,9.679,115.849,11.118,11.9804,2.38175,115.812,10.72,115.834,10.736,1.84074,115.829,10.822,115.849,10.834,1.25933,114.358,10.175,114.372,10.188,1.21484,114.271,11.04,114.287,11.051,1.08026,115.009,11.107,115.022,11.118
SUBUNIT,Sri Lanka,5,false,79.655,5.923,81.891,9.83,66291.1,65966.2,79.696,5.923,81.891,9.83,109.4,79.698,8.973,79.917,9.104,96.5542,79.84,9.617,79.978,9.761,79.2401,81.725,7.479,81.824,7.74,39.791,79.655,9.483,79.731,9.556
SUBUNIT,Sudan,2,false,21.809,8.681,38.604,22.227,1.85562e6,1.85558e6,21.809,8.681,38.604,22.227,33.2824,37.243,20.749,37.284,20.856,,,,,,,,,,,,,,,
SUBUNIT,Suqutra,4,false,52.064,12.111,54.541,12.715,3814.93,3621.13,53.306,12.3,54.541,12.715,145.298,52.064,12.146,52.395,12.242,40.7304,52.985,12.128,53.088,12.181,7.77575,53.248,12.111,53.311,12.129,,,,,
SUBUNIT,Suriname,1,false,-58.068,1.833,-53.986,6.012,145123.0,145123.0,-58.068,1.833,-53.986,6.012,,,,,,,,,,,,,,,,,,,,
SUBUNIT,Svalbard,22,false,10.484,74.347,33.641,80.771,62081.7,38664.9,10.676,76.566,21.552,80.068,14541.0,17.782,79.188,27.24,80.518,5413.34,20.831,77.237,24.425,78.257,1459.4,20.153,78.19,22.272,78.628,643.857,10.484,78.199,12.163,78.91
SUBUNIT,Sweden,41,false,11.108,55.342,24.164,69.037,446173.0,440539.0,11.108,55.342,24.164,69.037,2957.38,18.099,56.912,19.086,57.924,1259.69,16.391,56.217,17.125,57.359,321.507,11.406,58.072,11.816,58.292,122.636,11.497,57.935,11.746,58.065
SUBUNIT,Switzerland,1,false,5.954,45.82,10.467,47.802,41435.5,41435.5,5.954,45.82,10.467,47.802,,,,,,,,,,,,,,,,,,,,
SUBUNIT,Syria,1,false,35.723,32.313,42.378,37.325,185675.0,185675.0,35.723,32.313,42.378,37.325,,,,,,,,,,,,,,,,,,,,
SUBUNIT,São Tomé,1,false,6.461,0.024,6.761,0.411,880.889,880.889,6.461,0.024,6.761,0.411,,,,,,,,,,,,,,,,,,,,
SUBUNIT,Taiwan,8,false,118.279,21.904,122.006,25.288,36197.9,35857.6,120.052,21.904,122.006,25.288,154.039,118.279,24.39,118.468,24.528,66.7841,119.527,23.516,119.671,23.611,48.6484,121.492,22.007,121.589,22.083,19.6105,119.442,23.562,119.518,23.651
SUBUNIT,Tajikistan,3,false,67.342,36.678,75.165,41.04,142239.0,142089.0,67.342,36.678,75.165,41.04,119.447,70.482,39.766,70.707,39.883,30.4997,70.549,40.935,70.646,41.019,,,,,,,,,,
SUBUNIT,Tanzania,3,false,29.321,-11.732,40.45,-0.985,939006.0,938516.0,29.321,-11.732,40.45,-0.985,422.291,39.587,-7.994,39.911,-7.637,67.764,39.696,-8.093,39.802,-7.991,,,,,,,,,,
SUBUNIT,Tasmania,12,false,143.837,-43.642,148.485,-39.571,68115.3,64338.7,144.605,-43.642,148.365,-40.64,1371.68,147.757,-40.271,148.334,-39.711,1110.18,143.837,-40.128,144.145,-39.571,457.629,147.998,-40.504,148.485,-40.304,272.499,147.086,-43.509,147.366,-43.261
SUBUNIT,Thailand,20,false,97.351,5.629,105.651,20.446,514453.0,512523.0,97.351,5.629,105.651,20.446,557.039,98.254,7.767,98.44,8.192,234.479,99.926,9.418,100.091,9.587,219.921,102.249,11.961,102.444,12.154,145.225,99.6,6.492,99.705,6.724
SUBUNIT,The Bahamas,44,false,-79.595,20.912,-72.746,26.929,12603.9,3574.05,-78.443,24.272,-77.718,25.207,1580.41,-73.704,20.912,-73.004,21.341,1403.3,-77.943,23.72,-77.516,24.303,1310.73,-77.963,25.885,-77.014,26.929,1060.64,-78.998,26.491,-77.902,26.811
SUBUNIT,Tobago,1,false,-60.848,11.143,-60.522,11.352,290.829,290.829,-60.848,11.143,-60.522,11.352,,,,,,,,,,,,,,,,,,,,
SUBUNIT,Togo,1,false,-0.167,6.1,1.783,11.135,56863.4,56863.4,-0.167,6.1,1.783,11.135,,,,,,,,,,,,,,,,,,,,
SUBUNIT,Tokelau,2,false,-172.503,-9.362,-171.185,-8.543,4.23497,2.19628,-171.206,-9.362,-171.185,-9.33,2.03869,-172.503,-8.587,-172.479,-8.543,,,,,,,,,,,,,,,
SUBUNIT,Tonga,10,false,-176.22,-22.339,-173.914,-15.559,603.109,257.336,-175.365,-21.268,-175.05,-21.062,119.437,-174.073,-18.706,-173.914,-18.566,78.7344,-174.984,-21.455,-174.908,-21.284,41.8299,-175.101,-19.802,-175.046,-19.711,41.1203,-175.687,-15.625,-175.612,-15.559
SUBUNIT,Trinidad,1,false,-61.929,10.042,-60.907,10.846,4832.09,4832.09,-61.929,10.042,-60.907,10.846,,,,,,,,,,,,,,,,,,,,
SUBUNIT,Tristan da Cunha,2,false,-12.336,-40.398,-9.895,-37.055,152.821,79.4962,-12.336,-37.15,-12.191,-37.055,73.3248,-10.04,-40.398,-9.895,-40.301,,,,,,,,,,,,,,,
SUBUNIT,Tromelin Island,1,false,54.514,-15.895,54.522,-15.885,0.348507,0.348507,54.514,-15.895,54.522,-15.885,,,,,,,,,,,,,,,,,,,,
SUBUNIT,Tunisia,4,false,7.479,30.228,11.565,37.346,156613.0,155958.0,7.479,30.228,11.565,37.346,496.054,10.727,33.64,11.061,33.897,110.641,11.122,34.663,11.305,34.826,48.763,10.964,34.62,11.111,34.672,,,,,
SUBUNIT,Turkey,6,false,25.663,35.819,44.807,42.099,780080.0,756231.0,26.069,35.819,44.807,42.099,23386.6,26.033,40.049,29.11,42.098,291.085,25.663,40.097,26.013,40.243,108.361,27.526,40.576,27.733,40.664,40.7514,25.978,39.784,26.084,39.846
SUBUNIT,Turkmenistan,3,false,52.437,35.14,66.646,42.792,470849.0,470734.0,52.437,35.14,66.646,42.792,75.9115,53.026,38.755,53.103,39.098,39.0874,53.462,39.508,53.54,39.598,,,,,,,,,,
SUBUNIT,Turks and Caicos Islands,12,false,-72.482,21.29,-71.128,21.96,445.213,134.233,-71.851,21.743,-71.63,21.857,98.3301,-72.341,21.748,-72.124,21.863,97.7804,-72.037,21.828,-71.857,21.96,50.3016,-71.591,21.662,-71.451,21.767,19.5851,-72.482,21.63,-72.433,21.71
SUBUNIT,Tuvalu,9,false,176.125,-9.421,179.907,-5.677,23.0184,8.59585,179.191,-8.543,179.218,-8.46,5.51829,178.665,-7.499,178.695,-7.454,2.95361,178.373,-8.071,178.391,-8.026,2.04384,176.125,-5.707,176.149,-5.677,1.81098,177.337,-6.122,177.357,-6.108
SUBUNIT,UNDOF,1,false,35.757,32.744,35.924,33.432,264.979,264.979,35.757,32.744,35.924,33.432,,,,,,,,,,,,,,,,,,,,
SUBUNIT,US Naval Base Guantanamo Bay,2,false,-75.233,19.891,-75.094,19.972,65.3528,38.1247,-75.166,19.891,-75.094,19.972,27.2281,-75.233,19.9,-75.156,19.971,,,,,,,,,,,,,,,
SUBUNIT,Uganda,1,false,29.548,-1.476,35.007,4.22,241854.0,241854.0,29.548,-1.476,35.007,4.22,,,,,,,,,,,,,,,,,,,,
SUBUNIT,Ukraine,4,false,22.132,45.213,40.16,52.369,571999.0,571823.0,22.132,45.213,40.16,52.369,81.188,31.504,46.149,32.167,46.374,53.3131,32.619,46.012,33.058,46.067,41.8472,29.73,45.591,30.126,45.812,,,,,
SUBUNIT,Ulleungdo,1,false,130.805,37.455,130.921,37.546,73.0934,73.0934,130.805,37.455,130.921,37.546,,,,,,,,,,,,,,,,,,,,
SUBUNIT,United Arab Emirates,10,false,51.569,22.62,56.384,26.075,71085.0,70368.8,51.569,22.62,56.384,26.075,285.091,53.627,24.13,53.965,24.276,125.203,53.184,24.262,53.448,24.413,82.6127,52.556,24.253,52.651,24.374,63.4393,54.334,24.42,54.471,24.523
SUBUNIT,United States,149,false,-124.735,24.542,-66.977,49.37,7.94204e6,7.93089e6,-124.735,25.121,-66.977,49.37,3533.4,-74.04,40.541,-71.857,41.163,432.002,-122.756,47.904,-122.346,48.402,302.824,-92.037,29.483,-91.713,29.649,282.99,-68.435,44.223,-68.176,44.44
SUBUNIT,United States Virgin Islands,3,false,-65.042,17.682,-64.559,18.387,354.793,213.478,-64.896,17.682,-64.559,17.793,81.885,-65.042,18.304,-64.84,18.387,59.4292,-64.802,18.303,-64.66,18.374,,,,,,,,,,
SUBUNIT,Uruguay,1,false,-58.44,-34.974,-53.11,-30.096,177342.0,177342.0,-58.44,-34.974,-53.11,-30.096,,,,,,,,,,,,,,,,,,,,
SUBUNIT,Uzbekistan,3,false,55.975,37.185,73.149,45.559,447831.0,447374.0,55.975,37.185,73.149,45.559,399.439,70.952,39.874,71.245,40.158,58.3037,71.665,39.9,71.79,39.99,,,,,,,,,,
SUBUNIT,Vanuatu,27,false,166.52,-20.254,169.899,-13.064,12296.6,4078.04,166.522,-15.659,167.248,-14.625,2104.39,167.144,-16.588,167.844,-15.867,890.088,168.982,-19.0,169.337,-18.618,887.607,168.151,-17.824,168.586,-17.532,691.211,167.912,-16.362,168.33,-16.08
SUBUNIT,Vatican,1,false,12.452,41.902,12.455,41.904,0.0122038,0.0122038,12.452,41.902,12.455,41.904,,,,,,,,,,,,,,,,,,,,
SUBUNIT,Venezuela,29,false,-73.392,0.649,-59.815,15.703,912684.0,909122.0,-73.392,0.649,-59.815,12.199,1029.99,-64.409,10.857,-63.787,11.18,958.016,-61.177,8.595,-60.686,8.893,203.027,-61.271,8.507,-60.992,8.611,201.15,-61.092,8.822,-60.838,9.034
SUBUNIT,Vietnam,25,false,102.118,8.565,109.473,23.367,328892.0,326814.0,102.118,8.565,109.473,23.367,557.1,103.846,10.007,104.086,10.451,229.499,106.751,10.405,106.875,10.667,224.38,107.372,21.047,107.607,21.278,162.052,106.909,20.704,107.108,20.877
SUBUNIT,Vojvodina,1,false,18.844,44.631,21.54,46.174,21145.3,21145.3,18.844,44.631,21.54,46.174,,,,,,,,,,,,,,,,,,,,
SUBUNIT,Volcano Islands,3,false,141.27,24.212,141.471,25.453,36.3487,26.218,141.289,24.726,141.366,24.795,7.94384,141.27,25.417,141.3,25.453,2.18681,141.452,24.212,141.471,24.228,,,,,,,,,,
SUBUNIT,Wake Atoll,1,false,166.619,19.275,166.653,19.306,3.91612,3.91612,166.619,19.275,166.653,19.306,,,,,,,,,,,,,,,,,,,,
SUBUNIT,Wales,3,false,-5.311,51.384,-2.647,53.427,20794.9,20082.1,-5.311,51.384,-2.647,53.352,675.862,-4.572,53.129,-4.042,53.427,36.9512,-4.694,53.239,-4.558,53.324,,,,,,,,,,
SUBUNIT,Wallis and Futuna,2,false,-178.186,-14.32,-176.125,-13.208,139.33,75.9853,-176.2,-13.351,-176.125,-13.208,63.3447,-178.186,-14.32,-178.046,-14.232,,,,,,,,,,,,,,,
SUBUNIT,Walloon Region,2,false,2.842,49.495,6.375,50.812,16987.2,16926.4,3.162,49.495,6.375,50.809,60.7463,2.842,50.696,3.024,50.812,,,,,,,,,,,,,,,
SUBUNIT,West Bank,1,false,34.867,31.344,35.573,32.543,5734.91,5734.91,34.867,31.344,35.573,32.543,,,,,,,,,,,,,,,,,,,,
SUBUNIT,Western Sahara,1,false,-17.105,20.766,-8.68,27.662,90495.4,90495.4,-17.105,20.766,-8.68,27.662,,,,,,,,,,,,,,,,,,,,
SUBUNIT,Yemen,5,false,42.545,12.598,53.091,18.996,449260.0,448951.0,42.61,12.598,53.091,18.996,114.748,42.691,13.919,42.802,14.072,108.514,42.545,15.268,42.636,15.458,66.5302,42.685,13.663,42.795,13.78,18.6456,43.39,12.632,43.449,12.674
SUBUNIT,Zambia,1,false,21.979,-18.07,33.675,-8.194,751914.0,751914.0,21.979,-18.07,33.675,-8.194,,,,,,,,,,,,,,,,,,,,
SUBUNIT,Zanzibar,4,false,39.177,-6.463,39.879,-4.89,2499.12,1556.84,39.177,-6.463,39.575,-5.718,892.421,39.643,-5.455,39.879,-4.89,30.9821,39.569,-5.478,39.663,-5.394,18.8738,39.212,-5.859,39.239,-5.769,,,,,
SUBUNIT,Zimbabwe,1,false,25.219,-22.398,33.043,-15.614,389338.0,389338.0,25.219,-22.398,33.043,-15.614,,,,,,,,,,,,,,,,,,,,
SUBUNIT,eSwatini,1,false,30.782,-27.317,32.118,-25.735,17111.9,17111.9,30.782,-27.317,32.118,-25.735,,,,,,,,,,,,,,,,,,,,
ISO_A3_EH,ABW,1,false,-70.063,12.417,-69.876,12.633,169.766,169.766,-70.063,12.417,-69.876,12.633,,,,,,,,,,,,,,,,,,,,
ISO_A3_EH,AFG,1,false,60.486,29.386,74.893,38.474,642181.0,642181.0,60.486,29.386,74.893,38.474,,,,,,,,,,,,,,,,,,,,
ISO_A3_EH,AGO,3,false,11.669,-18.032,24.062,-4.391,1.24465e6,1.23787e6,11.735,-18.032,24.062,-5.841,6701.71,12.009,-5.764,13.074,-4.391,84.4009,11.669,-16.706,11.739,-16.5,,,,,,,,,,
ISO_A3_EH,AIA,6,false,-63.429,18.169,-62.925,18.602,87.4201,80.424,-63.168,18.169,-62.972,18.277,3.97369,-62.961,18.274,-62.925,18.298,2.27211,-63.263,18.272,-63.236,18.287,0.283438,-63.193,18.265,-63.179,18.27,0.252154,-63.429,18.592,-63.423,18.602
ISO_A3_EH,ALA,16,false,19.513,59.904,21.097,60.481,942.066,587.757,19.646,60.047,20.278,60.406,78.7094,20.025,59.971,20.226,60.095,77.9982,19.513,60.129,19.675,60.261,31.6636,20.281,59.953,20.448,60.021,30.1463,20.198,60.06,20.298,60.15
ISO_A3_EH,ALB,1,false,19.272,39.637,21.037,42.655,28335.8,28335.8,19.272,39.637,21.037,42.655,,,,,,,,,,,,,,,,,,,,
ISO_A3_EH,AND,1,false,1.406,42.428,1.766,42.65,452.239,452.239,1.406,42.428,1.766,42.65,,,,,,,,,,,,,,,,,,,,
ISO_A3_EH,ARE,10,false,51.569,22.62,56.384,26.075,71085.0,70368.8,51.569,22.62,56.384,26.075,285.091,53.627,24.13,53.965,24.276,125.203,53.184,24.262,53.448,24.413,82.6127,52.556,24.253,52.651,24.374,63.4393,54.334,24.42,54.471,24.523
ISO_A3_EH,ARG,8,false,-73.573,-55.053,-53.661,-21.786,2.7829e6,2.76123e6,-73.573,-52.391,-53.661,-21.786,20552.5,-68.642,-55.053,-65.141,-52.639,499.264,-64.759,-54.904,-63.812,-54.705,229.265,-62.238,-40.565,-62.028,-40.374,172.847,-62.099,-39.241,-61.859,-39.085
ISO_A3_EH,ARM,2,false,43.436,38.863,46.603,41.291,29588.2,29553.0,43.436,38.863,46.603,41.291,35.2439,45.471,40.601,45.561,40.661,,,,,,,,,,,,,,,
ISO_A3_EH,ASM,5,false,-171.087,-14.533,-168.16,-11.051,180.304,131.452,-170.832,-14.375,-170.567,-14.252,39.9002,-169.543,-14.272,-169.44,-14.222,6.06747,-169.677,-14.19,-169.635,-14.168,1.86652,-171.087,-11.067,-171.072,-11.051,1.0177,-168.174,-14.533,-168.16,-14.519
ISO_A3_EH,ATA,179,false,-180.0,-90.0,180.0,-60.516,1.23582e7,1.21577e7,-180.0,-90.0,180.0,-63.214,48169.6,-75.439,-72.675,-68.161,-68.78,45479.8,-54.413,-80.878,-42.936,-77.772,11287.1,-102.324,-72.584,-95.428,-71.756,7860.64,-164.327,-79.855,-158.953,-78.706
ISO_A3_EH,ATF,18,false,39.728,-49.722,77.586,-11.55,7279.96,6587.01,68.748,-49.722,70.569,-48.654,194.393,69.192,-49.095,69.412,-48.884,140.575,51.656,-46.452,51.869,-46.327,64.7044,50.175,-46.128,50.299,-46.043,53.1913,77.487,-37.902,77.586,-37.82
ISO_A3_EH,ATG,3,false,-62.349,16.931,-61.667,17.728,451.85,281.942,-61.895,16.989,-61.667,17.169,169.539,-61.874,17.545,-61.727,17.728,0.36913,-62.349,16.931,-62.342,16.941,,,,,,,,,,
ISO_A3_EH,AUS,99,false,96.821,-54.751,159.107,-9.24,7.69128e6,7.5987e6,113.156,-39.145,153.631,-10.687,64338.7,144.605,-43.642,148.365,-40.64,5817.76,130.365,-11.934,131.539,-11.153,4463.47,136.532,-36.083,138.13,-35.582,2307.13,136.324,-14.299,136.979,-13.647
ISO_A3_EH,AUT,1,false,9.521,46.378,17.149,49.01,83993.2,83993.2,9.521,46.378,17.149,49.01,,,,,,,,,,,,,,,,,,,,
ISO_A3_EH,AZE,6,false,44.774,38.392,50.626,41.891,86249.9,81390.6,45.002,38.392,50.392,41.891,4782.87,44.774,38.862,46.136,39.771,26.8109,44.96,41.023,45.03,41.083,26.1924,50.326,40.399,50.397,40.482,16.0301,50.562,40.299,50.626,40.338
ISO_A3_EH,BDI,1,false,28.986,-4.464,30.834,-2.303,27041.2,27041.2,28.986,-4.464,30.834,-2.303,,,,,,,,,,,,,,,,,,,,
ISO_A3_EH,BEL,1,false,2.521,49.495,6.375,51.497,30669.5,30669.5,2.521,49.495,6.375,51.497,,,,,,,,,,,,,,,,,,,,
ISO_A3_EH,BEN,1,false,0.759,6.213,3.838,12.4,116113.0,116113.0,0.759,6.213,3.838,12.4,,,,,,,,,,,,,,,,,,,,
ISO_A3_EH,BFA,1,false,-5.523,9.391,2.391,15.08,272769.0,272769.0,-5.523,9.391,2.391,15.08,,,,,,,,,,,,,,,,,,,,
ISO_A3_EH,BGD,22,false,88.021,20.738,92.643,26.624,136904.0,133774.0,88.021,20.738,92.643,26.624,1299.46,90.553,21.992,90.856,22.788,330.582,91.005,22.089,91.187,22.392,301.896,91.847,21.48,91.984,21.782,198.315,90.455,22.711,90.679,22.882
ISO_A3_EH,BGR,1,false,22.345,41.238,28.604,44.229,112760.0,112760.0,22.345,41.238,28.604,44.229,,,,,,,,,,,,,,,,,,,,
ISO_A3_EH,BHR,7,false,50.38,25.579,50.82,26.288,688.118,584.947,50.448,25.789,50.646,26.243,42.7155,50.737,25.579,50.801,25.732,32.0991,50.599,26.202,50.685,26.288,19.4847,50.38,26.119,50.424,26.175,5.6449,50.785,25.63,50.817,25.653
ISO_A3_EH,BHS,44,false,-79.595,20.912,-72.746,26.929,12603.9,3574.05,-78.443,24.272,-77.718,25.207,1580.41,-73.704,20.912,-73.004,21.341,1403.3,-77.943,23.72,-77.516,24.303,1310.73,-77.963,25.885,-77.014,26.929,1060.64,-78.998,26.491,-77.902,26.811
ISO_A3_EH,BIH,1,false,15.716,42.559,19.619,45.285,51826.7,51826.7,15.716,42.559,19.619,45.285,,,,,,,,,,,,,,,,,,,,
ISO_A3_EH,BLM,1,false,-62.868,17.881,-62.791,17.93,24.4219,24.4219,-62.868,17.881,-62.791,17.93,,,,,,,,,,,,,,,,,,,,
ISO_A3_EH,BLR,1,false,23.165,51.235,32.72,56.157,207499.0,207499.0,23.165,51.235,32.72,56.157,,,,,,,,,,,,,,,,,,,,
ISO_A3_EH,BLZ,10,false,-89.237,15.879,-87.783,18.491,22299.4,22010.2,-89.237,15.879,-88.083,18.491,109.906,-88.01,17.902,-87.847,18.17,91.5241,-87.941,17.278,-87.783,17.546,26.6794,-88.168,17.669,-88.071,17.735,22.4183,-87.839,17.292,-87.797,17.4
ISO_A3_EH,BMU,2,false,-64.886,32.248,-64.647,32.389,62.302,60.3766,-64.886,32.248,-64.647,32.389,1.92541,-64.833,32.281,-64.799,32.29,,,,,,,,,,,,,,,
ISO_A3_EH,BOL,1,false,-69.667,-22.898,-57.465,-9.679,1.08681e6,1.08681e6,-69.667,-22.898,-57.465,-9.679,,,,,,,,,,,,,,,,,,,,
ISO_A3_EH,BRA,43,false,-74.019,-33.743,-28.877,5.268,8.47266e6,8.41813e6,-74.019,-33.743,-34.793,5.268,38765.2,-50.814,-1.833,-48.366,-0.099,3964.38,-51.955,-1.484,-51.149,-0.518,2291.76,-50.384,-0.053,-49.528,0.387,1125.15,-51.039,-0.331,-50.627,0.047
ISO_A3_EH,BRB,1,false,-59.655,13.051,-59.426,13.345,444.223,444.223,-59.655,13.051,-59.426,13.345,,,,,,,,,,,,,,,,,,,,
ISO_A3_EH,BRN,2,false,113.998,4.016,115.361,5.058,5716.64,4417.71,113.998,4.016,115.104,5.058,1298.93,115.022,4.313,115.361,4.909,,,,,,,,,,,,,,,
ISO_A3_EH,BTN,1,false,88.73,26.696,92.089,28.359,40421.3,40421.3,88.73,26.696,92.089,28.359,,,,,,,,,,,,,,,,,,,,
ISO_A3_EH,BWA,1,false,19.978,-26.892,29.351,-17.781,579029.0,579029.0,19.978,-26.892,29.351,-17.781,,,,,,,,,,,,,,,,,,,,
ISO_A3_EH,CAF,1,false,14.387,2.236,27.442,11.001,617984.0,617984.0,14.387,2.236,27.442,11.001,,,,,,,,,,,,,,,,,,,,
ISO_A3_EH,CAN,412,false,-141.006,41.669,-52.616,83.117,9.94563e6,8.13806e6,-141.006,41.669,-55.616,72.003,514388.0,-90.119,61.858,-61.267,73.856,220425.0,-119.138,68.454,-100.872,73.385,203079.0,-74.713,43.47,-60.968,49.267,198129.0,-91.957,76.129,-61.085,83.117
ISO_A3_EH,CHE,1,false,5.954,45.82,10.467,47.802,41435.5,41435.5,5.954,45.82,10.467,47.802,,,,,,,,,,,,,,,,,,,,
ISO_A3_EH,CHL,163,false,-109.454,-55.919,-66.42,-17.506,736595.0,648334.0,-75.712,-53.887,-67.013,-17.506,26556.3,-72.008,-54.949,-68.627,-52.451,8130.75,-74.408,-43.424,-73.374,-41.77,5731.54,-75.469,-50.054,-74.42,-48.678,4021.3,-70.032,-55.717,-67.965,-54.928
ISO_A3_EH,CHN,70,false,73.602,15.775,134.773,53.57,9.37522e6,9.33589e6,73.602,20.238,134.773,53.57,33840.7,108.615,18.169,111.035,20.164,1254.97,121.176,31.439,121.987,31.842,436.125,121.963,29.933,122.328,30.149,251.987,110.245,20.937,110.548,21.096
ISO_A3_EH,CIV,2,false,-8.619,4.344,-2.506,10.727,320677.0,320613.0,-8.619,4.344,-2.506,10.727,64.7141,-3.277,5.091,-3.115,5.164,,,,,,,,,,,,,,,
ISO_A3_EH,CMR,1,false,8.505,1.654,16.208,13.082,464318.0,464318.0,8.505,1.654,16.208,13.082,,,,,,,,,,,,,,,,,,,,
ISO_A3_EH,COD,2,false,12.21,-13.459,31.281,5.376,2.32524e6,2.32512e6,12.21,-13.459,31.281,5.376,118.283,12.745,-5.961,12.995,-5.868,,,,,,,,,,,,,,,
ISO_A3_EH,COG,1,false,11.114,-5.02,18.643,3.709,344889.0,344889.0,11.114,-5.02,18.643,3.709,,,,,,,,,,,,,,,,,,,,
ISO_A3_EH,COK,13,false,-165.825,-21.939,-157.312,-8.946,191.133,64.1645,-159.847,-21.255,-159.736,-21.186,38.6485,-157.969,-21.939,-157.887,-21.877,20.5624,-158.136,-20.02,-158.078,-19.972,20.1825,-157.743,-19.856,-157.707,-19.767,14.5483,-159.803,-18.888,-159.761,-18.828
ISO_A3_EH,COL,11,false,-81.724,-4.237,-66.875,13.579,1.13512e6,1.13455e6,-79.022,-4.237,-66.875,12.469,174.024,-78.217,2.504,-78.096,2.688,157.86,-77.55,4.196,-77.271,4.342,75.8893,-77.886,2.601,-77.754,2.725,71.8659,-77.921,2.577,-77.785,2.698
ISO_A3_EH,COM,3,false,43.213,-12.381,44.53,-11.361,1672.23,1024.67,43.213,-11.933,43.499,-11.361,448.593,44.206,-12.381,44.53,-12.064,198.961,43.629,-12.374,43.862,-12.236,,,,,,,,,,
ISO_A3_EH,CPV,11,false,-25.361,14.803,-22.666,17.197,3926.72,961.382,-23.793,14.907,-23.443,15.333,741.664,-25.361,16.917,-24.971,17.197,635.576,-22.964,15.982,-22.666,16.244,460.234,-24.527,14.815,-24.292,15.046,335.782,-24.431,16.482,-24.032,16.682
ISO_A3_EH,CRI,4,false,-87.118,5.515,-82.562,11.21,51151.0,51093.2,-85.947,8.034,-82.562,11.21,38.609,-85.2,10.074,-85.097,10.125,15.7604,-87.118,5.515,-87.064,5.558,3.46192,-83.897,8.698,-83.869,8.714,,,,,
ISO_A3_EH,CUB,41,false,-84.95,19.827,-74.132,23.266,109929.0,105744.0,-84.95,19.827,-74.132,23.213,2254.41,-83.192,21.437,-82.54,21.949,347.22,-77.95,21.91,-77.624,22.103,340.235,-78.697,22.418,-78.278,22.562,214.245,-78.313,22.266,-78.01,22.438
ISO_A3_EH,CUW,1,false,-69.172,12.041,-68.739,12.392,463.243,463.243,-69.172,12.041,-68.739,12.392,,,,,,,,,,,,,,,,,,,,
ISO_A3_EH,CYM,3,false,-81.417,19.263,-79.726,19.758,309.202,222.812,-81.417,19.263,-81.086,19.395,46.8189,-79.894,19.679,-79.726,19.758,39.5708,-80.114,19.654,-79.964,19.715,,,,,,,,,,
ISO_A3_EH,CYP,4,false,32.271,34.625,34.1,35.188,5395.04,5197.93,32.271,34.625,33.703,35.188,193.558,33.799,34.958,34.1,35.074,2.07747,33.759,34.976,33.795,34.991,1.47344,33.738,35.001,33.753,35.016,,,,,
ISO_A3_EH,CZE,1,false,12.076,48.557,18.838,51.041,78759.0,78759.0,12.076,48.557,18.838,51.041,,,,,,,,,,,,,,,,,,,,
ISO_A3_EH,DEU,22,false,5.852,47.271,15.023,55.066,357674.0,355707.0,5.852,47.271,15.023,54.906,952.506,13.115,54.228,13.767,54.689,374.567,13.752,53.844,14.211,54.179,164.734,11.005,54.412,11.315,54.536,103.975,8.277,54.742,8.655,55.066
ISO_A3_EH,DJI,1,false,41.749,10.929,43.419,12.708,21848.0,21848.0,41.749,10.929,43.419,12.708,,,,,,,,,,,,,,,,,,,,
ISO_A3_EH,DMA,1,false,-61.489,15.201,-61.249,15.634,730.312,730.312,-61.489,15.201,-61.249,15.634,,,,,,,,,,,,,,,,,,,,
ISO_A3_EH,DNK,15,false,8.094,54.568,15.152,57.752,42695.9,28625.4,8.094,54.801,10.965,57.752,7587.43,10.875,54.568,12.622,56.129,2994.05,9.676,55.029,10.835,55.619,1201.19,10.999,54.626,11.856,54.962,598.05,14.684,54.991,15.152,55.31
ISO_A3_EH,DOM,3,false,-72.01,17.545,-68.328,19.938,48439.9,48281.6,-72.01,17.604,-68.328,19.938,121.186,-68.787,18.107,-68.57,18.201,37.1212,-71.542,17.545,-71.467,17.622,,,,,,,,,,
ISO_A3_EH,DZA,1,false,-8.683,18.975,11.969,37.094,2.30886e6,2.30886e6,-8.683,18.975,11.969,37.094,,,,,,,,,,,,,,,,,,,,
ISO_A3_EH,ECU,16,false,-92.012,-5.012,-75.227,1.665,255014.0,246171.0,-81.014,-5.012,-75.227,1.435,4625.16,-91.607,-1.031,-90.791,0.154,956.709,-90.547,-0.78,-90.18,-0.483,942.459,-80.272,-3.035,-79.902,-2.662,594.641,-91.672,-0.491,-91.396,-0.249
ISO_A3_EH,EGY,8,false,24.688,21.994,36.9,31.657,1.00106e6,1.00087e6,24.688,21.994,36.9,31.657,60.8644,34.489,27.917,34.621,28.017,49.9058,33.913,27.448,34.052,27.537,29.5707,34.661,27.908,34.733,27.959,20.3936,32.934,31.147,33.263,31.241
ISO_A3_EH,ERI,3,false,36.423,12.36,43.124,18.005,122538.0,121764.0,36.423,12.36,43.124,18.005,677.157,39.923,15.572,40.415,15.894,96.5293,39.99,15.981,40.119,16.108,,,,,,,,,,
ISO_A3_EH,ESH,1,false,-17.105,20.766,-8.68,27.662,90495.4,90495.4,-17.105,20.766,-8.68,27.662,,,,,,,,,,,,,,,,,,,,
ISO_A3_EH,ESP,23,false,-18.168,27.642,4.338,43.794,506885.0,494247.0,-9.292,36.006,3.318,43.794,3688.76,2.35,39.269,3.475,39.969,2003.94,-16.917,27.997,-16.117,28.584,1638.2,-14.508,28.05,-13.821,28.754,1558.42,-15.822,27.734,-15.363,28.18
ISO_A3_EH,EST,8,false,21.832,57.515,28.187,59.671,45819.0,41623.8,23.408,57.515,28.187,59.671,2769.86,21.832,57.914,23.334,58.635,1073.18,22.044,58.686,23.041,59.09,201.243,23.059,58.532,23.401,58.682,103.27,23.114,58.968,23.394,59.046
ISO_A3_EH,ETH,1,false,32.989,3.403,47.98,14.88,1.12737e6,1.12737e6,32.989,3.403,47.98,14.88,,,,,,,,,,,,,,,,,,,,
ISO_A3_EH,FIN,42,false,20.623,59.811,31.57,70.076,333059.0,331390.0,20.623,59.811,31.57,70.076,457.3,22.415,59.984,22.957,60.297,151.279,24.562,64.95,25.062,65.095,122.897,21.078,63.15,21.429,63.288,92.898,21.785,60.326,21.998,60.472
ISO_A3_EH,FJI,44,true,174.588,-21.712,-178.216,-12.475,18930.1,10893.3,177.251,-18.274,178.712,-17.3,5731.66,178.479,-17.008,180.0,-16.149,489.802,177.951,-19.158,178.499,-18.924,324.09,-180.0,-16.965,-179.815,-16.677,147.05,179.232,-18.119,179.363,-17.934
ISO_A3_EH,FLK,15,false,-61.319,-52.407,-57.734,-51.027,11597.2,6302.41,-59.722,-52.342,-57.734,-51.248,4460.26,-61.037,-52.237,-59.214,-51.337,222.574,-61.154,-51.954,-60.852,-51.76,127.062,-60.301,-51.407,-60.049,-51.26,118.806,-59.809,-51.338,-59.447,-51.241
ISO_A3_EH,FRA,22,false,-109.235,-21.371,55.855,51.088,636762.0,538721.0,-4.785,42.325,8.201,51.088,83183.7,-54.616,2.11,-51.649,5.745,8665.58,8.545,41.365,9.56,43.018,2582.42,55.225,-21.371,55.855,-20.861,1097.46,-61.229,14.408,-60.81,14.877
ISO_A3_EH,FRO,11,false,-7.645,61.394,-6.275,62.399,1328.53,369.53,-7.237,61.938,-6.698,62.315,296.106,-7.086,62.061,-6.564,62.337,164.666,-7.432,62.019,-7.038,62.164,161.262,-6.963,61.394,-6.646,61.65,118.028,-6.908,61.746,-6.612,61.91
ISO_A3_EH,FSM,20,false,138.063,0.918,163.047,9.776,633.849,340.645,158.125,6.788,158.339,6.979,113.687,162.912,5.269,163.047,5.38,92.7741,138.063,9.412,138.22,9.589,30.8876,151.568,7.327,151.651,7.392,18.5636,151.855,7.424,151.918,7.466
ISO_A3_EH,GAB,3,false,8.695,-3.937,14.499,2.323,259968.0,259843.0,8.695,-3.937,14.499,2.323,125.585,8.949,-0.763,9.042,-0.592,0.129128,9.376,0.806,9.385,0.81,,,,,,,,,,
ISO_A3_EH,GBR,57,false,-13.692,49.909,1.772,60.848,243783.0,218624.0,-6.237,49.959,1.772,58.678,14238.7,-8.174,54.034,-5.43,55.249,2111.62,-7.127,57.733,-6.15,58.513,1618.09,-6.784,57.028,-5.647,57.703,935.468,-1.691,59.854,-1.034,60.644
ISO_A3_EH,GEO,1,false,39.985,41.044,46.695,43.576,69570.9,69570.9,39.985,41.044,46.695,43.576,,,,,,,,,,,,,,,,,,,,
ISO_A3_EH,GGY,4,false,-2.674,49.411,-2.17,49.732,73.9851,62.4312,-2.674,49.426,-2.501,49.516,6.58036,-2.227,49.703,-2.17,49.732,3.91643,-2.379,49.411,-2.354,49.447,1.05716,-2.456,49.462,-2.445,49.484,,,,,
ISO_A3_EH,GHA,1,false,-3.263,4.737,1.188,11.163,238669.0,238669.0,-3.263,4.737,1.188,11.163,,,,,,,,,,,,,,,,,,,,
ISO_A3_EH,GIB,1,false,-5.359,36.11,-5.338,36.142,3.69249,3.69249,-5.359,36.11,-5.338,36.142,,,,,,,,,,,,,,,,,,,,
ISO_A3_EH,GIN,1,false,-15.082,7.19,-7.662,12.674,244302.0,244302.0,-15.082,7.19,-7.662,12.674,,,,,,,,,,,,,,,,,,,,
ISO_A3_EH,GMB,1,false,-16.83,13.065,-13.818,13.82,10501.1,10501.1,-16.83,13.065,-13.818,13.82,,,,,,,,,,,,,,,,,,,,
ISO_A3_EH,GNB,13,false,-16.729,10.927,-13.66,12.68,32829.1,31356.2,-16.729,10.927,-13.66,12.68,257.577,-16.249,11.028,-16.048,11.209,234.314,-16.084,11.419,-15.898,11.607,195.604,-16.166,11.755,-15.985,11.901,118.971,-16.427,11.48,-16.241,11.584
ISO_A3_EH,GNQ,3,false,5.611,-1.476,11.337,3.773,26671.7,24671.9,9.346,0.924,11.337,2.342,1985.6,8.422,3.197,8.964,3.773,14.1818,5.611,-1.476,5.647,-1.415,,,,,,,,,,
ISO_A3_EH,GRC,74,false,19.626,34.815,28.24,41.751,131353.0,106704.0,19.999,36.39,26.637,41.751,8285.89,23.518,34.931,26.322,35.687,3660.54,22.832,37.96,24.595,39.043,1637.59,25.834,38.967,26.613,39.384,1429.17,27.684,35.89,28.24,36.457
ISO_A3_EH,GRD,2,false,-61.791,12.002,-61.421,12.53,347.259,313.136,-61.791,12.002,-61.602,12.24,34.1231,-61.497,12.44,-61.421,12.53,,,,,,,,,,,,,,,
ISO_A3_EH,GRL,128,false,-73.058,59.792,-11.376,83.635,2.15438e6,2.11222e6,-73.058,59.987,-11.376,83.635,8640.47,-54.993,69.235,-51.836,70.325,3812.82,-28.138,70.43,-25.283,71.087,3448.39,-24.486,72.12,-21.928,72.882,2253.75,-25.711,73.036,-22.892,73.426
ISO_A3_EH,GTM,1,false,-92.247,13.731,-88.22,17.817,108811.0,108811.0,-92.247,13.731,-88.22,17.817,,,,,,,,,,,,,,,,,,,,
ISO_A3_EH,GUM,1,false,144.624,13.241,144.953,13.655,564.205,564.205,144.624,13.241,144.953,13.655,,,,,,,,,,,,,,,,,,,,
ISO_A3_EH,GUY,2,false,-61.397,1.185,-56.481,8.559,211214.0,211150.0,-61.397,1.185,-56.481,8.559,63.4153,-58.464,6.883,-58.333,6.974,,,,,,,,,,,,,,,
ISO_A3_EH,HKG,4,false,113.837,22.177,114.402,22.564,1036.2,793.165,113.896,22.258,114.402,22.564,147.545,113.837,22.197,114.055,22.346,81.5336,114.112,22.189,114.257,22.292,13.9606,114.104,22.177,114.155,22.236,,,,,
ISO_A3_EH,HMD,1,false,73.236,-53.193,73.813,-52.961,394.833,394.833,73.236,-53.193,73.813,-52.961,,,,,,,,,,,,,,,,,,,,
ISO_A3_EH,HND,7,false,-89.364,12.979,-83.13,17.419,112236.0,111907.0,-89.364,12.979,-83.13,16.034,149.752,-86.607,16.269,-86.181,16.433,61.0256,-85.951,16.403,-85.816,16.518,48.6486,-87.66,13.304,-87.57,13.374,44.8899,-86.998,16.066,-86.872,16.128
ISO_A3_EH,HRV,25,false,13.501,42.416,19.408,46.547,55023.3,51491.6,13.501,42.942,19.408,46.547,750.086,17.001,42.416,18.498,43.052,406.788,14.277,44.618,14.535,45.176,397.571,14.425,44.943,14.815,45.25,385.236,16.405,43.263,16.893,43.395
ISO_A3_EH,HTI,5,false,-74.49,18.025,-71.639,20.09,26891.6,25937.9,-74.49,18.025,-71.639,19.946,683.866,-73.3,18.696,-72.805,18.972,183.149,-72.961,19.984,-72.627,20.09,46.9812,-73.708,18.057,-73.577,18.109,39.7172,-73.797,18.588,-73.714,18.64
ISO_A3_EH,HUN,1,false,16.094,45.741,22.878,48.57,93200.7,93200.7,16.094,45.741,22.878,48.57,,,,,,,,,,,,,,,,,,,,
ISO_A3_EH,IDN,264,false,95.012,-10.923,140.978,5.911,1.87983e6,529906.0,108.855,-4.185,119.012,4.397,427977.0,95.197,-5.931,106.08,5.655,381927.0,130.948,-9.107,140.978,-0.347,170046.0,118.757,-5.704,125.25,1.745,126179.0,105.216,-8.778,114.626,-5.881
ISO_A3_EH,IMN,1,false,-4.791,54.056,-4.311,54.42,574.809,574.809,-4.791,54.056,-4.311,54.42,,,,,,,,,,,,,,,,,,,,
ISO_A3_EH,IND,35,false,68.143,6.745,97.363,35.496,3.15074e6,3.14312e6,68.143,8.075,97.363,35.496,4259.86,92.524,11.494,93.081,13.579,969.69,93.649,6.745,93.93,7.242,725.116,92.375,10.507,92.599,10.896,221.28,88.042,21.625,88.168,21.87
ISO_A3_EH,IOT,10,false,71.26,-7.433,72.495,-5.226,49.0614,31.4859,72.357,-7.433,72.485,-7.268,10.5531,72.439,-7.362,72.495,-7.226,3.76964,71.338,-6.205,71.361,-6.177,1.1329,71.26,-6.389,71.269,-6.37,0.506538,71.762,-5.441,71.775,-5.431
ISO_A3_EH,IRL,7,false,-10.479,51.445,-5.993,55.387,69445.2,69177.2,-10.479,51.445,-5.993,55.387,154.14,-10.266,53.88,-9.922,54.023,29.5228,-9.812,53.09,-9.64,53.147,24.2115,-10.43,51.882,-10.297,51.932,23.0014,-9.721,53.226,-9.638,53.283
ISO_A3_EH,IRN,12,false,44.014,25.059,63.32,39.772,1.62251e6,1.62068e6,44.014,25.059,63.32,39.772,1460.62,55.273,26.543,56.288,27.003,93.5975,53.902,26.488,54.053,26.566,83.1943,53.149,26.79,53.383,26.857,42.2584,56.322,26.827,56.41,26.894
ISO_A3_EH,IRQ,1,false,38.774,29.063,48.56,37.376,437367.0,437367.0,38.774,29.063,48.56,37.376,,,,,,,,,,,,,,,,,,,,
ISO_A3_EH,ISL,5,false,-24.54,63.396,-13.502,66.565,102390.0,102362.0,-24.54,63.396,-13.502,66.537,9.55926,-20.306,63.402,-20.252,63.452,7.69093,-17.824,63.68,-17.743,63.72,7.11048,-18.415,65.978,-18.356,66.028,3.90562,-18.02,66.533,-17.976,66.565
ISO_A3_EH,ISR,1,false,34.248,29.489,35.889,33.407,22101.4,22101.4,34.248,29.489,35.889,33.407,,,,,,,,,,,,,,,,,,,,
ISO_A3_EH,ITA,29,false,6.602,35.489,18.518,47.086,301184.0,250834.0,6.602,37.919,18.518,47.086,25628.3,12.427,36.654,15.652,38.303,23860.7,8.133,38.864,9.827,41.263,232.567,10.101,42.708,10.444,42.874,114.637,8.346,38.96,8.484,39.119
ISO_A3_EH,JAM,1,false,-78.375,17.703,-76.187,18.526,11032.9,11032.9,-78.375,17.703,-76.187,18.526,,,,,,,,,,,,,,,,,,,,
ISO_A3_EH,JEY,1,false,-2.243,49.171,-2.008,49.268,119.05,119.05,-2.243,49.171,-2.008,49.268,,,,,,,,,,,,,,,,,,,,
ISO_A3_EH,JOR,1,false,34.949,29.189,39.292,33.372,88862.7,88862.7,34.949,29.189,39.292,33.372,,,,,,,,,,,,,,,,,,,,
ISO_A3_EH,JPN,109,false,122.938,24.212,153.986,45.521,373507.0,229140.0,130.861,33.433,142.071,41.547,78318.3,139.767,41.401,145.825,45.521,36951.0,129.552,31.003,132.085,33.967,18504.2,132.01,32.711,134.752,34.392,1296.19,127.635,26.084,128.338,26.887
ISO_A3_EH,KAZ,6,false,46.478,40.584,87.324,55.435,2.72077e6,2.72036e6,46.478,40.584,87.324,55.435,111.855,52.552,45.396,52.703,45.528,88.0754,49.719,46.21,49.842,46.358,84.6226,49.986,44.817,50.19,45.08,71.9888,50.256,44.955,50.354,45.087
ISO_A3_EH,KEN,2,false,33.89,-4.678,41.886,5.031,585702.0,585530.0,33.89,-4.678,41.886,5.031,172.239,40.957,-2.198,41.163,-2.036,,,,,,,,,,,,,,,
ISO_A3_EH,KGZ,1,false,69.226,39.189,80.258,43.262,198990.0,198990.0,69.226,39.189,80.258,43.262,,,,,,,,,,,,,,,,,,,,
ISO_A3_EH,KHM,6,false,102.313,10.415,107.611,14.705,181060.0,180798.0,102.313,10.415,107.611,14.705,103.027,102.981,11.255,103.049,11.427,70.384,103.198,10.672,103.319,10.783,33.6291,103.743,10.453,103.806,10.517,32.421,102.995,11.426,103.051,11.53
ISO_A3_EH,KIR,35,true,169.522,-11.462,-151.78,4.724,949.863,436.467,-157.582,1.709,-157.174,2.035,92.745,-159.411,3.784,-159.249,3.934,30.9804,-155.019,-4.095,-154.94,-4.031,28.2579,175.008,-1.553,175.069,-1.428,25.2279,174.716,-1.265,174.779,-1.134
ISO_A3_EH,KNA,2,false,-62.862,17.1,-62.536,17.416,264.122,175.53,-62.862,17.217,-62.624,17.416,88.5919,-62.627,17.1,-62.536,17.203,,,,,,,,,,,,,,,
ISO_A3_EH,KOR,53,false,124.613,33.197,131.863,38.625,98543.9,93717.3,126.128,34.292,129.588,38.625,1867.85,126.161,33.197,126.954,33.564,394.415,128.488,34.705,128.749,35.033,338.394,126.103,34.352,126.382,34.576,304.666,127.826,34.695,128.075,34.941
ISO_A3_EH,KWT,4,false,46.532,28.533,48.433,30.099,17473.5,16682.7,46.532,28.533,48.433,30.099,703.898,48.046,29.599,48.36,29.996,57.9913,48.269,29.387,48.4,29.474,28.9703,48.009,29.969,48.11,30.03,,,,,
ISO_A3_EH,LAO,1,false,100.097,13.915,107.665,22.497,228114.0,228114.0,100.097,13.915,107.665,22.497,,,,,,,,,,,,,,,,,,,,
ISO_A3_EH,LBN,1,false,35.099,33.055,36.605,34.688,10004.1,10004.1,35.099,33.055,36.605,34.688,,,,,,,,,,,,,,,,,,,,
ISO_A3_EH,LBR,1,false,-11.477,4.347,-7.384,8.566,95298.2,95298.2,-11.477,4.347,-7.384,8.566,,,,,,,,,,,,,,,,,,,,
ISO_A3_EH,LBY,1,false,9.286,19.496,25.157,33.182,1.62376e6,1.62376e6,9.286,19.496,25.157,33.182,,,,,,,,,,,,,,,,,,,,
ISO_A3_EH,LCA,1,false,-61.079,13.714,-60.882,14.112,605.133,605.133,-61.079,13.714,-60.882,14.112,,,,,,,,,,,,,,,,,,,,
ISO_A3_EH,LIE,1,false,9.475,47.052,9.616,47.263,137.25,137.25,9.475,47.052,9.616,47.263,,,,,,,,,,,,,,,,,,,,
ISO_A3_EH,LKA,5,false,79.655,5.923,81.891,9.83,66291.1,65966.2,79.696,5.923,81.891,9.83,109.4,79.698,8.973,79.917,9.104,96.5542,79.84,9.617,79.978,9.761,79.2401,81.725,7.479,81.824,7.74,39.791,79.655,9.483,79.731,9.556
ISO_A3_EH,LSO,1,false,27.002,-30.659,29.436,-28.57,30106.4,30106.4,27.002,-30.659,29.436,-28.57,,,,,,,,,,,,,,,,,,,,
ISO_A3_EH,LTU,2,false,20.924,53.886,26.801,56.443,64938.8,64805.7,21.044,53.886,26.801,56.443,133.124,20.924,55.273,21.134,55.723,,,,,,,,,,,,,,,
ISO_A3_EH,LUX,1,false,5.714,49.441,6.503,50.175,2608.48,2608.48,5.714,49.441,6.503,50.175,,,,,,,,,,,,,,,,,,,,
ISO_A3_EH,LVA,1,false,20.968,55.666,28.218,58.076,64576.3,64576.3,20.968,55.666,28.218,58.076,,,,,,,,,,,,,,,,,,,,
ISO_A3_EH,MAC,2,false,113.519,22.105,113.588,22.221,30.0757,19.8575,113.532,22.105,113.588,22.166,10.2182,113.519,22.173,113.558,22.221,,,,,,,,,,,,,,,
ISO_A3_EH,MAF,1,false,-63.147,18.033,-63.01,18.123,68.2815,68.2815,-63.147,18.033,-63.01,18.123,,,,,,,,,,,,,,,,,,,,
ISO_A3_EH,MAR,1,false,-17.014,21.419,-1.031,35.927,591743.0,591743.0,-17.014,21.419,-1.031,35.927,,,,,,,,,,,,,,,,,,,,
ISO_A3_EH,MCO,1,false,7.365,43.717,7.438,43.764,18.8396,18.8396,7.365,43.717,7.438,43.764,,,,,,,,,,,,,,,,,,,,
ISO_A3_EH,MDA,1,false,26.617,45.461,30.132,48.487,33206.6,33206.6,26.617,45.461,30.132,48.487,,,,,,,,,,,,,,,,,,,,
ISO_A3_EH,MDG,3,false,43.222,-25.599,50.504,-11.943,592981.0,592482.0,43.222,-25.599,50.504,-11.943,288.708,48.188,-13.416,48.367,-13.195,211.01,49.817,-17.095,50.025,-16.69,,,,,,,,,,
ISO_A3_EH,MDV,176,false,72.684,-0.689,73.754,7.108,108.742,34.9308,73.431,4.162,73.553,4.244,6.92209,73.131,6.725,73.167,6.788,6.4355,73.091,-0.642,73.119,-0.579,3.71963,73.353,2.384,73.368,2.438,3.18045,73.201,6.884,73.215,6.919
ISO_A3_EH,MEX,51,false,-118.369,14.546,-86.7,32.713,1.95785e6,1.95216e6,-117.126,14.546,-86.741,32.713,1212.37,-112.584,28.746,-112.195,29.247,934.793,-113.594,28.984,-113.102,29.55,478.987,-87.023,20.26,-86.735,20.596,373.031,-115.359,28.027,-115.155,28.379
ISO_A3_EH,MHL,22,false,165.282,4.573,172.03,14.611,164.814,40.608,171.035,7.067,171.394,7.171,32.0341,169.59,5.798,169.735,6.014,23.6241,171.577,6.972,171.757,7.048,16.8805,168.675,7.292,168.831,7.336,10.6426,166.835,11.144,166.905,11.173
ISO_A3_EH,MKD,1,false,20.444,40.849,23.01,42.371,25385.2,25385.2,20.444,40.849,23.01,42.371,,,,,,,,,,,,,,,,,,,,
ISO_A3_EH,MLI,1,false,-12.265,10.14,4.236,24.996,1.25272e6,1.25272e6,-12.265,10.14,4.236,24.996,,,,,,,,,,,,,,,,,,,,
ISO_A3_EH,MLT,2,false,14.183,35.801,14.568,36.076,325.684,261.289,14.322,35.801,14.568,35.994,64.3952,14.183,36.013,14.335,36.076,,,,,,,,,,,,,,,
ISO_A3_EH,MMR,39,false,92.174,9.79,101.174,28.539,663159.0,658368.0,92.174,9.987,101.174,28.539,573.578,93.641,19.276,93.974,19.561,458.439,93.484,18.673,93.76,18.911,446.502,98.302,12.325,98.471,12.688,442.545,94.382,15.839,94.668,16.246
ISO_A3_EH,MNE,1,false,18.433,41.852,20.356,43.548,13727.5,13727.5,18.433,41.852,20.356,43.548,,,,,,,,,,,,,,,,,,,,
ISO_A3_EH,MNG,1,false,87.735,41.586,119.908,52.13,1.56466e6,1.56466e6,87.735,41.586,119.908,52.13,,,,,,,,,,,,,,,,,,,,
ISO_A3_EH,MNP,12,false,144.902,14.11,145.869,20.556,579.305,132.438,145.682,15.096,145.824,15.273,109.966,145.577,14.915,145.668,15.083,96.9854,145.119,14.11,145.291,14.203,90.1658,145.713,18.053,145.84,18.176,62.614,145.632,18.722,145.71,18.809
ISO_A3_EH,MOZ,4,false,30.213,-26.861,40.848,-10.469,788447.0,788151.0,30.213,-26.861,40.848,-10.469,146.692,39.817,-16.417,39.947,-16.275,106.771,35.426,-21.783,35.497,-21.529,42.2438,32.895,-26.058,32.983,-25.969,,,,,
ISO_A3_EH,MRT,5,false,-17.082,14.734,-4.821,27.286,1.03639e6,1.03617e6,-17.082,14.734,-4.821,27.286,172.332,-16.464,19.601,-16.336,19.869,25.1187,-16.398,19.599,-16.301,19.731,12.0891,-16.497,19.677,-16.468,19.732,10.5357,-16.475,20.571,-16.446,20.615
ISO_A3_EH,MSR,1,false,-62.231,16.675,-62.14,16.82,99.5971,99.5971,-62.231,16.675,-62.14,16.82,,,,,,,,,,,,,,,,,,,,
ISO_A3_EH,MUS,3,false,56.524,-20.518,63.494,-10.323,2014.43,1901.15,57.303,-20.518,57.796,-19.979,99.261,63.332,-19.768,63.494,-19.669,14.0222,56.524,-10.407,56.57,-10.323,,,,,,,,,,
ISO_A3_EH,MWI,3,false,32.663,-17.136,35.905,-9.381,119398.0,119198.0,32.663,-17.136,35.905,-9.381,119.242,34.655,-12.125,34.763,-12.0,80.232,34.541,-12.073,34.642,-11.97,,,,,,,,,,
ISO_A3_EH,MYS,17,false,99.645,0.851,119.279,7.356,327885.0,194965.0,109.528,0.851,119.279,7.027,130471.0,100.127,1.27,104.295,6.708,428.885,117.056,7.102,117.284,7.356,369.693,99.645,6.261,99.917,6.471,347.856,111.299,2.359,111.414,2.785
ISO_A3_EH,NAM,1,false,11.717,-28.96,25.26,-16.951,822713.0,822713.0,11.717,-28.96,25.26,-16.951,,,,,,,,,,,,,,,,,,,,
ISO_A3_EH,NCL,11,false,163.615,-22.671,171.344,-19.623,18841.1,16544.2,163.986,-22.396,167.035,-20.083,1165.8,167.02,-21.179,167.465,-20.672,679.263,167.808,-21.659,168.145,-21.335,161.195,166.479,-20.714,166.679,-20.383,135.198,167.418,-22.671,167.556,-22.538
ISO_A3_EH,NER,1,false,0.152,11.695,15.971,23.518,1.1813e6,1.1813e6,0.152,11.695,15.971,23.518,,,,,,,,,,,,,,,,,,,,
ISO_A3_EH,NFK,1,false,167.912,-29.081,167.997,-28.997,41.1466,41.1466,167.912,-29.081,167.997,-28.997,,,,,,,,,,,,,,,,,,,,
ISO_A3_EH,NGA,3,false,2.671,4.272,14.67,13.881,907498.0,907203.0,2.671,4.272,14.67,13.881,185.67,7.138,4.382,7.333,4.533,109.896,7.336,4.434,7.585,4.499,,,,,,,,,,
ISO_A3_EH,NIC,5,false,-87.686,10.713,-82.725,15.031,128685.0,128624.0,-87.686,10.713,-83.13,15.031,35.2425,-82.809,14.361,-82.725,14.423,14.8976,-83.737,11.87,-83.705,11.988,9.31065,-83.056,12.143,-83.021,12.191,1.19353,-83.687,10.925,-83.665,10.939
ISO_A3_EH,NIU,1,false,-169.951,-19.143,-169.782,-18.964,220.574,220.574,-169.951,-19.143,-169.782,-18.964,,,,,,,,,,,,,,,,,,,,
ISO_A3_EH,NLD,12,false,-68.418,12.022,7.199,53.559,37397.0,35679.9,3.447,50.747,7.199,53.461,824.651,3.349,51.205,4.222,51.417,269.13,-68.418,12.022,-68.19,12.311,220.36,3.686,51.623,4.1,51.749,161.077,4.707,52.994,4.914,53.188
ISO_A3_EH,NOR,120,false,-9.118,-54.463,33.641,80.771,382074.0,302210.0,4.926,57.993,31.077,71.128,38664.9,10.676,76.566,21.552,80.068,14541.0,17.782,79.188,27.24,80.518,5413.34,20.831,77.237,24.425,78.257,2133.17,14.986,68.253,16.577,68.971
ISO_A3_EH,NPL,1,false,80.03,26.343,88.17,30.417,147106.0,147106.0,80.03,26.343,88.17,30.417,,,,,,,,,,,,,,,,,,,,
ISO_A3_EH,NRU,1,false,166.906,-0.552,166.959,-0.49,28.7669,28.7669,166.906,-0.552,166.959,-0.49,,,,,,,,,,,,,,,,,,,,
ISO_A3_EH,NZL,26,true,165.886,-52.601,-171.185,-8.543,268499.0,150335.0,166.466,-46.682,174.327,-40.502,113968.0,172.674,-41.621,178.567,-34.397,1618.94,167.515,-47.278,168.261,-46.683,746.719,-176.855,-44.124,-176.169,-43.703,438.885,165.886,-50.861,166.303,-50.522
ISO_A3_EH,OMN,6,false,51.978,16.642,59.845,26.386,311213.0,308808.0,51.978,16.642,59.845,24.979,1579.32,56.077,25.613,56.512,26.386,655.736,58.635,20.17,58.954,20.698,98.1838,56.206,25.211,56.35,25.332,60.8028,55.964,17.49,56.096,17.56
ISO_A3_EH,PAK,2,false,60.844,23.694,77.049,37.055,872939.0,872903.0,60.844,23.694,77.049,37.055,36.0725,67.375,24.007,67.486,24.063,,,,,,,,,,,,,,,
ISO_A3_EH,PAN,15,false,-83.054,7.205,-77.163,9.63,74530.3,73379.7,-83.054,7.205,-77.163,9.63,490.227,-81.883,7.321,-81.588,7.645,253.668,-78.975,8.219,-78.834,8.475,76.3345,-81.252,7.49,-81.033,7.582,60.9529,-82.431,8.212,-82.314,8.294
ISO_A3_EH,PCN,4,false,-130.754,-25.078,-124.778,-23.924,42.5696,38.5422,-128.351,-24.414,-128.29,-24.324,3.17993,-130.121,-25.078,-130.086,-25.064,0.703702,-130.754,-23.935,-130.741,-23.924,0.143776,-124.798,-24.673,-124.778,-24.663,,,,,
ISO_A3_EH,PER,5,false,-81.338,-18.338,-68.684,-0.029,1.28987e6,1.28981e6,-81.338,-18.338,-68.684,-0.029,22.8883,-80.876,-6.477,-80.839,-6.374,18.0952,-77.254,-12.116,-77.181,-12.058,9.34685,-76.471,-13.857,-76.436,-13.822,9.31803,-76.221,-14.296,-76.175,-14.259
ISO_A3_EH,PHL,97,false,116.954,4.655,126.618,21.123,293291.0,105515.0,119.755,12.535,124.189,18.646,94157.0,121.897,5.572,126.618,9.823,12890.7,122.395,9.035,123.576,10.997,12570.0,124.273,11.022,125.78,12.592,11581.9,121.853,10.43,123.175,11.934
ISO_A3_EH,PLW,9,false,131.131,2.949,134.728,8.097,491.931,351.024,134.482,7.355,134.664,7.735,36.2985,134.347,7.219,134.464,7.317,22.242,134.23,6.984,134.286,7.075,22.0845,134.447,7.308,134.528,7.363,19.1608,131.131,3.018,131.193,3.061
ISO_A3_EH,PNG,58,false,140.849,-11.637,155.968,-1.346,465147.0,400121.0,140.849,-10.702,150.875,-2.589,35831.5,148.324,-6.322,152.418,-4.142,8712.59,154.698,-6.877,155.968,-5.426,6929.51,150.738,-4.849,153.138,-2.555,1844.14,146.52,-2.229,147.445,-1.947
ISO_A3_EH,POL,1,false,14.123,48.994,24.144,54.839,313428.0,313428.0,14.123,48.994,24.144,54.839,,,,,,,,,,,,,,,,,,,,
ISO_A3_EH,PRI,4,false,-67.938,17.922,-65.244,18.523,9005.96,8780.37,-67.271,17.922,-65.591,18.523,150.873,-65.581,18.087,-65.275,18.17,48.2083,-67.938,18.052,-67.844,18.117,26.5045,-65.335,18.279,-65.244,18.341,,,,,
ISO_A3_EH,PRK,10,false,124.211,37.675,130.7,43.011,122379.0,122220.0,124.321,37.675,130.7,43.011,52.231,124.818,39.495,124.934,39.615,33.1329,124.79,38.494,124.904,38.556,23.7362,125.22,37.696,125.338,37.769,19.524,124.595,39.536,124.699,39.571
ISO_A3_EH,PRT,17,false,-31.285,30.029,-6.205,42.154,91390.2,87951.4,-9.498,36.986,-6.205,42.154,822.661,-25.86,37.706,-25.132,37.912,752.971,-17.253,32.641,-16.672,32.875,469.103,-28.549,38.377,-28.04,38.558,453.991,-27.392,38.631,-27.02,38.804
ISO_A3_EH,PRY,1,false,-62.651,-27.587,-54.245,-19.286,399901.0,399901.0,-62.651,-27.587,-54.245,-19.286,,,,,,,,,,,,,,,,,,,,
ISO_A3_EH,PSE,2,false,34.2,31.211,35.573,32.543,6074.38,5734.91,34.867,31.344,35.573,32.543,339.467,34.2,31.211,34.557,31.584,,,,,,,,,,,,,,,
ISO_A3_EH,PYF,88,false,-154.537,-27.642,-134.942,-7.95,3336.5,1035.25,-149.643,-17.87,-149.149,-17.494,340.835,-139.174,-9.855,-138.814,-9.694,336.161,-140.262,-8.954,-140.014,-8.781,191.08,-140.839,-17.864,-140.619,-17.684,174.614,-151.495,-16.903,-151.352,-16.736
ISO_A3_EH,QAT,1,false,50.75,24.559,51.617,26.161,11150.1,11150.1,50.75,24.559,51.617,26.161,,,,,,,,,,,,,,,,,,,,
ISO_A3_EH,ROU,1,false,20.242,43.65,29.7,48.275,236377.0,236377.0,20.242,43.65,29.7,48.275,,,,,,,,,,,,,,,,,,,,
ISO_A3_EH,RUS,214,true,19.609,41.192,-168.994,81.859,1.69802e7,1.65312e7,27.328,41.192,180.0,77.738,110411.0,-180.0,64.24,-169.641,68.983,75494.2,141.639,45.9,144.757,54.427,46845.4,53.631,73.243,69.034,77.014,33096.3,51.401,70.544,57.639,73.426
ISO_A3_EH,RWA,1,false,28.857,-2.827,30.888,-1.058,25305.1,25305.1,28.857,-2.827,30.888,-1.058,,,,,,,,,,,,,,,,,,,,
ISO_A3_EH,SAU,11,false,34.572,16.37,55.638,32.122,1.92173e6,1.9208e6,34.572,16.37,55.638,32.122,408.743,41.755,16.583,42.189,16.897,163.245,41.834,16.76,42.002,17.014,73.8869,36.776,25.361,36.962,25.497,66.2316,36.491,25.549,36.684,25.703
ISO_A3_EH,SDN,2,false,21.809,8.681,38.604,22.227,1.85562e6,1.85558e6,21.809,8.681,38.604,22.227,33.2824,37.243,20.749,37.284,20.856,,,,,,,,,,,,,,,
ISO_A3_EH,SEN,1,false,-17.537,12.305,-11.377,16.692,196225.0,196225.0,-17.537,12.305,-11.377,16.692,,,,,,,,,,,,,,,,,,,,
ISO_A3_EH,SGP,1,false,103.64,1.264,104.004,1.449,510.503,510.503,103.64,1.264,104.004,1.449,,,,,,,,,,,,,,,,,,,,
ISO_A3_EH,SGS,12,false,-38.088,-59.473,-26.239,-53.972,3921.5,3609.51,-38.033,-54.888,-35.784,-53.972,108.231,-26.458,-58.499,-26.239,-58.381,44.3436,-26.658,-59.068,-26.499,-59.001,38.556,-26.514,-57.813,-26.356,-57.738,28.42,-27.212,-56.725,-27.092,-56.675
ISO_A3_EH,SHN,4,false,-14.418,-40.398,-5.65,-7.877,366.653,124.923,-5.79,-16.016,-5.65,-15.902,88.9086,-14.418,-7.98,-14.294,-7.877,79.4962,-12.336,-37.15,-12.191,-37.055,73.3248,-10.04,-40.398,-9.895,-40.301,,,,,
ISO_A3_EH,SLB,48,false,155.507,-12.291,168.826,-6.599,27198.8,5346.89,159.592,-9.938,160.827,-9.247,3858.44,160.581,-9.625,161.394,-8.302,3672.84,158.445,-8.563,159.901,-7.531,3066.37,161.28,-10.845,162.393,-10.2,2863.25,156.446,-7.433,157.53,-6.599
ISO_A3_EH,SLE,2,false,-13.302,6.919,-10.282,9.997,71611.6,70990.1,-13.302,6.919,-10.282,9.997,621.527,-12.952,7.389,-12.492,7.64,,,,,,,,,,,,,,,
ISO_A3_EH,SLV,3,false,-90.115,13.158,-87.693,14.446,20539.4,20516.2,-90.115,13.158,-87.703,14.446,15.7031,-87.729,13.163,-87.693,13.217,7.57467,-87.781,13.214,-87.751,13.249,,,,,,,,,,
ISO_A3_EH,SMR,1,false,12.385,43.892,12.493,43.983,60.3174,60.3174,12.385,43.892,12.493,43.983,,,,,,,,,,,,,,,,,,,,
ISO_A3_EH,SOM,1,false,40.965,-1.697,51.418,11.99,471815.0,471815.0,40.965,-1.697,51.418,11.99,,,,,,,,,,,,,,,,,,,,
ISO_A3_EH,SPM,2,false,-56.397,46.752,-56.144,47.142,242.763,212.777,-56.397,46.78,-56.235,47.142,29.9863,-56.241,46.752,-56.144,46.812,,,,,,,,,,,,,,,
ISO_A3_EH,SRB,1,false,18.844,42.234,22.985,46.174,77628.7,77628.7,18.844,42.234,22.985,46.174,,,,,,,,,,,,,,,,,,,,
ISO_A3_EH,SSD,1,false,24.121,3.49,35.921,12.217,626859.0,626859.0,24.121,3.49,35.921,12.217,,,,,,,,,,,,,,,,,,,,
ISO_A3_EH,STP,2,false,6.461,0.024,7.463,1.7,1037.16,880.889,6.461,0.024,6.761,0.411,156.267,7.329,1.531,7.463,1.7,,,,,,,,,,,,,,,
ISO_A3_EH,SUR,1,false,-58.068,1.833,-53.986,6.012,145123.0,145123.0,-58.068,1.833,-53.986,6.012,,,,,,,,,,,,,,,,,,,,
ISO_A3_EH,SVK,1,false,16.844,47.75,22.54,49.602,48457.9,48457.9,16.844,47.75,22.54,49.602,,,,,,,,,,,,,,,,,,,,
ISO_A3_EH,SVN,1,false,13.365,45.423,16.516,46.864,20327.0,20327.0,13.365,45.423,16.516,46.864,,,,,,,,,,,,,,,,,,,,
ISO_A3_EH,SWE,41,false,11.108,55.342,24.164,69.037,446173.0,440539.0,11.108,55.342,24.164,69.037,2957.38,18.099,56.912,19.086,57.924,1259.69,16.391,56.217,17.125,57.359,321.507,11.406,58.072,11.816,58.292,122.636,11.497,57.935,11.746,58.065
ISO_A3_EH,SWZ,1,false,30.782,-27.317,32.118,-25.735,17111.9,17111.9,30.782,-27.317,32.118,-25.735,,,,,,,,,,,,,,,,,,,,
ISO_A3_EH,SXM,1,false,-63.119,18.019,-63.017,18.063,23.358,23.358,-63.119,18.019,-63.017,18.063,,,,,,,,,,,,,,,,,,,,
ISO_A3_EH,SYC,26,false,46.207,-9.756,56.288,-3.791,435.664,163.897,55.365,-4.804,55.538,-4.56,122.564,46.207,-9.453,46.526,-9.337,41.8156,55.677,-4.359,55.788,-4.29,33.6625,46.276,-9.358,46.428,-9.326,22.3282,55.221,-4.505,55.27,-4.444
ISO_A3_EH,SYR,1,false,35.723,32.313,42.378,37.325,185940.0,185940.0,35.723,32.313,42.378,37.325,,,,,,,,,,,,,,,,,,,,
ISO_A3_EH,TCA,12,false,-72.482,21.29,-71.128,21.96,445.213,134.233,-71.851,21.743,-71.63,21.857,98.3301,-72.341,21.748,-72.124,21.863,97.7804,-72.037,21.828,-71.857,21.96,50.3016,-71.591,21.662,-71.451,21.767,19.5851,-72.482,21.63,-72.433,21.71
ISO_A3_EH,TCD,1,false,13.449,7.455,23.985,23.445,1.26628e6,1.26628e6,13.449,7.455,23.985,23.445,,,,,,,,,,,,,,,,,,,,
ISO_A3_EH,TGO,1,false,-0.167,6.1,1.783,11.135,56863.4,56863.4,-0.167,6.1,1.783,11.135,,,,,,,,,,,,,,,,,,,,
ISO_A3_EH,THA,20,false,97.351,5.629,105.651,20.446,514453.0,512523.0,97.351,5.629,105.651,20.446,557.039,98.254,7.767,98.44,8.192,234.479,99.926,9.418,100.091,9.587,219.921,102.249,11.961,102.444,12.154,145.225,99.6,6.492,99.705,6.724
ISO_A3_EH,TJK,3,false,67.342,36.678,75.165,41.04,142239.0,142089.0,67.342,36.678,75.165,41.04,119.447,70.482,39.766,70.707,39.883,30.4997,70.549,40.935,70.646,41.019,,,,,,,,,,
ISO_A3_EH,TKM,3,false,52.437,35.14,66.646,42.792,470849.0,470734.0,52.437,35.14,66.646,42.792,75.9115,53.026,38.755,53.103,39.098,39.0874,53.462,39.508,53.54,39.598,,,,,,,,,,
ISO_A3_EH,TLS,3,false,124.03,-9.502,127.314,-8.135,15082.2,14192.8,124.907,-9.486,127.314,-8.309,739.402,124.03,-9.502,124.452,-9.18,149.964,125.503,-8.318,125.651,-8.135,,,,,,,,,,
ISO_A3_EH,TON,10,false,-176.22,-22.339,-173.914,-15.559,603.109,257.336,-175.365,-21.268,-175.05,-21.062,119.437,-174.073,-18.706,-173.914,-18.566,78.7344,-174.984,-21.455,-174.908,-21.284,41.8299,-175.101,-19.802,-175.046,-19.711,41.1203,-175.687,-15.625,-175.612,-15.559
ISO_A3_EH,TTO,2,false,-61.929,10.042,-60.522,11.352,5122.92,4832.09,-61.929,10.042,-60.907,10.846,290.829,-60.848,11.143,-60.522,11.352,,,,,,,,,,,,,,,
ISO_A3_EH,TUN,4,false,7.479,30.228,11.565,37.346,156613.0,155958.0,7.479,30.228,11.565,37.346,496.054,10.727,33.64,11.061,33.897,110.641,11.122,34.663,11.305,34.826,48.763,10.964,34.62,11.111,34.672,,,,,
ISO_A3_EH,TUR,6,false,25.663,35.819,44.807,42.099,780080.0,756231.0,26.069,35.819,44.807,42.099,23386.6,26.033,40.049,29.11,42.098,291.085,25.663,40.097,26.013,40.243,108.361,27.526,40.576,27.733,40.664,40.7514,25.978,39.784,26.084,39.846
ISO_A3_EH,TUV,9,false,176.125,-9.421,179.907,-5.677,23.0184,8.59585,179.191,-8.543,179.218,-8.46,5.51829,178.665,-7.499,178.695,-7.454,2.95361,178.373,-8.071,178.391,-8.026,2.04384,176.125,-5.707,176.149,-5.677,1.81098,177.337,-6.122,177.357,-6.108
ISO_A3_EH,TWN,8,false,118.279,21.904,122.006,25.288,36197.9,35857.6,120.052,21.904,122.006,25.288,154.039,118.279,24.39,118.468,24.528,66.7841,119.527,23.516,119.671,23.611,48.6484,121.492,22.007,121.589,22.083,19.6105,119.442,23.562,119.518,23.651
ISO_A3_EH,TZA,7,false,29.321,-11.732,40.45,-0.985,941505.0,938516.0,29.321,-11.732,40.45,-0.985,1556.84,39.177,-6.463,39.575,-5.718,892.421,39.643,-5.455,39.879,-4.89,422.291,39.587,-7.994,39.911,-7.637,67.764,39.696,-8.093,39.802,-7.991
ISO_A3_EH,UGA,1,false,29.548,-1.476,35.007,4.22,241854.0,241854.0,29.548,-1.476,35.007,4.22,,,,,,,,,,,,,,,,,,,,
ISO_A3_EH,UKR,4,false,22.132,45.213,40.16,52.369,571999.0,571823.0,22.132,45.213,40.16,52.369,81.188,31.504,46.149,32.167,46.374,53.3131,32.619,46.012,33.058,46.067,41.8472,29.73,45.591,30.126,45.812,,,,,
ISO_A3_EH,UMI,13,true,166.619,-0.389,-75.002,28.216,28.0046,7.05155,-162.104,5.869,-162.057,5.891,4.82956,-75.031,18.395,-75.002,18.418,3.91612,166.619,19.275,166.653,19.306,2.97682,-177.39,28.197,-177.357,28.216,2.71326,-162.401,6.43,-162.385,6.446
ISO_A3_EH,URY,1,false,-58.44,-34.974,-53.11,-30.096,177342.0,177342.0,-58.44,-34.974,-53.11,-30.096,,,,,,,,,,,,,,,,,,,,
ISO_A3_EH,USA,344,true,172.476,18.906,-66.977,71.413,9.46422e6,7.93089e6,-124.735,25.121,-66.977,49.37,1.42751e6,-168.138,54.762,-129.989,71.413,10523.3,-156.061,18.906,-154.814,20.264,9422.7,-154.811,56.741,-152.147,58.011,6718.03,-133.635,54.693,-131.948,56.353
ISO_A3_EH,UZB,3,false,55.975,37.185,73.149,45.559,447831.0,447374.0,55.975,37.185,73.149,45.559,399.439,70.952,39.874,71.245,40.158,58.3037,71.665,39.9,71.79,39.99,,,,,,,,,,
ISO_A3_EH,VAT,1,false,12.452,41.902,12.455,41.904,0.0122038,0.0122038,12.452,41.902,12.455,41.904,,,,,,,,,,,,,,,,,,,,
ISO_A3_EH,VCT,5,false,-61.46,12.585,-61.123,13.381,367.728,329.506,-61.28,13.132,-61.123,13.381,20.9284,-61.278,12.974,-61.193,13.052,7.65319,-61.354,12.693,-61.314,12.734,6.83838,-61.46,12.585,-61.426,12.61,2.80259,-61.192,12.855,-61.174,12.884
ISO_A3_EH,VEN,29,false,-73.392,0.649,-59.815,15.703,912684.0,909122.0,-73.392,0.649,-59.815,12.199,1029.99,-64.409,10.857,-63.787,11.18,958.016,-61.177,8.595,-60.686,8.893,203.027,-61.271,8.507,-60.992,8.611,201.15,-61.092,8.822,-60.838,9.034
ISO_A3_EH,VGB,6,false,-64.774,18.334,-64.27,18.747,144.938,63.756,-64.715,18.383,-64.516,18.455,34.1428,-64.409,18.7,-64.27,18.747,33.0646,-64.444,18.443,-64.326,18.512,6.4657,-64.774,18.437,-64.724,18.455,4.70896,-64.604,18.334,-64.567,18.361
ISO_A3_EH,VIR,3,false,-65.042,17.682,-64.559,18.387,354.793,213.478,-64.896,17.682,-64.559,17.793,81.885,-65.042,18.304,-64.84,18.387,59.4292,-64.802,18.303,-64.66,18.374,,,,,,,,,,
ISO_A3_EH,VNM,25,false,102.118,8.565,109.473,23.367,328892.0,326814.0,102.118,8.565,109.473,23.367,557.1,103.846,10.007,104.086,10.451,229.499,106.751,10.405,106.875,10.667,224.38,107.372,21.047,107.607,21.278,162.052,106.909,20.704,107.108,20.877
ISO_A3_EH,VUT,27,false,166.52,-20.254,169.899,-13.064,12296.6,4078.04,166.522,-15.659,167.248,-14.625,2104.39,167.144,-16.588,167.844,-15.867,890.088,168.982,-19.0,169.337,-18.618,887.607,168.151,-17.824,168.586,-17.532,691.211,167.912,-16.362,168.33,-16.08
ISO_A3_EH,WLF,2,false,-178.186,-14.32,-176.125,-13.208,139.33,75.9853,-176.2,-13.351,-176.125,-13.208,63.3447,-178.186,-14.32,-178.046,-14.232,,,,,,,,,,,,,,,
ISO_A3_EH,WSM,2,false,-172.783,-14.053,-171.437,-13.462,2780.42,1645.49,-172.783,-13.806,-172.175,-13.462,1134.93,-172.064,-14.053,-171.437,-13.805,,,,,,,,,,,,,,,
ISO_A3_EH,YEM,9,false,42.545,12.111,54.541,18.996,453075.0,448951.0,42.61,12.598,53.091,18.996,3621.13,53.306,12.3,54.541,12.715,145.298,52.064,12.146,52.395,12.242,114.748,42.691,13.919,42.802,14.072,108.514,42.545,15.268,42.636,15.458
ISO_A3_EH,ZAF,3,false,16.469,-46.966,37.978,-22.126,1.21982e6,1.2195e6,16.469,-34.822,32.894,-22.126,276.031,37.575,-46.966,37.896,-46.822,43.8529,37.861,-46.655,37.978,-46.598,,,,,,,,,,
ISO_A3_EH,ZMB,1,false,21.979,-18.07,33.675,-8.194,751914.0,751914.0,21.979,-18.07,33.675,-8.194,,,,,,,,,,,,,,,,,,,,
ISO_A3_EH,ZWE,1,false,25.219,-22.398,33.043,-15.614,389338.0,389338.0,25.219,-22.398,33.043,-15.614,,,,,,,,,,,,,,,,,,,,
Physical Continent,AFRICA,14,false,-17.498,-34.786,51.381,37.318,2.92625e7,2.92597e7,-17.498,-34.786,51.381,37.318,654.385,39.948,15.577,40.406,15.877,536.416,-12.933,7.448,-12.5,7.638,449.382,10.722,33.687,11.032,33.893,175.604,-16.024,11.434,-15.901,11.599
Physical Continent,ANTARCTICA,100,false,-180.0,-90.0,180.0,-61.076,1.23477e7,1.21577e7,-180.0,-90.0,180.0,-63.226,47484.2,-75.38,-72.67,-68.227,-68.788,45398.9,-54.372,-80.871,-42.944,-77.795,11237.6,-102.276,-72.579,-95.531,-71.798,7711.42,-164.282,-79.845,-158.996,-78.719
Physical Continent,ASIA,188,true,26.095,1.265,-169.729,81.281,4.16229e7,4.07919e7,26.095,1.329,179.954,77.731,227941.0,130.889,33.486,141.994,41.506,110339.0,-180.0,64.279,-169.729,68.984,78767.7,139.82,41.423,145.834,45.51,76779.4,141.66,45.917,144.714,54.417
Physical Continent,AUSTRALIA,41,false,112.908,-43.62,153.617,-10.051,7.69114e6,7.60184e6,113.184,-39.146,153.617,-10.707,64244.1,144.646,-43.62,148.343,-40.672,5726.14,130.368,-11.927,131.539,-11.18,4412.1,136.54,-36.075,138.124,-35.592,2441.46,136.335,-14.294,136.951,-13.675
Physical Continent,EUROPE,128,false,-9.48,34.934,66.365,71.143,9.3943e6,9.29604e6,-9.48,36.025,66.365,71.092,25696.1,12.435,36.687,15.635,38.296,8333.56,23.547,34.934,26.321,35.656,7554.96,10.978,54.772,12.609,56.123,4740.85,48.278,68.733,50.284,69.512
Physical Continent,NORTH AMERICA,271,true,172.494,15.651,-11.425,83.6,2.3216e7,1.93904e7,-168.089,15.651,-55.672,71.987,2.15098e6,-72.819,59.815,-11.425,83.6,516286.0,-90.026,61.868,-61.299,73.855,219738.0,-118.994,68.477,-100.905,73.373,197300.0,-91.685,76.173,-61.207,83.117
Physical Continent,SOUTH AMERICA,46,false,-81.337,-55.702,-34.887,12.177,1.75377e7,1.7398e7,-81.337,-53.884,-34.887,12.177,47160.8,-71.862,-55.033,-65.381,-52.486,37723.6,-50.797,-1.801,-48.379,-0.116,7695.39,-74.351,-43.372,-73.422,-41.83,6129.25,-75.351,-50.02,-74.458,-48.705
Physical Island,Adak,1,false,-176.962,51.603,-176.437,51.972,659.285,659.285,-176.962,51.603,-176.437,51.972,,,,,,,,,,,,,,,,,,,,
Physical Island,Adelaide Island,1,false,-69.139,-67.736,-67.681,-66.627,3606.16,3606.16,-69.139,-67.736,-67.681,-66.627,,,,,,,,,,,,,,,,,,,,
Physical Island,Aitutaki,2,false,-159.849,-18.919,-159.731,-18.801,79.6348,79.6348,-159.849,-18.919,-159.731,-18.801,1.06438e-8,-159.79,-18.919,-159.789,-18.918,,,,,,,,,,,,,,,
Physical Island,Akimiski I.,1,false,-82.039,52.733,-80.719,53.223,2682.61,2682.61,-82.039,52.733,-80.719,53.223,,,,,,,,,,,,,,,,,,,,
Physical Island,Aldabra I.,1,false,46.207,-9.452,46.526,-9.336,122.541,122.541,46.207,-9.452,46.526,-9.336,,,,,,,,,,,,,,,,,,,,
Physical Island,Alexander Island,1,false,-75.314,-72.67,-68.232,-68.788,46003.3,46003.3,-75.314,-72.67,-68.232,-68.788,,,,,,,,,,,,,,,,,,,,
Physical Island,Alor,1,false,124.356,-8.445,125.132,-8.135,1980.32,1980.32,124.356,-8.445,125.132,-8.135,,,,,,,,,,,,,,,,,,,,
Physical Island,Ambrym,1,false,167.929,-16.347,168.298,-16.081,616.219,616.219,167.929,-16.347,168.298,-16.081,,,,,,,,,,,,,,,,,,,,
Physical Island,Anaa,1,false,-145.472,-17.499,-145.354,-17.381,80.1859,80.1859,-145.472,-17.499,-145.354,-17.381,,,,,,,,,,,,,,,,,,,,
Physical Island,Anatahan,1,false,145.631,16.332,145.72,16.38,37.5912,37.5912,145.631,16.332,145.72,16.38,,,,,,,,,,,,,,,,,,,,
Physical Island,Anatom,1,false,169.737,-20.242,169.897,-20.144,129.41,129.41,169.737,-20.242,169.897,-20.144,,,,,,,,,,,,,,,,,,,,
Physical Island,Andros,2,false,-78.436,23.751,-77.532,25.197,5036.19,3422.81,-78.436,24.295,-77.735,25.197,1613.38,-77.985,23.751,-77.532,24.288,,,,,,,,,,,,,,,
Physical Island,Anjouan,1,false,44.22,-12.357,44.527,-12.071,406.212,406.212,44.22,-12.357,44.527,-12.071,,,,,,,,,,,,,,,,,,,,
Physical Island,Anvers Island,1,false,-64.273,-64.834,-62.875,-64.26,1987.86,1987.86,-64.273,-64.834,-62.875,-64.26,,,,,,,,,,,,,,,,,,,,
Physical Island,Arctic Institute I.,1,false,81.504,75.247,82.222,75.516,315.693,315.693,81.504,75.247,82.222,75.516,,,,,,,,,,,,,,,,,,,,
Physical Island,Atafu,1,false,-172.499,-8.583,-172.479,-8.546,2.99678,2.99678,-172.499,-8.583,-172.479,-8.546,,,,,,,,,,,,,,,,,,,,
Physical Island,Atka,1,false,-175.258,52.008,-174.022,52.398,968.138,968.138,-175.258,52.008,-174.022,52.398,,,,,,,,,,,,,,,,,,,,
Physical Island,Axel Heiberg I.,1,false,-96.685,78.149,-85.059,81.356,41399.5,41399.5,-96.685,78.149,-85.059,81.356,,,,,,,,,,,,,,,,,,,,
Physical Island,Ayon I.,1,false,167.788,69.571,169.434,70.016,1986.76,1986.76,167.788,69.571,169.434,70.016,,,,,,,,,,,,,,,,,,,,
Physical Island,BAFFIN ISLAND,3,false,-89.994,61.868,-61.34,73.853,508864.0,508537.0,-89.994,61.868,-61.34,73.853,184.307,-68.222,69.534,-67.754,69.682,141.956,-62.872,67.028,-62.396,67.191,,,,,,,,,,
Physical Island,BANKS ISLAND,1,false,-125.846,71.087,-115.392,74.546,70561.6,70561.6,-125.846,71.087,-115.392,74.546,,,,,,,,,,,,,,,,,,,,
Physical Island,BORNEO,1,false,108.905,-4.17,119.267,6.991,724829.0,724829.0,108.905,-4.17,119.267,6.991,,,,,,,,,,,,,,,,,,,,
Physical Island,Baker I.,2,false,-176.538,0.137,-176.421,0.255,83.9033,83.9033,-176.538,0.137,-176.421,0.255,1.12124e-8,-176.48,0.137,-176.479,0.138,,,,,,,,,,,,,,,
Physical Island,Bali,1,false,114.467,-8.85,115.705,-8.065,5227.71,5227.71,114.467,-8.85,115.705,-8.065,,,,,,,,,,,,,,,,,,,,
Physical Island,Banaba,1,false,169.522,-0.876,169.556,-0.846,7.84403,7.84403,169.522,-0.876,169.556,-0.846,,,,,,,,,,,,,,,,,,,,
Physical Island,Bangka,1,false,105.133,-3.072,106.819,-1.504,11295.5,11295.5,105.133,-3.072,106.819,-1.504,,,,,,,,,,,,,,,,,,,,
Physical Island,Bathurst I.,2,false,-102.662,74.983,-97.348,76.632,15473.2,15434.7,-102.662,74.983,-97.348,76.632,38.5401,-102.245,75.904,-102.008,76.006,,,,,,,,,,,,,,,
Physical Island,Belitung,1,false,107.563,-3.227,108.291,-2.53,4294.65,4294.65,107.563,-3.227,108.291,-2.53,,,,,,,,,,,,,,,,,,,,
Physical Island,Belyy I.,1,false,69.92,73.037,71.631,73.515,1993.8,1993.8,69.92,73.037,71.631,73.515,,,,,,,,,,,,,,,,,,,,
Physical Island,Bering I.,1,false,165.751,54.694,166.649,55.352,1101.22,1101.22,165.751,54.694,166.649,55.352,,,,,,,,,,,,,,,,,,,,
Physical Island,Berkner Island,1,false,-54.288,-80.751,-43.149,-77.785,43566.2,43566.2,-54.288,-80.751,-43.149,-77.785,,,,,,,,,,,,,,,,,,,,
Physical Island,Biak,1,false,135.383,-1.217,136.376,-0.651,2469.49,2469.49,135.383,-1.217,136.376,-0.651,,,,,,,,,,,,,,,,,,,,
Physical Island,Bioko,1,false,8.434,3.217,8.951,3.759,1898.22,1898.22,8.434,3.217,8.951,3.759,,,,,,,,,,,,,,,,,,,,
Physical Island,Bjørnøya,1,false,18.797,74.352,19.275,74.518,173.426,173.426,18.797,74.352,19.275,74.518,,,,,,,,,,,,,,,,,,,,
Physical Island,Boa Vista,1,false,-22.96,15.986,-22.681,16.238,575.027,575.027,-22.96,15.986,-22.681,16.238,,,,,,,,,,,,,,,,,,,,
Physical Island,Bohol,1,false,123.817,9.6,124.594,10.16,3575.76,3575.76,123.817,9.6,124.594,10.16,,,,,,,,,,,,,,,,,,,,
Physical Island,Bol’shevik I.,1,false,99.287,77.956,105.343,79.43,11083.2,11083.2,99.287,77.956,105.343,79.43,,,,,,,,,,,,,,,,,,,,
Physical Island,Bol’shoy Begichev I.,1,false,111.503,74.095,113.377,74.548,1704.16,1704.16,111.503,74.095,113.377,74.548,,,,,,,,,,,,,,,,,,,,
Physical Island,Bora Bora,1,false,-151.785,-16.525,-151.747,-16.471,16.4947,16.4947,-151.785,-16.525,-151.747,-16.471,,,,,,,,,,,,,,,,,,,,
Physical Island,Brabant Island,1,false,-62.634,-64.503,-62.058,-64.012,869.298,869.298,-62.634,-64.503,-62.058,-64.012,,,,,,,,,,,,,,,,,,,,
Physical Island,Burke Island,1,false,-105.124,-73.202,-104.537,-72.941,289.586,289.586,-105.124,-73.202,-104.537,-72.941,,,,,,,,,,,,,,,,,,,,
Physical Island,Buru,1,false,126.026,-3.824,127.243,-3.065,8141.04,8141.04,126.026,-3.824,127.243,-3.065,,,,,,,,,,,,,,,,,,,,
Physical Island,Butaritari,1,false,172.771,3.02,172.87,3.073,23.0054,23.0054,172.771,3.02,172.87,3.073,,,,,,,,,,,,,,,,,,,,
Physical Island,Bylot Island,1,false,-80.832,72.763,-76.176,73.722,10686.1,10686.1,-80.832,72.763,-76.176,73.722,,,,,,,,,,,,,,,,,,,,
Physical Island,CUBA,1,false,-84.879,19.856,-74.159,23.177,103252.0,103252.0,-84.879,19.856,-74.159,23.177,,,,,,,,,,,,,,,,,,,,
Physical Island,Cape Breton Island,2,false,-61.49,45.487,-59.855,47.01,9947.08,9868.89,-61.49,45.58,-59.855,47.01,78.1932,-61.082,45.487,-60.912,45.578,,,,,,,,,,,,,,,
Physical Island,Carney Island,1,false,-123.28,-74.374,-120.287,-73.672,4705.72,4705.72,-123.28,-74.374,-120.287,-73.672,,,,,,,,,,,,,,,,,,,,
Physical Island,Ceram,1,false,127.877,-3.858,130.86,-2.785,16901.0,16901.0,127.877,-3.858,130.86,-2.785,,,,,,,,,,,,,,,,,,,,
Physical Island,Charcot Island,1,false,-75.812,-70.158,-74.437,-69.727,1694.27,1694.27,-75.812,-70.158,-74.437,-69.727,,,,,,,,,,,,,,,,,,,,
Physical Island,Cheju I.,1,false,126.165,33.201,126.932,33.554,1786.06,1786.06,126.165,33.201,126.932,33.554,,,,,,,,,,,,,,,,,,,,
Physical Island,Choiseul,1,false,156.452,-7.422,157.519,-6.608,2720.01,2720.01,156.452,-7.422,157.519,-6.608,,,,,,,,,,,,,,,,,,,,
Physical Island,Coats I.,1,false,-83.913,62.162,-81.948,62.949,5413.29,5413.29,-83.913,62.162,-81.948,62.949,,,,,,,,,,,,,,,,,,,,
Physical Island,Cornwallis I.,1,false,-96.598,74.645,-93.463,75.625,6708.54,6708.54,-96.598,74.645,-93.463,75.625,,,,,,,,,,,,,,,,,,,,
Physical Island,Corse,1,false,8.565,41.384,9.557,43.022,8641.3,8641.3,8.565,41.384,9.557,43.022,,,,,,,,,,,,,,,,,,,,
Physical Island,Crete,1,false,23.549,34.934,26.321,35.656,8015.05,8015.05,23.549,34.934,26.321,35.656,,,,,,,,,,,,,,,,,,,,
Physical Island,Cyprus,1,false,32.3,34.569,34.557,35.663,8960.94,8960.94,32.3,34.569,34.557,35.663,,,,,,,,,,,,,,,,,,,,
Physical Island,Darien Gap,1,false,-78.209,7.612,-77.175,8.775,8404.25,8404.25,-78.209,7.612,-77.175,8.775,,,,,,,,,,,,,,,,,,,,
Physical Island,Devon Island,1,false,-96.895,74.477,-79.43,77.038,54648.2,54648.2,-96.895,74.477,-79.43,77.038,,,,,,,,,,,,,,,,,,,,
Physical Island,ELLESMERE  ISLAND,1,false,-91.652,76.239,-61.207,83.109,195762.0,195762.0,-91.652,76.239,-61.207,83.109,,,,,,,,,,,,,,,,,,,,
Physical Island,East Falkland,2,false,-59.794,-52.309,-57.791,-51.269,6481.63,6414.21,-59.65,-52.309,-57.791,-51.269,67.4157,-59.794,-52.251,-59.681,-52.134,,,,,,,,,,,,,,,
Physical Island,Edgeøya,1,false,20.877,77.268,24.902,78.252,5329.23,5329.23,20.877,77.268,24.902,78.252,,,,,,,,,,,,,,,,,,,,
Physical Island,Eiao,1,false,-140.728,-8.041,-140.638,-7.948,41.8478,41.8478,-140.728,-8.041,-140.638,-7.948,,,,,,,,,,,,,,,,,,,,
Physical Island,Elephant Island,2,false,-55.392,-61.242,-54.67,-61.074,357.976,357.976,-55.392,-61.242,-54.67,-61.074,2.40995e-9,-55.392,-61.089,-55.391,-61.088,,,,,,,,,,,,,,,
Physical Island,Enggano,1,false,102.11,-5.484,102.406,-5.286,368.725,368.725,102.11,-5.484,102.406,-5.286,,,,,,,,,,,,,,,,,,,,
Physical Island,Eniwetok,1,false,162.267,11.438,162.385,11.556,82.5229,82.5229,162.267,11.438,162.385,11.556,,,,,,,,,,,,,,,,,,,,
Physical Island,Erromango,1,false,168.986,-18.988,169.335,-18.617,835.527,835.527,168.986,-18.988,169.335,-18.617,,,,,,,,,,,,,,,,,,,,
Physical Island,Farwell Island,1,false,-91.532,-73.191,-90.783,-72.547,1332.48,1332.48,-91.532,-73.191,-90.783,-72.547,,,,,,,,,,,,,,,,,,,,
Physical Island,Fatu Hiva,1,false,-138.691,-10.533,-138.624,-10.425,52.2362,52.2362,-138.691,-10.533,-138.624,-10.425,,,,,,,,,,,,,,,,,,,,
Physical Island,Flinders I.,1,false,147.768,-40.263,148.324,-39.726,1283.93,1283.93,147.768,-40.263,148.324,-39.726,,,,,,,,,,,,,,,,,,,,
Physical Island,Flores,2,false,-31.283,-8.936,123.006,39.52,13964.8,13802.6,119.807,-8.936,123.006,-8.093,162.268,-31.283,39.358,-31.137,39.52,,,,,,,,,,,,,,,
Physical Island,Fogo,1,false,-24.518,14.818,-24.295,15.039,409.429,409.429,-24.518,14.818,-24.295,15.039,,,,,,,,,,,,,,,,,,,,
Physical Island,Fraser I.,1,false,152.976,-25.779,153.36,-24.728,1574.21,1574.21,152.976,-25.779,153.36,-24.728,,,,,,,,,,,,,,,,,,,,
Physical Island,Fuerteventura,1,false,-14.492,28.056,-13.827,28.745,1562.08,1562.08,-14.492,28.056,-13.827,28.745,,,,,,,,,,,,,,,,,,,,
Physical Island,GREAT BRITAIN,5,false,-6.134,50.021,1.747,58.651,213871.0,213869.0,-6.134,50.021,1.747,58.651,0.844668,-3.305,56.359,-3.256,56.365,0.758751,-5.052,56.21,-5.0,56.233,0.465369,-4.845,56.043,-4.827,56.063,0.000527441,-2.466,51.726,-2.463,51.728
Physical Island,GREENLAND,17,false,-72.819,59.815,-11.425,83.6,2.17141e6,2.15098e6,-72.819,59.815,-11.425,83.6,8539.1,-54.92,69.256,-51.9,70.318,3871.99,-28.037,70.454,-25.346,71.044,1484.48,-47.352,82.066,-44.749,82.693,1315.65,-18.892,74.992,-17.391,75.408
Physical Island,Gardner Pinnacles,2,false,-168.058,24.954,-167.94,25.072,76.3367,76.3367,-168.058,24.954,-167.94,25.072,1.0174e-8,-167.999,24.954,-167.998,24.955,,,,,,,,,,,,,,,
Physical Island,Gaua,1,false,167.403,-14.312,167.599,-14.142,289.235,289.235,167.403,-14.312,167.599,-14.142,,,,,,,,,,,,,,,,,,,,
Physical Island,Gotland,1,false,18.105,56.92,19.077,57.916,2801.01,2801.01,18.105,56.92,19.077,57.916,,,,,,,,,,,,,,,,,,,,
Physical Island,Gran Canaria,1,false,-15.81,27.747,-15.383,28.16,1462.56,1462.56,-15.81,27.747,-15.383,28.16,,,,,,,,,,,,,,,,,,,,
Physical Island,Grand Bahama,1,false,-78.966,26.504,-77.922,26.741,823.255,823.255,-78.966,26.504,-77.922,26.741,,,,,,,,,,,,,,,,,,,,
Physical Island,Grande Comore,1,false,43.226,-11.915,43.492,-11.368,948.98,948.98,43.226,-11.915,43.492,-11.368,,,,,,,,,,,,,,,,,,,,
Physical Island,Great Nicobar,2,false,93.597,6.748,93.93,7.411,1089.0,966.835,93.656,6.748,93.93,7.237,122.169,93.597,7.261,93.734,7.411,,,,,,,,,,,,,,,
Physical Island,Greem Bell I.,1,false,62.52,80.697,65.438,81.199,1572.25,1572.25,62.52,80.697,65.438,81.199,,,,,,,,,,,,,,,,,,,,
Physical Island,Groote Eylandt,1,false,136.335,-14.294,136.944,-13.677,2147.36,2147.36,136.335,-14.294,136.944,-13.677,,,,,,,,,,,,,,,,,,,,
Physical Island,HAINAN,1,false,108.635,18.218,111.014,20.138,33762.9,33762.9,108.635,18.218,111.014,20.138,,,,,,,,,,,,,,,,,,,,
Physical Island,HISPANIOLA,1,false,-74.455,17.661,-68.361,19.928,72444.8,72444.8,-74.455,17.661,-68.361,19.928,,,,,,,,,,,,,,,,,,,,
Physical Island,HOKKAIDÖ,1,false,139.82,41.423,145.816,45.51,77113.4,77113.4,139.82,41.423,145.816,45.51,,,,,,,,,,,,,,,,,,,,
Physical Island,HONSHÜ,1,false,130.889,33.486,141.994,41.506,224985.0,224985.0,130.889,33.486,141.994,41.506,,,,,,,,,,,,,,,,,,,,
Physical Island,Halmahera,1,false,127.42,-0.893,128.9,2.2,17539.8,17539.8,127.42,-0.893,128.9,2.2,,,,,,,,,,,,,,,,,,,,
Physical Island,Heard Island,1,false,73.252,-53.185,73.838,-52.966,408.733,408.733,73.252,-53.185,73.838,-52.966,,,,,,,,,,,,,,,,,,,,
Physical Island,Hearst Island,1,false,-62.512,-69.707,-61.783,-69.145,883.378,883.378,-62.512,-69.707,-61.783,-69.145,,,,,,,,,,,,,,,,,,,,
Physical Island,Hierro,1,false,-18.161,27.646,-17.887,27.851,252.253,252.253,-18.161,27.646,-17.887,27.851,,,,,,,,,,,,,,,,,,,,
Physical Island,Huahine,1,false,-151.041,-16.82,-150.978,-16.759,29.2749,29.2749,-151.041,-16.82,-150.978,-16.759,,,,,,,,,,,,,,,,,,,,
Physical Island,I. Clarión,1,false,-114.823,18.283,-114.705,18.401,79.8726,79.8726,-114.823,18.283,-114.705,18.401,,,,,,,,,,,,,,,,,,,,
Physical Island,I. Guadalupe,1,false,-118.402,28.903,-118.242,29.188,247.772,247.772,-118.402,28.903,-118.242,29.188,,,,,,,,,,,,,,,,,,,,
Physical Island,I. Sala y Gómez,1,false,-105.525,-26.516,-105.407,-26.398,75.3171,75.3171,-105.525,-26.516,-105.407,-26.398,,,,,,,,,,,,,,,,,,,,
Physical Island,I. San Félix,1,false,-80.156,-26.329,-80.039,-26.211,75.4758,75.4758,-80.156,-26.329,-80.039,-26.211,,,,,,,,,,,,,,,,,,,,
Physical Island,ICELAND,1,false,-24.476,63.406,-13.556,66.527,101825.0,101825.0,-24.476,63.406,-13.556,66.527,,,,,,,,,,,,,,,,,,,,
Physical Island,IRELAND,2,false,-10.391,51.473,-5.47,55.366,81623.4,81623.3,-10.391,51.473,-5.47,55.366,0.114345,-6.47,52.199,-6.452,52.201,,,,,,,,,,,,,,,
Physical Island,ISLAND OF NEWFOUNDLAND,1,false,-59.363,46.646,-52.69,51.565,105391.0,105391.0,-59.363,46.646,-52.69,51.565,,,,,,,,,,,,,,,,,,,,
Physical Island,Ibiza,1,false,1.223,38.857,1.623,39.122,563.53,563.53,1.223,38.857,1.623,39.122,,,,,,,,,,,,,,,,,,,,
Physical Island,Ilha de Marajó,1,false,-50.788,-1.801,-48.379,-0.116,37424.2,37424.2,-50.788,-1.801,-48.379,-0.116,,,,,,,,,,,,,,,,,,,,
Physical Island,Isla Wellington,1,false,-75.468,-50.02,-74.458,-48.705,5994.04,5994.04,-75.468,-50.02,-74.458,-48.705,,,,,,,,,,,,,,,,,,,,
Physical Island,Isla de Chiloé,1,false,-74.388,-43.372,-73.422,-41.821,8370.92,8370.92,-74.388,-43.372,-73.422,-41.821,,,,,,,,,,,,,,,,,,,,
Physical Island,Iwo Jima,1,false,141.255,24.711,141.373,24.829,76.4843,76.4843,141.255,24.711,141.373,24.829,,,,,,,,,,,,,,,,,,,,
Physical Island,JAVA,1,false,105.243,-8.77,114.6,-5.913,123881.0,123881.0,105.243,-8.77,114.6,-5.913,,,,,,,,,,,,,,,,,,,,
Physical Island,Jamaica,1,false,-78.34,17.734,-76.219,18.507,10450.6,10450.6,-78.34,17.734,-76.219,18.507,,,,,,,,,,,,,,,,,,,,
Physical Island,James Ross Island,1,false,-58.383,-64.352,-57.222,-63.807,1881.93,1881.93,-58.383,-64.352,-57.222,-63.807,,,,,,,,,,,,,,,,,,,,
Physical Island,Jan Mayen,1,false,-9.099,70.832,-7.978,71.178,411.558,411.558,-9.099,70.832,-7.978,71.178,,,,,,,,,,,,,,,,,,,,
Physical Island,Johnston Atoll,2,false,-169.59,16.7,-169.472,16.817,80.5139,80.5139,-169.59,16.7,-169.472,16.817,1.07345e-8,-169.531,16.7,-169.53,16.701,,,,,,,,,,,,,,,
Physical Island,Joinville Island,1,false,-56.506,-63.396,-55.082,-63.128,1202.51,1202.51,-56.506,-63.396,-55.082,-63.128,,,,,,,,,,,,,,,,,,,,
Physical Island,KYÜSHÜ,1,false,129.58,31.015,132.009,33.928,35371.9,35371.9,129.58,31.015,132.009,33.928,,,,,,,,,,,,,,,,,,,,
Physical Island,Kadavu,1,false,177.958,-19.152,178.488,-18.934,411.51,411.51,177.958,-19.152,178.488,-18.934,,,,,,,,,,,,,,,,,,,,
Physical Island,Kangaroo I.,1,false,136.54,-36.074,138.124,-35.592,4280.62,4280.62,136.54,-36.074,138.124,-35.592,,,,,,,,,,,,,,,,,,,,
Physical Island,Karaginskiy I.,1,false,163.427,58.509,164.662,59.227,1877.4,1877.4,163.427,58.509,164.662,59.227,,,,,,,,,,,,,,,,,,,,
Physical Island,Karkar,1,false,145.883,-4.756,146.054,-4.539,314.221,314.221,145.883,-4.756,146.054,-4.539,,,,,,,,,,,,,,,,,,,,
Physical Island,King George Island,2,false,-59.198,-62.348,-57.636,-61.911,1293.27,1164.22,-59.004,-62.248,-57.636,-61.911,129.046,-59.198,-62.348,-58.837,-62.239,,,,,,,,,,,,,,,
Physical Island,King I.,1,false,143.838,-40.121,144.141,-39.58,1058.91,1058.91,143.838,-40.121,144.141,-39.58,,,,,,,,,,,,,,,,,,,,
Physical Island,King William I.,1,false,-99.513,68.46,-95.39,69.862,12640.1,12640.1,-99.513,68.46,-95.39,69.862,,,,,,,,,,,,,,,,,,,,
Physical Island,Kodiak Island,3,false,-154.713,56.78,-152.291,57.936,8722.32,8453.77,-154.713,56.78,-152.291,57.936,232.708,-153.375,57.028,-152.954,57.186,35.8408,-153.393,57.822,-153.24,57.896,,,,,,,,,,
Physical Island,Kolguyev I.,1,false,48.278,68.734,50.284,69.512,4701.61,4701.61,48.278,68.734,50.284,69.512,,,,,,,,,,,,,,,,,,,,
Physical Island,Komsomolets I.,3,false,91.523,79.94,97.87,81.281,9582.05,9580.05,91.523,80.009,97.87,81.281,1.20058,94.932,80.083,95.026,80.097,0.79335,93.357,79.94,93.472,79.949,,,,,,,,,,
Physical Island,Kotel’nyy I.,1,false,136.947,74.656,145.36,76.2,22428.8,22428.8,136.947,74.656,145.36,76.2,,,,,,,,,,,,,,,,,,,,
Physical Island,Kunashir,1,false,145.426,43.664,146.568,44.501,1487.52,1487.52,145.426,43.664,146.568,44.501,,,,,,,,,,,,,,,,,,,,
Physical Island,Kvitøya,1,false,31.481,80.081,33.629,80.243,219.837,219.837,31.481,80.081,33.629,80.243,,,,,,,,,,,,,,,,,,,,
Physical Island,LABRADOR,5,false,-66.142,51.446,-55.678,60.398,187415.0,142949.0,-66.142,53.275,-57.467,60.337,44087.4,-60.301,51.446,-55.678,54.229,223.399,-62.012,57.418,-61.686,57.58,140.847,-61.196,56.015,-60.955,56.141,13.6946,-64.784,60.327,-64.573,60.398
Physical Island,LUZON,2,false,119.761,12.567,124.143,18.616,102895.0,102895.0,119.761,12.567,124.143,18.616,0.048456,122.293,18.403,122.3,18.411,,,,,,,,,,,,,,,
Physical Island,La Palma,1,false,-18.001,28.485,-17.726,28.847,645.505,645.505,-18.001,28.485,-17.726,28.847,,,,,,,,,,,,,,,,,,,,
Physical Island,Lanzarote,1,false,-13.86,28.845,-13.423,29.238,774.967,774.967,-13.86,28.845,-13.423,29.238,,,,,,,,,,,,,,,,,,,,
Physical Island,Latady Island,1,false,-76.512,-71.133,-73.55,-70.552,3243.22,3243.22,-76.512,-71.133,-73.55,-70.552,,,,,,,,,,,,,,,,,,,,
Physical Island,Lesbos,1,false,25.847,38.972,26.596,39.384,1540.54,1540.54,25.847,38.972,26.596,39.384,,,,,,,,,,,,,,,,,,,,
Physical Island,Leyte,1,false,124.308,10.033,125.269,11.536,6621.81,6621.81,124.308,10.033,125.269,11.536,,,,,,,,,,,,,,,,,,,,
Physical Island,Lisianski,2,false,-174.022,26.004,-173.904,26.122,75.6461,75.6461,-174.022,26.004,-173.904,26.122,1.00927e-8,-173.963,26.004,-173.962,26.005,,,,,,,,,,,,,,,
Physical Island,Livingston Island,1,false,-61.151,-62.746,-59.849,-62.475,678.449,678.449,-61.151,-62.746,-59.849,-62.475,,,,,,,,,,,,,,,,,,,,
Physical Island,Lofoten,3,false,12.824,67.821,15.205,68.485,1254.99,582.12,14.257,68.178,15.205,68.485,526.271,13.199,67.995,14.119,68.277,146.599,12.824,67.821,13.123,68.072,,,,,,,,,,
Physical Island,Lombok,1,false,115.857,-8.927,116.735,-8.204,4439.61,4439.61,115.857,-8.927,116.735,-8.204,,,,,,,,,,,,,,,,,,,,
Physical Island,Long I.,1,false,-74.003,40.57,-71.906,41.154,3360.11,3360.11,-74.003,40.57,-71.906,41.154,,,,,,,,,,,,,,,,,,,,
Physical Island,Läna‘i,1,false,-157.051,20.744,-156.809,20.931,304.792,304.792,-157.051,20.744,-156.809,20.931,,,,,,,,,,,,,,,,,,,,
Physical Island,MADAGASCAR,2,false,43.257,-25.571,50.477,-12.079,589338.0,589115.0,43.257,-25.571,50.477,-12.079,222.474,48.191,-13.401,48.352,-13.256,,,,,,,,,,,,,,,
Physical Island,MINDANAO,1,false,121.904,5.598,126.594,9.76,91960.5,91960.5,121.904,5.598,126.594,9.76,,,,,,,,,,,,,,,,,,,,
Physical Island,Madeira,1,false,-17.242,32.648,-16.693,32.869,701.622,701.622,-17.242,32.648,-16.693,32.869,,,,,,,,,,,,,,,,,,,,
Physical Island,Madura I.,1,false,112.725,-7.225,114.084,-6.873,4200.31,4200.31,112.725,-7.225,114.084,-6.873,,,,,,,,,,,,,,,,,,,,
Physical Island,Mafia I.,1,false,39.611,-7.991,39.907,-7.651,360.326,360.326,39.611,-7.991,39.907,-7.651,,,,,,,,,,,,,,,,,,,,
Physical Island,Mahé I.,1,false,55.388,-4.786,55.543,-4.558,153.623,153.623,55.388,-4.786,55.543,-4.558,,,,,,,,,,,,,,,,,,,,
Physical Island,Malaita,1,false,160.59,-9.612,161.378,-8.313,3711.27,3711.27,160.59,-9.612,161.378,-8.313,,,,,,,,,,,,,,,,,,,,
Physical Island,Mallorca,1,false,2.37,39.301,3.462,39.971,3577.69,3577.69,2.37,39.301,3.462,39.971,,,,,,,,,,,,,,,,,,,,
Physical Island,Malta,2,false,14.18,35.82,14.567,36.076,273.807,218.507,14.351,35.82,14.567,35.979,55.2999,14.18,36.012,14.321,36.076,,,,,,,,,,,,,,,
Physical Island,Mangaia,2,false,-158.001,-21.968,-157.883,-21.851,78.0299,78.0299,-158.001,-21.968,-157.883,-21.851,1.03961e-8,-157.943,-21.968,-157.942,-21.967,,,,,,,,,,,,,,,
Physical Island,Manihiki,2,false,-161.04,-10.44,-160.922,-10.322,82.5232,82.5232,-161.04,-10.44,-160.922,-10.322,1.10086e-8,-160.982,-10.44,-160.981,-10.439,,,,,,,,,,,,,,,
Physical Island,Mansel I.,1,false,-80.28,61.599,-79.277,62.412,3157.35,3157.35,-80.28,61.599,-79.277,62.412,,,,,,,,,,,,,,,,,,,,
Physical Island,Manus,1,false,146.531,-2.211,147.444,-1.948,1761.85,1761.85,146.531,-2.211,147.444,-1.948,,,,,,,,,,,,,,,,,,,,
Physical Island,Mauritius,1,false,57.317,-20.514,57.792,-19.989,1839.28,1839.28,57.317,-20.514,57.792,-19.989,,,,,,,,,,,,,,,,,,,,
Physical Island,Mayotte,1,false,45.042,-12.985,45.224,-12.653,352.221,352.221,45.042,-12.985,45.224,-12.653,,,,,,,,,,,,,,,,,,,,
Physical Island,Melville I.,1,false,130.368,-11.927,131.539,-11.18,5533.6,5533.6,130.368,-11.927,131.539,-11.18,,,,,,,,,,,,,,,,,,,,
Physical Island,Melville Island,1,false,-117.601,74.413,-105.607,76.822,40438.7,40438.7,-117.601,74.413,-105.607,76.822,,,,,,,,,,,,,,,,,,,,
Physical Island,Menorca,1,false,3.843,39.83,4.322,40.073,614.652,614.652,3.843,39.83,4.322,40.073,,,,,,,,,,,,,,,,,,,,
Physical Island,Middle Andaman,1,false,92.715,12.148,92.991,12.927,1661.26,1661.26,92.715,12.148,92.991,12.927,,,,,,,,,,,,,,,,,,,,
Physical Island,Mill Island,1,false,100.27,-65.702,101.222,-65.385,1107.45,1107.45,100.27,-65.702,101.222,-65.385,,,,,,,,,,,,,,,,,,,,
Physical Island,Mindoro,1,false,120.338,12.218,121.541,13.521,9651.38,9651.38,120.338,12.218,121.541,13.521,,,,,,,,,,,,,,,,,,,,
Physical Island,Mohéli,1,false,43.631,-12.369,43.859,-12.247,162.902,162.902,43.631,-12.369,43.859,-12.247,,,,,,,,,,,,,,,,,,,,
Physical Island,Moloka‘i,1,false,-157.291,21.056,-156.712,21.23,597.989,597.989,-157.291,21.056,-156.712,21.23,,,,,,,,,,,,,,,,,,,,
Physical Island,Moorea,1,false,-149.912,-17.567,-149.788,-17.471,92.2465,92.2465,-149.912,-17.567,-149.788,-17.471,,,,,,,,,,,,,,,,,,,,
Physical Island,Mornington I.,1,false,139.147,-16.742,139.698,-16.395,966.659,966.659,139.147,-16.742,139.698,-16.395,,,,,,,,,,,,,,,,,,,,
Physical Island,Morotai,1,false,128.217,2.034,128.689,2.598,2190.77,2190.77,128.217,2.034,128.689,2.598,,,,,,,,,,,,,,,,,,,,
Physical Island,Mussau,1,false,149.545,-1.589,149.766,-1.353,380.018,380.018,149.545,-1.589,149.766,-1.353,,,,,,,,,,,,,,,,,,,,
Physical Island,N. Andaman,1,false,92.808,12.92,93.077,13.546,1149.49,1149.49,92.808,12.92,93.077,13.546,,,,,,,,,,,,,,,,,,,,
Physical Island,NEW GUINEA,4,false,130.995,-10.655,150.85,-0.349,774894.0,774875.0,130.995,-10.655,150.85,-0.349,16.8574,140.053,-7.996,140.103,-7.931,1.64405,139.131,-7.206,139.168,-7.193,0.483558,147.087,-9.454,147.107,-9.441,,,,,
Physical Island,NORTH ISLAND,3,false,172.705,-41.611,178.537,-34.429,111424.0,111423.0,172.705,-41.611,178.537,-34.429,0.549201,173.9,-35.965,173.911,-35.951,0.227965,175.661,-36.737,175.672,-36.729,,,,,,,,,,
Physical Island,Natuna Basar,1,false,108.002,3.653,108.399,4.218,1566.71,1566.71,108.002,3.653,108.399,4.218,,,,,,,,,,,,,,,,,,,,
Physical Island,Negros,1,false,122.4,9.053,123.568,10.994,12644.6,12644.6,122.4,9.053,123.568,10.994,,,,,,,,,,,,,,,,,,,,
Physical Island,Nendö,1,false,165.79,-10.852,166.163,-10.662,449.209,449.209,165.79,-10.852,166.163,-10.662,,,,,,,,,,,,,,,,,,,,
Physical Island,Nias,1,false,97.079,0.564,97.932,1.54,4011.46,4011.46,97.079,0.564,97.932,1.54,,,,,,,,,,,,,,,,,,,,
Physical Island,Niau,1,false,-146.43,-16.197,-146.313,-16.079,80.724,80.724,-146.43,-16.197,-146.313,-16.079,,,,,,,,,,,,,,,,,,,,
Physical Island,Nihoa,2,false,-162.003,22.986,-161.885,23.104,77.4073,77.4073,-162.003,22.986,-161.885,23.104,1.03324e-8,-161.944,22.986,-161.943,22.987,,,,,,,,,,,,,,,
Physical Island,Niuafo‘ou,2,false,-175.71,-15.646,-175.592,-15.528,80.854,80.854,-175.71,-15.646,-175.592,-15.528,1.07849e-8,-175.651,-15.646,-175.65,-15.645,,,,,,,,,,,,,,,
Physical Island,Niue,1,false,-169.949,-19.137,-169.794,-18.966,193.434,193.434,-169.949,-19.137,-169.794,-18.966,,,,,,,,,,,,,,,,,,,,
Physical Island,Ni‘ihau,1,false,-160.244,21.797,-160.048,22.015,179.657,179.657,-160.244,21.797,-160.048,22.015,,,,,,,,,,,,,,,,,,,,
Physical Island,Nordaustlandet,1,false,17.916,79.194,27.199,80.478,13962.7,13962.7,17.916,79.194,27.199,80.478,,,,,,,,,,,,,,,,,,,,
Physical Island,Nova Scotia,2,false,-66.193,43.518,-61.031,45.989,42211.5,42191.6,-66.193,43.518,-61.031,45.989,19.8246,-61.425,45.584,-61.3,45.696,,,,,,,,,,,,,,,
Physical Island,Novaya Sibir’ I.,1,false,146.148,74.772,150.823,75.582,6078.91,6078.91,146.148,74.772,150.823,75.582,,,,,,,,,,,,,,,,,,,,
Physical Island,Nukufetau,1,false,178.37,-8.069,178.39,-8.031,3.21155,3.21155,178.37,-8.069,178.39,-8.031,,,,,,,,,,,,,,,,,,,,
Physical Island,Nukuroro,1,false,154.883,3.794,155.001,3.911,83.8513,83.8513,154.883,3.794,155.001,3.911,,,,,,,,,,,,,,,,,,,,
Physical Island,Nunivak I.,1,false,-167.406,59.836,-165.604,60.396,3751.45,3751.45,-167.406,59.836,-165.604,60.396,,,,,,,,,,,,,,,,,,,,
Physical Island,October Revolution I.,2,false,93.07,78.787,100.301,80.169,14346.3,14294.5,93.07,78.787,100.062,80.169,51.8342,99.915,79.601,100.301,79.702,,,,,,,,,,,,,,,
Physical Island,Onekotan,1,false,154.61,49.267,154.9,49.647,416.451,416.451,154.61,49.267,154.9,49.647,,,,,,,,,,,,,,,,,,,,
Physical Island,Oroluk,1,false,155.109,7.574,155.227,7.692,83.2676,83.2676,155.109,7.574,155.227,7.692,,,,,,,,,,,,,,,,,,,,
Physical Island,Palawan,3,false,117.218,8.367,119.687,11.347,10645.4,10643.5,117.218,8.367,119.687,11.347,1.88844,119.275,10.886,119.292,10.906,0.000827648,119.287,10.921,119.289,10.924,,,,,,,,,,
Physical Island,Palmerston,2,false,-163.23,-18.13,-163.113,-18.012,79.9098,79.9098,-163.23,-18.13,-163.113,-18.012,1.06473e-8,-163.172,-18.13,-163.171,-18.129,,,,,,,,,,,,,,,
Physical Island,Panay,1,false,121.891,10.444,123.159,11.898,11217.2,11217.2,121.891,10.444,123.159,11.898,,,,,,,,,,,,,,,,,,,,
Physical Island,Pelopónnisos,1,false,21.124,36.446,23.491,38.329,20837.0,20837.0,21.124,36.446,23.491,38.329,,,,,,,,,,,,,,,,,,,,
Physical Island,Pemba I.,1,false,39.647,-5.444,39.869,-4.908,814.429,814.429,39.647,-5.444,39.869,-4.908,,,,,,,,,,,,,,,,,,,,
Physical Island,Penrhyn,2,false,-158.034,-9.025,-157.917,-8.907,82.9923,82.9923,-158.034,-9.025,-157.917,-8.907,1.10715e-8,-157.976,-9.025,-157.975,-9.024,,,,,,,,,,,,,,,
Physical Island,Pentecost,1,false,168.122,-15.972,168.268,-15.461,432.589,432.589,168.122,-15.972,168.268,-15.461,,,,,,,,,,,,,,,,,,,,
Physical Island,Phuket I.,1,false,98.262,7.776,98.435,8.167,498.688,498.688,98.262,7.776,98.435,8.167,,,,,,,,,,,,,,,,,,,,
Physical Island,Pico,1,false,-28.549,38.384,-28.064,38.554,419.569,419.569,-28.549,38.384,-28.064,38.554,,,,,,,,,,,,,,,,,,,,
Physical Island,Pitcairn I.,1,false,-130.164,-25.129,-130.046,-25.011,76.223,76.223,-130.164,-25.129,-130.046,-25.011,,,,,,,,,,,,,,,,,,,,
Physical Island,Pohnpei,1,false,158.127,6.791,158.335,6.978,312.367,312.367,158.127,6.791,158.335,6.978,,,,,,,,,,,,,,,,,,,,
Physical Island,Pribilof Islands,2,false,-170.374,56.555,-169.522,57.24,145.417,79.6261,-170.374,57.136,-170.129,57.24,65.7913,-169.766,56.555,-169.522,56.636,,,,,,,,,,,,,,,
Physical Island,Prince Charles I.,1,false,-77.296,67.245,-75.071,68.323,9060.05,9060.05,-77.296,67.245,-75.071,68.323,,,,,,,,,,,,,,,,,,,,
Physical Island,Prince Edward I.,1,false,-64.402,45.966,-62.032,47.008,5375.89,5375.89,-64.402,45.966,-62.032,47.008,,,,,,,,,,,,,,,,,,,,
Physical Island,Prince Patrick I.,1,false,-122.787,75.824,-115.54,77.519,15020.8,15020.8,-122.787,75.824,-115.54,77.519,,,,,,,,,,,,,,,,,,,,
Physical Island,Prince of Wales I.,1,false,-102.714,71.305,-96.44,73.865,31161.3,31161.3,-102.714,71.305,-96.44,73.865,,,,,,,,,,,,,,,,,,,,
Physical Island,Príncipe,1,false,7.33,1.542,7.453,1.699,133.868,133.868,7.33,1.542,7.453,1.699,,,,,,,,,,,,,,,,,,,,
Physical Island,Puerto Rico,1,false,-67.236,17.947,-65.652,18.512,8545.54,8545.54,-67.236,17.947,-65.652,18.512,,,,,,,,,,,,,,,,,,,,
Physical Island,Pukapuka,2,false,-165.875,-10.941,-165.757,-10.823,82.4774,82.4774,-165.875,-10.941,-165.757,-10.823,1.09909e-8,-165.816,-10.941,-165.815,-10.94,,,,,,,,,,,,,,,
Physical Island,Qeqertarsuaq,1,false,-54.92,69.315,-51.909,70.315,8140.13,8140.13,-54.92,69.315,-51.909,70.315,,,,,,,,,,,,,,,,,,,,
Physical Island,Rennell,1,false,159.979,-11.833,160.577,-11.471,595.268,595.268,159.979,-11.833,160.577,-11.471,,,,,,,,,,,,,,,,,,,,
Physical Island,Reunion,1,false,55.232,-21.369,55.84,-20.865,2502.3,2502.3,55.232,-21.369,55.84,-20.865,,,,,,,,,,,,,,,,,,,,
Physical Island,Rhodes,1,false,27.715,35.908,28.232,36.434,1363.83,1363.83,27.715,35.908,28.232,36.434,,,,,,,,,,,,,,,,,,,,
Physical Island,Roosevelt Island,1,false,-164.245,-79.845,-159.041,-78.719,7491.95,7491.95,-164.245,-79.845,-159.041,-78.719,,,,,,,,,,,,,,,,,,,,
Physical Island,Ross Island,1,false,166.259,-77.851,169.353,-77.161,2497.55,2497.55,166.259,-77.851,169.353,-77.161,,,,,,,,,,,,,,,,,,,,
Physical Island,Rota,1,false,145.152,14.112,145.266,14.19,65.5777,65.5777,145.152,14.112,145.266,14.19,,,,,,,,,,,,,,,,,,,,
Physical Island,Rowley Shoals,1,false,118.756,-17.758,119.687,-16.985,3004.47,3004.47,118.756,-17.758,119.687,-16.985,,,,,,,,,,,,,,,,,,,,
Physical Island,S. Andaman,1,false,92.533,11.512,92.835,12.204,1321.31,1321.31,92.533,11.512,92.835,12.204,,,,,,,,,,,,,,,,,,,,
Physical Island,SAKHALIN,2,false,141.661,45.917,144.714,54.417,74482.7,74482.7,141.661,45.917,144.714,54.417,0.0181014,143.305,46.526,143.311,46.532,,,,,,,,,,,,,,,
Physical Island,SHIKOKU,1,false,132.032,32.752,134.739,34.357,18116.1,18116.1,132.032,32.752,134.739,34.357,,,,,,,,,,,,,,,,,,,,
Physical Island,SOUTH ISLAND,3,false,166.477,-46.631,174.326,-40.5,147200.0,147196.0,166.477,-46.631,174.326,-40.5,3.35198,170.996,-42.868,171.017,-42.832,9.39911e-6,174.045,-41.243,174.046,-41.242,,,,,,,,,,
Physical Island,SRI LANKA,3,false,79.707,5.949,81.877,9.813,65736.6,65583.4,79.707,5.949,81.877,9.813,78.1999,79.747,8.975,79.904,9.105,75.0801,79.845,9.619,79.97,9.745,,,,,,,,,,
Physical Island,SULAWESI,2,false,118.783,-5.694,125.234,1.702,166332.0,166332.0,118.783,-5.694,125.234,1.702,0.0776856,121.555,-4.248,121.561,-4.239,,,,,,,,,,,,,,,
Physical Island,SUMATRA,1,false,95.208,-5.908,106.059,5.629,423841.0,423841.0,95.208,-5.908,106.059,5.629,,,,,,,,,,,,,,,,,,,,
Physical Island,Saaremaa,1,false,21.854,57.931,23.324,58.628,2671.58,2671.58,21.854,57.931,23.324,58.628,,,,,,,,,,,,,,,,,,,,
Physical Island,Saipan,1,false,145.684,15.107,145.822,15.266,104.57,104.57,145.684,15.107,145.822,15.266,,,,,,,,,,,,,,,,,,,,
Physical Island,Sal,1,false,-22.991,16.607,-22.888,16.844,168.132,168.132,-22.991,16.607,-22.888,16.844,,,,,,,,,,,,,,,,,,,,
Physical Island,Samar,1,false,124.294,11.049,125.75,12.573,12136.2,12136.2,124.294,11.049,125.75,12.573,,,,,,,,,,,,,,,,,,,,
Physical Island,Santa Maria,1,false,-25.198,36.941,-25.027,37.025,100.325,100.325,-25.198,36.941,-25.027,37.025,,,,,,,,,,,,,,,,,,,,
Physical Island,Santiago,1,false,-23.786,14.916,-23.444,15.329,914.557,914.557,-23.786,14.916,-23.444,15.329,,,,,,,,,,,,,,,,,,,,
Physical Island,Santo Antão,1,false,-25.342,16.925,-24.979,17.194,692.299,692.299,-25.342,16.925,-24.979,17.194,,,,,,,,,,,,,,,,,,,,
Physical Island,Sardegna,3,false,8.18,38.909,9.806,41.258,23799.4,23632.6,8.18,38.909,9.806,41.258,97.1717,8.358,38.968,8.479,39.116,69.6825,8.205,40.994,8.344,41.122,,,,,,,,,,
Physical Island,Shmidta I.,1,false,89.901,81.063,91.568,81.214,338.259,338.259,89.901,81.063,91.568,81.214,,,,,,,,,,,,,,,,,,,,
Physical Island,Siberut,1,false,98.601,-1.784,99.271,-0.915,3695.44,3695.44,98.601,-1.784,99.271,-0.915,,,,,,,,,,,,,,,,,,,,
Physical Island,Sicilia,1,false,12.437,36.687,15.635,38.296,25322.9,25322.9,12.437,36.687,15.635,38.296,,,,,,,,,,,,,,,,,,,,
Physical Island,Simeulue,1,false,95.717,2.35,96.464,2.917,1552.31,1552.31,95.717,2.35,96.464,2.917,,,,,,,,,,,,,,,,,,,,
Physical Island,Simushir,1,false,151.715,46.787,152.289,47.144,295.285,295.285,151.715,46.787,152.289,47.144,,,,,,,,,,,,,,,,,,,,
Physical Island,Siple Island,1,false,-127.43,-74.257,-123.813,-73.278,5181.01,5181.01,-127.43,-74.257,-123.813,-73.278,,,,,,,,,,,,,,,,,,,,
Physical Island,Socotra,1,false,53.315,12.318,54.512,12.716,3445.01,3445.01,53.315,12.318,54.512,12.716,,,,,,,,,,,,,,,,,,,,
Physical Island,Somerset I.,1,false,-95.648,72.012,-90.354,74.173,23926.3,23926.3,-95.648,72.012,-90.354,74.173,,,,,,,,,,,,,,,,,,,,
Physical Island,South Georgia,1,false,-38.018,-54.867,-35.87,-53.984,3521.24,3521.24,-38.018,-54.867,-35.87,-53.984,,,,,,,,,,,,,,,,,,,,
Physical Island,South Pagai,1,false,100.179,-3.329,100.469,-2.783,824.454,824.454,100.179,-3.329,100.469,-2.783,,,,,,,,,,,,,,,,,,,,
Physical Island,Southampton I.,1,false,-87.194,63.125,-80.261,65.908,42265.1,42265.1,-87.194,63.125,-80.261,65.908,,,,,,,,,,,,,,,,,,,,
Physical Island,Spaatz Island,1,false,-76.084,-73.602,-74.25,-72.82,3016.94,3016.94,-76.084,-73.602,-74.25,-72.82,,,,,,,,,,,,,,,,,,,,
Physical Island,Spitsbergen,1,false,10.724,76.579,21.389,80.053,36996.3,36996.3,10.724,76.579,21.389,80.053,,,,,,,,,,,,,,,,,,,,
Physical Island,St. Lawrence I.,1,false,-171.819,62.957,-168.725,63.728,4221.09,4221.09,-171.819,62.957,-168.725,63.728,,,,,,,,,,,,,,,,,,,,
Physical Island,St. Matthew I.,1,false,-173.058,60.316,-172.249,60.6,351.799,351.799,-173.058,60.316,-172.249,60.6,,,,,,,,,,,,,,,,,,,,
Physical Island,Starbuck,1,false,-155.929,-5.632,-155.862,-5.607,15.1256,15.1256,-155.929,-5.632,-155.862,-5.607,,,,,,,,,,,,,,,,,,,,
Physical Island,Stewart I.,1,false,167.521,-47.264,168.255,-46.694,1517.57,1517.57,167.521,-47.264,168.255,-46.694,,,,,,,,,,,,,,,,,,,,
Physical Island,Sumba,1,false,118.958,-10.295,120.833,-9.301,10575.6,10575.6,118.958,-10.295,120.833,-9.301,,,,,,,,,,,,,,,,,,,,
Physical Island,Sumbawa,1,false,116.767,-9.1,119.13,-8.089,13687.3,13687.3,116.767,-9.1,119.13,-8.089,,,,,,,,,,,,,,,,,,,,
Physical Island,Suwarrow,2,false,-163.185,-13.475,-163.067,-13.357,81.7583,81.7583,-163.185,-13.475,-163.067,-13.357,1.08832e-8,-163.126,-13.475,-163.125,-13.474,,,,,,,,,,,,,,,
Physical Island,São Miguel,1,false,-25.848,37.715,-25.181,37.912,685.377,685.377,-25.848,37.715,-25.181,37.912,,,,,,,,,,,,,,,,,,,,
Physical Island,São Nicolau,1,false,-24.399,16.493,-24.032,16.678,284.907,284.907,-24.399,16.493,-24.032,16.678,,,,,,,,,,,,,,,,,,,,
Physical Island,São Tomé,1,false,6.468,0.047,6.75,0.405,827.243,827.243,6.468,0.047,6.75,0.405,,,,,,,,,,,,,,,,,,,,
Physical Island,TAIWAN,1,false,120.072,21.925,121.93,25.277,35498.0,35498.0,120.072,21.925,121.93,25.277,,,,,,,,,,,,,,,,,,,,
Physical Island,TASMANIA,1,false,144.646,-43.62,148.343,-40.672,63219.5,63219.5,144.646,-43.62,148.343,-40.672,,,,,,,,,,,,,,,,,,,,
Physical Island,TIERRA DEL FUEGO,7,false,-72.211,-55.879,-65.203,-52.486,58022.2,47960.6,-71.928,-55.033,-65.203,-52.486,4442.71,-69.988,-55.651,-68.045,-54.882,2205.2,-72.211,-54.375,-71.004,-53.889,2143.38,-68.302,-55.293,-67.079,-54.929,946.911,-71.423,-55.178,-70.283,-54.834
Physical Island,TIMOR,1,false,123.589,-10.348,127.297,-8.315,27904.5,27904.5,123.589,-10.348,127.297,-8.315,,,,,,,,,,,,,,,,,,,,
Physical Island,Taliabu,1,false,124.329,-2.007,125.321,-1.635,2822.81,2822.81,124.329,-2.007,125.321,-1.635,,,,,,,,,,,,,,,,,,,,
Physical Island,Tanna,1,false,169.217,-19.649,169.492,-19.321,520.231,520.231,169.217,-19.649,169.492,-19.321,,,,,,,,,,,,,,,,,,,,
Physical Island,Tarawa,1,false,173.057,1.348,173.163,1.387,22.4472,22.4472,173.057,1.348,173.163,1.387,,,,,,,,,,,,,,,,,,,,
Physical Island,Tatakoto,1,false,-138.504,-17.394,-138.386,-17.277,80.2304,80.2304,-138.504,-17.394,-138.386,-17.277,,,,,,,,,,,,,,,,,,,,
Physical Island,Taveuni,1,false,-180.0,-16.963,-179.822,-16.688,293.284,293.284,-180.0,-16.963,-179.822,-16.688,,,,,,,,,,,,,,,,,,,,
Physical Island,Tematagi,1,false,-140.71,-21.743,-140.592,-21.625,78.1504,78.1504,-140.71,-21.743,-140.592,-21.625,,,,,,,,,,,,,,,,,,,,
Physical Island,Tenerife,1,false,-16.906,28.007,-16.119,28.576,1983.46,1983.46,-16.906,28.007,-16.119,28.576,,,,,,,,,,,,,,,,,,,,
Physical Island,Terceira,1,false,-27.386,38.634,-27.041,38.803,418.538,418.538,-27.386,38.634,-27.041,38.803,,,,,,,,,,,,,,,,,,,,
Physical Island,Thurston Island,1,false,-102.288,-72.579,-95.531,-71.805,11375.5,11375.5,-102.288,-72.579,-95.531,-71.805,,,,,,,,,,,,,,,,,,,,
Physical Island,Tongatapu,1,false,-175.363,-21.264,-175.078,-21.068,204.442,204.442,-175.363,-21.264,-175.078,-21.068,,,,,,,,,,,,,,,,,,,,
Physical Island,Trinidad,1,false,-61.786,10.075,-60.927,10.826,4213.38,4213.38,-61.786,10.075,-60.927,10.826,,,,,,,,,,,,,,,,,,,,
Physical Island,Tubuaï,2,false,-149.551,-23.435,-149.433,-23.317,77.2605,77.2605,-149.551,-23.435,-149.433,-23.317,1.0304e-8,-149.492,-23.435,-149.491,-23.434,,,,,,,,,,,,,,,
Physical Island,Tutuila,1,false,-170.821,-14.36,-170.568,-14.257,106.278,106.278,-170.821,-14.36,-170.568,-14.257,,,,,,,,,,,,,,,,,,,,
Physical Island,Ua Pou,1,false,-140.145,-9.445,-140.031,-9.328,84.0669,84.0669,-140.145,-9.445,-140.031,-9.328,,,,,,,,,,,,,,,,,,,,
Physical Island,Unimak I.,1,false,-164.904,54.407,-163.083,55.051,3984.65,3984.65,-164.904,54.407,-163.083,55.051,,,,,,,,,,,,,,,,,,,,
Physical Island,Upolu,1,false,-172.046,-14.047,-171.449,-13.807,1057.32,1057.32,-172.046,-14.047,-171.449,-13.807,,,,,,,,,,,,,,,,,,,,
Physical Island,Ushakova I.,1,false,78.977,80.812,80.428,80.976,326.274,326.274,78.977,80.812,80.428,80.976,,,,,,,,,,,,,,,,,,,,
Physical Island,Utirik,1,false,169.792,11.183,169.91,11.301,82.5517,82.5517,169.792,11.183,169.91,11.301,,,,,,,,,,,,,,,,,,,,
Physical Island,Utupua,1,false,166.485,-11.358,166.582,-11.269,59.4215,59.4215,166.485,-11.358,166.582,-11.269,,,,,,,,,,,,,,,,,,,,
Physical Island,VICTORIA ISLAND,1,false,-118.994,68.477,-100.905,73.373,219738.0,219738.0,-118.994,68.477,-100.905,73.373,,,,,,,,,,,,,,,,,,,,
Physical Island,Vancouver Island,1,false,-128.35,48.342,-123.302,50.86,30524.0,30524.0,-128.35,48.342,-123.302,50.86,,,,,,,,,,,,,,,,,,,,
Physical Island,Vanikolo,1,false,166.747,-11.682,166.93,-11.571,129.349,129.349,166.747,-11.682,166.93,-11.571,,,,,,,,,,,,,,,,,,,,
Physical Island,Vanua Lava,1,false,167.391,-13.918,167.554,-13.709,254.013,254.013,167.391,-13.918,167.554,-13.709,,,,,,,,,,,,,,,,,,,,
Physical Island,Vaygach I.,1,false,58.473,69.687,60.48,70.466,3202.37,3202.37,58.473,69.687,60.48,70.466,,,,,,,,,,,,,,,,,,,,
Physical Island,Vesterålen,2,false,14.373,68.282,16.548,69.303,3762.95,2747.05,14.965,68.282,16.548,69.303,1015.9,14.373,68.606,15.397,69.009,,,,,,,,,,,,,,,
Physical Island,Vize I.,1,false,76.051,79.489,77.589,79.665,278.809,278.809,76.051,79.489,77.589,79.665,,,,,,,,,,,,,,,,,,,,
Physical Island,Vostok,2,false,-152.437,-10.155,-152.319,-10.037,82.725,82.725,-152.437,-10.155,-152.319,-10.037,1.10126e-8,-152.379,-10.155,-152.378,-10.154,,,,,,,,,,,,,,,
Physical Island,West Falkland,2,false,-60.962,-52.195,-59.268,-51.356,4481.88,4481.81,-60.962,-52.195,-59.268,-51.356,0.0719729,-60.119,-51.396,-60.109,-51.393,,,,,,,,,,,,,,,
Physical Island,Wetar,1,false,125.798,-7.985,126.815,-7.571,2455.25,2455.25,125.798,-7.985,126.815,-7.571,,,,,,,,,,,,,,,,,,,,
Physical Island,Wrangel I.,2,true,178.628,70.822,-177.506,71.595,7093.73,4645.78,-179.989,70.931,-177.506,71.595,2447.95,178.628,70.822,180.0,71.538,,,,,,,,,,,,,,,
Physical Island,Yos Sudarso I.,2,false,137.65,-8.412,138.99,-7.379,10854.1,10853.0,137.65,-8.412,138.99,-7.379,1.07822,138.892,-8.075,138.905,-8.058,,,,,,,,,,,,,,,
Physical Island,Zanzibar I.,1,false,39.183,-6.454,39.574,-5.727,1446.15,1446.15,39.183,-6.454,39.574,-5.727,,,,,,,,,,,,,,,,,,,,
Physical Island,Zealand,2,false,10.978,54.969,12.609,56.123,6684.45,6684.42,10.978,54.969,12.609,56.123,0.0321267,12.08,55.147,12.084,55.156,,,,,,,,,,,,,,,
Physical Island,Zemlya Georga I.,1,false,46.644,80.081,51.704,80.928,2627.18,2627.18,46.644,80.081,51.704,80.928,,,,,,,,,,,,,,,,,,,,
Physical Island,Åland,1,false,19.672,60.083,20.259,60.406,534.816,534.816,19.672,60.083,20.259,60.406,,,,,,,,,,,,,,,,,,,,
Physical Island,Éfaté,1,false,168.158,-17.808,168.585,-17.542,820.596,820.596,168.158,-17.808,168.585,-17.542,,,,,,,,,,,,,,,,,,,,
Physical Island,Île Futuna,1,false,-178.19,-14.319,-178.097,-14.236,50.6265,50.6265,-178.19,-14.319,-178.097,-14.236,,,,,,,,,,,,,,,,,,,,
Physical Island,Île de Pins,1,false,167.423,-22.662,167.545,-22.541,98.3686,98.3686,167.423,-22.662,167.545,-22.541,,,,,,,,,,,,,,,,,,,,
Physical Island,î. d’Anticosti,1,false,-64.484,49.08,-61.703,49.945,7703.99,7703.99,-64.484,49.08,-61.703,49.945,,,,,,,,,,,,,,,,,,,,
Physical Island group,ALEUTIAN ISLANDS,2,true,172.411,50.897,-158.891,55.727,214918.0,174161.0,-179.988,50.897,-158.891,55.727,40756.9,172.411,51.259,179.993,53.095,,,,,,,,,,,,,,,
Physical Island group,ANDAMAN ISLANDS,1,false,91.696,9.998,93.465,14.289,68793.4,68793.4,91.696,9.998,93.465,14.289,,,,,,,,,,,,,,,,,,,,
Physical Island group,ARCHIPEL DES COMORES,1,false,42.747,-13.661,45.985,-11.234,46438.0,46438.0,42.747,-13.661,45.985,-11.234,,,,,,,,,,,,,,,,,,,,
Physical Island group,ARCHIPEL DES TUAMOTU,1,false,-149.073,-22.462,-136.021,-13.856,707799.0,707799.0,-149.073,-22.462,-136.021,-13.856,,,,,,,,,,,,,,,,,,,,
Physical Island group,ARCHIPIÉLAGO DE COLÓN,1,false,-92.043,-1.771,-89.09,1.003,68049.7,68049.7,-92.043,-1.771,-89.09,1.003,,,,,,,,,,,,,,,,,,,,
Physical Island group,ARCTIC ARCHIPELAGO,1,false,-126.557,60.019,-60.069,83.98,3.09031e6,3.09031e6,-126.557,60.019,-60.069,83.98,,,,,,,,,,,,,,,,,,,,
Physical Island group,Alexander Archipelago,1,false,-136.562,54.678,-130.728,58.375,59912.5,59912.5,-136.562,54.678,-130.728,58.375,,,,,,,,,,,,,,,,,,,,
Physical Island group,Amami,1,false,129.145,28.12,129.722,28.512,680.09,680.09,129.145,28.12,129.722,28.512,,,,,,,,,,,,,,,,,,,,
Physical Island group,Arquipélago dos Bijagós,1,false,-16.493,11.034,-15.447,11.908,7515.02,7515.02,-16.493,11.034,-15.447,11.908,,,,,,,,,,,,,,,,,,,,
Physical Island group,Aru Islands,1,false,133.975,-7.001,134.946,-5.323,15528.7,15528.7,133.975,-7.001,134.946,-5.323,,,,,,,,,,,,,,,,,,,,
Physical Island group,Auckland Islands,2,false,165.886,-50.911,166.302,-50.521,517.108,438.957,165.886,-50.86,166.302,-50.521,78.1514,165.923,-50.911,166.227,-50.85,,,,,,,,,,,,,,,
Physical Island group,AÇORES,1,false,-32.077,36.46,-23.662,40.589,200768.0,200768.0,-32.077,36.46,-23.662,40.589,,,,,,,,,,,,,,,,,,,,
Physical Island group,BAHAMA ISLANDS,1,false,-80.751,20.434,-70.692,27.264,362927.0,362927.0,-80.751,20.434,-70.692,27.264,,,,,,,,,,,,,,,,,,,,
Physical Island group,BRITISH ISLES,1,false,-10.84,49.571,2.197,59.797,545661.0,545661.0,-10.84,49.571,2.197,59.797,,,,,,,,,,,,,,,,,,,,
Physical Island group,Babuyan Is.,1,false,121.134,18.706,122.246,20.963,22351.6,22351.6,121.134,18.706,122.246,20.963,,,,,,,,,,,,,,,,,,,,
Physical Island group,Balearic Islands,1,false,1.01,38.417,4.6,40.288,34436.7,34436.7,1.01,38.417,4.6,40.288,,,,,,,,,,,,,,,,,,,,
Physical Island group,Balleny Islands,1,false,162.208,-67.646,164.98,-66.229,3134.58,3134.58,162.208,-67.646,164.98,-66.229,,,,,,,,,,,,,,,,,,,,
Physical Island group,Batu Is.,2,false,98.275,-0.586,98.56,0.012,821.808,478.004,98.275,-0.586,98.513,-0.242,343.804,98.295,-0.38,98.56,0.012,,,,,,,,,,,,,,,
Physical Island group,Bear Is.,1,false,160.31,70.55,162.591,70.998,2468.38,2468.38,160.31,70.55,162.591,70.998,,,,,,,,,,,,,,,,,,,,
Physical Island group,Belcher Islands,1,false,-80.061,55.791,-78.655,56.898,6914.58,6914.58,-80.061,55.791,-78.655,56.898,,,,,,,,,,,,,,,,,,,,
Physical Island group,Biscoe Islands,1,false,-67.396,-66.646,-65.27,-65.27,7192.88,7192.88,-67.396,-66.646,-65.27,-65.27,,,,,,,,,,,,,,,,,,,,
Physical Island group,Bismarck Archipelago,1,false,142.479,-6.649,155.103,-0.887,532547.0,532547.0,142.479,-6.649,155.103,-0.887,,,,,,,,,,,,,,,,,,,,
Physical Island group,Bonaparte,1,false,123.836,-15.779,125.783,-13.977,14578.1,14578.1,123.836,-15.779,125.783,-13.977,,,,,,,,,,,,,,,,,,,,
Physical Island group,Bougainville,1,false,154.698,-6.876,155.968,-5.425,8712.91,8712.91,154.698,-6.876,155.968,-5.425,,,,,,,,,,,,,,,,,,,,
Physical Island group,CAROLINE ISLANDS,1,false,130.674,-0.021,164.878,10.365,1.74259e6,1.74259e6,130.674,-0.021,164.878,10.365,,,,,,,,,,,,,,,,,,,,
Physical Island group,Calamian Group,1,false,119.735,11.617,120.427,12.422,5265.54,5265.54,119.735,11.617,120.427,12.422,,,,,,,,,,,,,,,,,,,,
Physical Island group,Chagos Archipelago,1,false,71.023,-7.602,72.805,-4.929,34963.3,34963.3,71.023,-7.602,72.805,-4.929,,,,,,,,,,,,,,,,,,,,
Physical Island group,Channel Islands,1,false,-120.554,32.703,-118.251,34.199,18064.2,18064.2,-120.554,32.703,-118.251,34.199,,,,,,,,,,,,,,,,,,,,
Physical Island group,Chatham Islands,1,false,-177.09,-44.487,-176.022,-43.519,6994.81,6994.81,-177.09,-44.487,-176.022,-43.519,,,,,,,,,,,,,,,,,,,,
Physical Island group,Commander Islands,1,false,165.708,54.311,168.214,55.476,9336.99,9336.99,165.708,54.311,168.214,55.476,,,,,,,,,,,,,,,,,,,,
Physical Island group,Cyclades,1,false,23.97,36.229,26.094,37.977,26045.4,26045.4,23.97,36.229,26.094,37.977,,,,,,,,,,,,,,,,,,,,
Physical Island group,Dahlak Arch.,1,false,39.528,15.205,41.064,16.529,13145.3,13145.3,39.528,15.205,41.064,16.529,,,,,,,,,,,,,,,,,,,,
Physical Island group,Daitö Islands,1,false,130.957,24.233,131.664,26.434,12034.8,12034.8,130.957,24.233,131.664,26.434,,,,,,,,,,,,,,,,,,,,
Physical Island group,D’Entrecasteaux Islands,1,false,149.96,-10.466,151.387,-9.042,11967.6,11967.6,149.96,-10.466,151.387,-9.042,,,,,,,,,,,,,,,,,,,,
Physical Island group,Espiritu Santo,1,false,166.522,-15.658,167.248,-14.624,4078.05,4078.05,166.522,-15.658,167.248,-14.624,,,,,,,,,,,,,,,,,,,,
Physical Island group,FALKLAND IS.,1,false,-61.482,-52.435,-57.623,-51.122,28467.4,28467.4,-61.482,-52.435,-57.623,-51.122,,,,,,,,,,,,,,,,,,,,
Physical Island group,FIJI,2,true,176.641,-21.215,-177.013,-11.805,332702.0,185094.0,176.641,-19.52,180.0,-11.805,147608.0,-180.0,-21.215,-177.013,-15.505,,,,,,,,,,,,,,,
Physical Island group,FRANZ JOSEF LAND,1,false,44.602,79.452,65.767,82.164,86859.7,86859.7,44.602,79.452,65.767,82.164,,,,,,,,,,,,,,,,,,,,
Physical Island group,Frisian Is.,1,false,4.603,52.978,8.03,53.939,5703.88,5703.88,4.603,52.978,8.03,53.939,,,,,,,,,,,,,,,,,,,,
Physical Island group,Føroyar,1,false,-7.645,61.256,-6.262,62.493,6294.72,6294.72,-7.645,61.256,-6.262,62.493,,,,,,,,,,,,,,,,,,,,
Physical Island group,GREATER ANTILLES,1,false,-85.196,17.303,-65.147,23.487,692174.0,692174.0,-85.196,17.303,-65.147,23.487,,,,,,,,,,,,,,,,,,,,
Physical Island group,GREATER SUNDA ISLANDS,1,false,94.729,-9.26,125.401,7.498,3.37388e6,3.37388e6,94.729,-9.26,125.401,7.498,,,,,,,,,,,,,,,,,,,,
Physical Island group,Guadalcanal,1,false,159.592,-9.936,160.827,-9.246,5347.18,5347.18,159.592,-9.936,160.827,-9.246,,,,,,,,,,,,,,,,,,,,
Physical Island group,Guam,1,false,144.624,13.242,144.953,13.656,564.261,564.261,144.624,13.242,144.953,13.656,,,,,,,,,,,,,,,,,,,,
Physical Island group,HAWAIIAN ISLANDS,1,false,-179.187,18.151,-154.27,29.587,810455.0,810455.0,-179.187,18.151,-154.27,29.587,,,,,,,,,,,,,,,,,,,,
Physical Island group,Haida Gwaii,1,false,-133.137,51.97,-130.996,54.168,11468.0,11468.0,-133.137,51.97,-130.996,54.168,,,,,,,,,,,,,,,,,,,,
Physical Island group,Hawai‘i,1,false,-156.051,18.931,-154.795,20.28,10440.4,10440.4,-156.051,18.931,-154.795,20.28,,,,,,,,,,,,,,,,,,,,
Physical Island group,Hiva Oa,1,false,-139.174,-9.854,-138.814,-9.693,340.789,340.789,-139.174,-9.854,-138.814,-9.693,,,,,,,,,,,,,,,,,,,,
Physical Island group,ILHAS DE CABO VERDE,1,false,-26.216,14.249,-21.651,17.517,122556.0,122556.0,-26.216,14.249,-21.651,17.517,,,,,,,,,,,,,,,,,,,,
Physical Island group,ISLAS CANARIAS,1,false,-18.504,27.209,-13.105,29.723,110052.0,110052.0,-18.504,27.209,-13.105,29.723,,,,,,,,,,,,,,,,,,,,
Physical Island group,IZU-SHOTÖ,1,false,139.193,30.335,141.025,35.042,24986.0,24986.0,139.193,30.335,141.025,35.042,,,,,,,,,,,,,,,,,,,,
Physical Island group,Ionian Is.,1,false,19.544,37.542,21.035,39.888,10596.3,10596.3,19.544,37.542,21.035,39.888,,,,,,,,,,,,,,,,,,,,
Physical Island group,Is. Revillagigedo,1,false,-115.911,17.757,-110.156,19.581,84552.4,84552.4,-115.911,17.757,-110.156,19.581,,,,,,,,,,,,,,,,,,,,
Physical Island group,Isabela,1,false,-91.607,-1.029,-90.791,0.156,4625.33,4625.33,-91.607,-1.029,-90.791,0.156,,,,,,,,,,,,,,,,,,,,
Physical Island group,Islas Desventuradas,1,false,-80.234,-26.411,-79.803,-26.143,873.526,873.526,-80.234,-26.411,-79.803,-26.143,,,,,,,,,,,,,,,,,,,,
Physical Island group,Islas Juan Fernandez,1,false,-81.077,-33.975,-78.377,-33.367,13226.0,13226.0,-81.077,-33.975,-78.377,-33.367,,,,,,,,,,,,,,,,,,,,
Physical Island group,Iturup,1,false,146.836,44.402,148.857,45.53,3066.83,3066.83,146.836,44.402,148.857,45.53,,,,,,,,,,,,,,,,,,,,
Physical Island group,JAPAN,1,false,128.353,29.798,145.965,45.593,1.19053e6,1.19053e6,128.353,29.798,145.965,45.593,,,,,,,,,,,,,,,,,,,,
Physical Island group,KIRIBATI,2,true,169.01,-12.786,-150.089,7.062,2.8406e6,2.43199e6,-180.0,-12.786,-150.089,7.062,408608.0,169.01,-4.213,180.0,3.786,,,,,,,,,,,,,,,
Physical Island group,KURIL ISLANDS,1,false,145.234,43.425,156.706,51.159,142788.0,142788.0,145.234,43.425,156.706,51.159,,,,,,,,,,,,,,,,,,,,
Physical Island group,Kaua‘i,1,false,-159.796,21.871,-159.292,22.243,1435.84,1435.84,-159.796,21.871,-159.292,22.243,,,,,,,,,,,,,,,,,,,,
Physical Island group,Kermadec Islands,1,false,-178.226,-29.568,-177.683,-29.055,2176.03,2176.03,-178.226,-29.568,-177.683,-29.055,,,,,,,,,,,,,,,,,,,,
Physical Island group,Kiritimati,1,false,-157.582,1.71,-157.174,2.036,436.439,436.439,-157.582,1.71,-157.174,2.036,,,,,,,,,,,,,,,,,,,,
Physical Island group,LESSER ANTILLES,1,false,-70.406,9.896,-59.198,19.162,393226.0,393226.0,-70.406,9.896,-59.198,19.162,,,,,,,,,,,,,,,,,,,,
Physical Island group,LESSER SUNDA ISLANDS,1,false,114.422,-11.201,127.485,-6.783,473306.0,473306.0,114.422,-11.201,127.485,-6.783,,,,,,,,,,,,,,,,,,,,
Physical Island group,LINE ISLANDS,1,false,-162.82,-13.322,-149.708,6.737,949986.0,949986.0,-162.82,-13.322,-149.708,6.737,,,,,,,,,,,,,,,,,,,,
Physical Island group,Laccadive Islands,1,false,71.87,8.083,73.917,11.882,58138.4,58138.4,71.87,8.083,73.917,11.882,,,,,,,,,,,,,,,,,,,,
Physical Island group,Lau Group,2,true,179.636,-21.035,-177.714,-16.924,68874.8,65615.2,-180.0,-21.035,-177.714,-16.924,3259.63,179.636,-19.441,180.0,-18.421,,,,,,,,,,,,,,,
Physical Island group,Louisiade Archipelago,1,false,152.373,-11.862,154.528,-10.286,17114.0,17114.0,152.373,-11.862,154.528,-10.286,,,,,,,,,,,,,,,,,,,,
Physical Island group,Lyakhov Islands,2,false,139.651,73.217,143.539,74.278,6193.95,5188.34,139.651,73.217,143.539,73.918,1005.61,140.083,73.909,141.113,74.278,,,,,,,,,,,,,,,
Physical Island group,MALAY ARCHIPELAGO,9,false,94.756,-11.36,128.569,21.291,3.88474e6,1.78227e6,108.354,-4.62,127.043,19.85,1.48817e6,94.756,-11.36,128.569,6.357,504837.0,118.333,-7.574,126.782,2.151,27801.7,107.552,2.403,109.338,4.667,21267.6,124.91,2.179,126.108,4.183
Physical Island group,MARIANA ISANDS,1,false,144.428,12.707,146.435,21.0,76442.0,76442.0,144.428,12.707,146.435,21.0,,,,,,,,,,,,,,,,,,,,
Physical Island group,MARSHALL ISLANDS,1,false,161.446,3.947,172.943,14.395,974211.0,974211.0,161.446,3.947,172.943,14.395,,,,,,,,,,,,,,,,,,,,
Physical Island group,MASCARENE ISLANDS,1,false,54.512,-21.854,67.813,-18.713,358666.0,358666.0,54.512,-21.854,67.813,-18.713,,,,,,,,,,,,,,,,,,,,
Physical Island group,MELANESIA,2,true,125.182,-29.918,-176.766,3.21,9.28585e6,9.10424e6,125.182,-29.918,180.0,3.21,181612.0,-179.976,-21.801,-176.766,-15.13,,,,,,,,,,,,,,,
Physical Island group,MICRONESIA,1,false,130.157,-4.444,179.735,21.327,8.77109e6,8.77109e6,130.157,-4.444,179.735,21.327,,,,,,,,,,,,,,,,,,,,
Physical Island group,MOLUCCAS,1,false,124.235,-8.428,135.68,2.749,852123.0,852123.0,124.235,-8.428,135.68,2.749,,,,,,,,,,,,,,,,,,,,
Physical Island group,Malakula,1,false,167.144,-16.587,167.844,-15.866,2104.43,2104.43,167.144,-16.587,167.844,-15.866,,,,,,,,,,,,,,,,,,,,
Physical Island group,Maldive Islands,1,false,72.437,-0.959,74.001,7.321,126178.0,126178.0,72.437,-0.959,74.001,7.321,,,,,,,,,,,,,,,,,,,,
Physical Island group,Marshall Archipelago,2,false,-151.591,-77.462,-146.162,-76.534,10139.7,10139.7,-151.591,-77.462,-146.162,-76.534,2.90551e-9,-151.591,-77.111,-151.59,-77.11,,,,,,,,,,,,,,,
Physical Island group,Maui,1,false,-156.709,20.589,-155.986,21.056,1893.04,1893.04,-156.709,20.589,-155.986,21.056,,,,,,,,,,,,,,,,,,,,
Physical Island group,Midway Is.,1,false,-177.445,28.176,-177.284,28.235,78.4773,78.4773,-177.445,28.176,-177.284,28.235,,,,,,,,,,,,,,,,,,,,
Physical Island group,Myeik Arch.,1,false,97.371,9.329,98.686,13.266,26468.4,26468.4,97.371,9.329,98.686,13.266,,,,,,,,,,,,,,,,,,,,
Physical Island group,NAMPÖ-SHOTÖ,1,false,138.961,23.441,142.655,35.063,235440.0,235440.0,138.961,23.441,142.655,35.063,,,,,,,,,,,,,,,,,,,,
Physical Island group,NEW BRITAIN,1,false,148.324,-6.321,152.418,-4.141,35831.2,35831.2,148.324,-6.321,152.418,-4.141,,,,,,,,,,,,,,,,,,,,
Physical Island group,NEW SIBERIAN ISLANDS,1,false,135.937,72.973,151.227,76.453,116035.0,116035.0,135.937,72.973,151.227,76.453,,,,,,,,,,,,,,,,,,,,
Physical Island group,NEW ZEALAND,1,false,165.719,-47.558,178.936,-34.175,535584.0,535584.0,165.719,-47.558,178.936,-34.175,,,,,,,,,,,,,,,,,,,,
Physical Island group,NICOBAR ISLANDS,1,false,92.434,6.268,94.303,9.527,47391.8,47391.8,92.434,6.268,94.303,9.527,,,,,,,,,,,,,,,,,,,,
Physical Island group,NORTHERN COOK ISLANDS,1,false,-166.452,-14.026,-156.905,-8.507,286921.0,286921.0,-166.452,-14.026,-156.905,-8.507,,,,,,,,,,,,,,,,,,,,
Physical Island group,NOUVELLE-CALÉDONIE,1,false,159.492,-23.15,168.675,-18.614,192598.0,192598.0,159.492,-23.15,168.675,-18.614,,,,,,,,,,,,,,,,,,,,
Physical Island group,NOVAYA ZEMLYA,1,false,51.181,70.218,69.082,77.368,140951.0,140951.0,51.181,70.218,69.082,77.368,,,,,,,,,,,,,,,,,,,,
Physical Island group,New Georgia Is.,1,false,156.384,-9.009,158.321,-7.387,20980.4,20980.4,156.384,-9.009,158.321,-7.387,,,,,,,,,,,,,,,,,,,,
Physical Island group,New Ireland,1,false,150.738,-4.848,153.138,-2.554,6929.49,6929.49,150.738,-4.848,153.138,-2.554,,,,,,,,,,,,,,,,,,,,
Physical Island group,Nuku Hiva,1,false,-140.262,-8.953,-140.014,-8.779,336.027,336.027,-140.262,-8.953,-140.014,-8.779,,,,,,,,,,,,,,,,,,,,
Physical Island group,Oki Is.,1,false,132.904,35.924,133.461,36.402,1487.42,1487.42,132.904,35.924,133.461,36.402,,,,,,,,,,,,,,,,,,,,
Physical Island group,Okinawa,1,false,127.635,26.085,128.338,26.888,1296.18,1296.18,127.635,26.085,128.338,26.888,,,,,,,,,,,,,,,,,,,,
Physical Island group,Orkney Is.,1,false,-3.526,58.671,-2.292,59.495,4730.37,4730.37,-3.526,58.671,-2.292,59.495,,,,,,,,,,,,,,,,,,,,
Physical Island group,Outer Hebrides,1,false,-7.796,56.804,-5.996,58.656,11301.3,11301.3,-7.796,56.804,-5.996,58.656,,,,,,,,,,,,,,,,,,,,
Physical Island group,O‘ahu,1,false,-158.273,21.267,-157.639,21.715,1577.35,1577.35,-158.273,21.267,-157.639,21.715,,,,,,,,,,,,,,,,,,,,
Physical Island group,PALAU IS.,1,false,131.839,4.972,134.9,7.918,27151.9,27151.9,131.839,4.972,134.9,7.918,,,,,,,,,,,,,,,,,,,,
Physical Island group,PARRY ISLANDS,1,false,-123.358,73.978,-105.069,79.059,183022.0,183022.0,-123.358,73.978,-105.069,79.059,,,,,,,,,,,,,,,,,,,,
Physical Island group,PHILIPPINES,1,false,116.862,4.525,127.15,20.982,1.17733e6,1.17733e6,116.862,4.525,127.15,20.982,,,,,,,,,,,,,,,,,,,,
Physical Island group,PHOENIX ISLANDS,1,false,-175.029,-5.114,-170.377,-2.275,117049.0,117049.0,-175.029,-5.114,-170.377,-2.275,,,,,,,,,,,,,,,,,,,,
Physical Island group,POLYNESIA,3,true,164.294,-48.841,-106.462,25.854,3.3227e7,3.0871e7,-180.0,-46.644,-106.462,25.854,2.05843e6,164.294,-48.841,180.0,-23.57,297539.0,175.329,-13.863,180.0,-4.59,,,,,,,,,,
Physical Island group,Paracel Islands,1,false,111.026,15.589,113.334,17.019,21154.3,21154.3,111.026,15.589,113.334,17.019,,,,,,,,,,,,,,,,,,,,
Physical Island group,Paramushir,1,false,155.186,49.997,156.16,50.783,2084.1,2084.1,155.186,49.997,156.16,50.783,,,,,,,,,,,,,,,,,,,,
Physical Island group,Prince Edward Islands,1,false,37.56,-46.975,38.053,-46.522,1096.2,1096.2,37.56,-46.975,38.053,-46.522,,,,,,,,,,,,,,,,,,,,
Physical Island group,QUEEN ELIZABETH ISLANDS,1,false,-123.57,73.925,-60.651,83.504,871042.0,871042.0,-123.57,73.925,-60.651,83.504,,,,,,,,,,,,,,,,,,,,
Physical Island group,RALIK CHAIN,1,false,161.76,3.824,170.16,12.702,393609.0,393609.0,161.76,3.824,170.16,12.702,,,,,,,,,,,,,,,,,,,,
Physical Island group,RATAK CHAIN,1,false,168.389,5.148,172.717,15.436,250088.0,250088.0,168.389,5.148,172.717,15.436,,,,,,,,,,,,,,,,,,,,
Physical Island group,RYÜKYÜ ISLANDS,1,false,122.666,23.93,131.84,31.055,336868.0,336868.0,122.666,23.93,131.84,31.055,,,,,,,,,,,,,,,,,,,,
Physical Island group,Raiatea,1,false,-151.495,-16.902,-151.352,-16.735,174.674,174.674,-151.495,-16.902,-151.352,-16.735,,,,,,,,,,,,,,,,,,,,
Physical Island group,Riau Arch.,1,false,103.217,0.536,104.909,1.285,12824.8,12824.8,103.217,0.536,104.909,1.285,,,,,,,,,,,,,,,,,,,,
Physical Island group,SAMOA IS.,1,false,-173.12,-14.787,-168.002,-13.178,42244.4,42244.4,-173.12,-14.787,-168.002,-13.178,,,,,,,,,,,,,,,,,,,,
Physical Island group,SANTA CRUZ ISLANDS,1,false,165.435,-12.056,167.461,-9.616,40143.4,40143.4,165.435,-12.056,167.461,-9.616,,,,,,,,,,,,,,,,,,,,
Physical Island group,SEVERNAYA ZEMLYA,1,false,89.264,77.586,105.792,82.435,92204.8,92204.8,89.264,77.586,105.792,82.435,,,,,,,,,,,,,,,,,,,,
Physical Island group,SEYCHELLES,1,false,43.541,-12.117,59.734,-2.247,1.24031e6,1.24031e6,43.541,-12.117,59.734,-2.247,,,,,,,,,,,,,,,,,,,,
Physical Island group,SOLOMON ISANDS,1,false,154.351,-12.564,167.622,-4.794,530516.0,530516.0,154.351,-12.564,167.622,-4.794,,,,,,,,,,,,,,,,,,,,
Physical Island group,SOUTHERN COOK ISLANDS,1,false,-163.804,-22.338,-157.06,-17.536,173077.0,173077.0,-163.804,-22.338,-157.06,-17.536,,,,,,,,,,,,,,,,,,,,
Physical Island group,SVALBARD,1,false,9.63,73.846,37.556,81.493,286273.0,286273.0,9.63,73.846,37.556,81.493,,,,,,,,,,,,,,,,,,,,
Physical Island group,Sakishima Is.,1,false,122.745,24.002,125.805,24.967,19342.6,19342.6,122.745,24.002,125.805,24.967,,,,,,,,,,,,,,,,,,,,
Physical Island group,San Cristobal,1,false,161.28,-10.844,162.393,-10.199,3066.34,3066.34,161.28,-10.844,162.393,-10.199,,,,,,,,,,,,,,,,,,,,
Physical Island group,Sangihe Islands,1,false,125.184,2.247,125.684,3.787,6059.72,6059.72,125.184,2.247,125.684,3.787,,,,,,,,,,,,,,,,,,,,
Physical Island group,Santa Cruz,1,false,-90.547,-0.779,-90.18,-0.481,956.622,956.622,-90.547,-0.779,-90.18,-0.481,,,,,,,,,,,,,,,,,,,,
Physical Island group,Santa Isabel,1,false,158.444,-8.562,159.901,-7.53,3672.93,3672.93,158.444,-8.562,159.901,-7.53,,,,,,,,,,,,,,,,,,,,
Physical Island group,Savai‘i,1,false,-172.783,-13.805,-172.175,-13.461,1645.6,1645.6,-172.783,-13.805,-172.175,-13.461,,,,,,,,,,,,,,,,,,,,
Physical Island group,Shantar Islands,1,false,136.604,54.328,138.351,55.282,6991.78,6991.78,136.604,54.328,138.351,55.282,,,,,,,,,,,,,,,,,,,,
Physical Island group,Shetland Is.,1,false,-1.877,59.232,-0.579,60.98,9117.84,9117.84,-1.877,59.232,-0.579,60.98,,,,,,,,,,,,,,,,,,,,
Physical Island group,South Orkney Islands,1,false,-46.073,-60.792,-44.406,-60.458,1906.26,1906.26,-46.073,-60.792,-44.406,-60.458,,,,,,,,,,,,,,,,,,,,
Physical Island group,South Sandwich Islands,1,false,-28.377,-59.714,-25.921,-56.1,20595.3,20595.3,-28.377,-59.714,-25.921,-56.1,,,,,,,,,,,,,,,,,,,,
Physical Island group,South Shetland Islands,1,false,-62.584,-63.376,-53.77,-60.729,39331.1,39331.1,-62.584,-63.376,-53.77,-60.729,,,,,,,,,,,,,,,,,,,,
Physical Island group,Spratly Islands,1,false,111.869,7.131,117.883,12.084,187790.0,187790.0,111.869,7.131,117.883,12.084,,,,,,,,,,,,,,,,,,,,
Physical Island group,Sulu Archipelago,1,false,119.31,4.548,122.494,6.846,44574.6,44574.6,119.31,4.548,122.494,6.846,,,,,,,,,,,,,,,,,,,,
Physical Island group,TOKELAU,1,false,-172.656,-9.535,-171.023,-8.313,8492.06,8492.06,-172.656,-9.535,-171.023,-8.313,,,,,,,,,,,,,,,,,,,,
Physical Island group,TONGA ISLANDS,1,false,-176.177,-23.42,-173.601,-15.152,137414.0,137414.0,-176.177,-23.42,-173.601,-15.152,,,,,,,,,,,,,,,,,,,,
Physical Island group,TUVALU,1,false,175.784,-11.359,179.696,-5.352,101351.0,101351.0,175.784,-11.359,179.696,-5.352,,,,,,,,,,,,,,,,,,,,
Physical Island group,Tahiti,1,false,-149.643,-17.868,-149.149,-17.492,1034.96,1034.96,-149.643,-17.868,-149.149,-17.492,,,,,,,,,,,,,,,,,,,,
Physical Island group,Talaud Is.,3,false,126.632,3.756,126.926,4.552,989.975,823.022,126.692,4.012,126.926,4.552,88.1722,126.632,3.828,126.742,4.043,78.7807,126.773,3.756,126.875,3.87,,,,,,,,,,
Physical Island group,Tanimbar Islands,1,false,130.558,-8.4,132.177,-6.608,21942.3,21942.3,130.558,-8.4,132.177,-6.608,,,,,,,,,,,,,,,,,,,,
Physical Island group,Truk,1,false,151.378,7.062,152.07,7.622,3521.95,3521.95,151.378,7.062,152.07,7.622,,,,,,,,,,,,,,,,,,,,
Physical Island group,Urup,1,false,149.436,45.584,150.568,46.219,1417.28,1417.28,149.436,45.584,150.568,46.219,,,,,,,,,,,,,,,,,,,,
Physical Island group,VANUATU,1,false,166.067,-20.5,170.27,-12.711,160298.0,160298.0,166.067,-20.5,170.27,-12.711,,,,,,,,,,,,,,,,,,,,
Physical Island group,Vanua Levu,1,false,178.478,-17.006,180.0,-16.148,5731.9,5731.9,178.478,-17.006,180.0,-16.148,,,,,,,,,,,,,,,,,,,,
Physical Island group,Virgin Is.,1,false,-65.11,18.187,-64.168,18.827,3180.62,3180.62,-65.11,18.187,-64.168,18.827,,,,,,,,,,,,,,,,,,,,
Physical Island group,Viti Levu,1,false,177.251,-18.272,178.712,-17.299,10893.2,10893.2,177.251,-18.272,178.712,-17.299,,,,,,,,,,,,,,,,,,,,
Physical Island group,WEST INDIES,1,false,-85.399,9.719,-59.082,27.465,1.72643e6,1.72643e6,-85.399,9.719,-59.082,27.465,,,,,,,,,,,,,,,,,,,,
Physical Island group,Whitsunday Group,1,false,148.825,-20.586,149.183,-20.006,1327.0,1327.0,148.825,-20.586,149.183,-20.006,,,,,,,,,,,,,,,,,,,,
Physical Island group,Yap Is.,1,false,137.866,9.257,138.309,9.707,1492.31,1492.31,137.866,9.257,138.309,9.707,,,,,,,,,,,,,,,,,,,,
Physical Island group,ÎLES DE LA SOCIÉTÉ,1,false,-154.749,-18.309,-148.72,-15.415,115567.0,115567.0,-154.749,-18.309,-148.72,-15.415,,,,,,,,,,,,,,,,,,,,
Physical Island group,ÎLES GAMBIER,1,false,-137.25,-23.508,-134.641,-20.988,50170.8,50170.8,-137.25,-23.508,-134.641,-20.988,,,,,,,,,,,,,,,,,,,,
Physical Island group,ÎLES MARQUESAS,1,false,-140.845,-10.672,-138.483,-7.725,32919.0,32919.0,-140.845,-10.672,-138.483,-7.725,,,,,,,,,,,,,,,,,,,,
Physical Island group,ÎLES TUBUAÏ,1,false,-151.698,-24.336,-147.076,-22.001,47223.1,47223.1,-151.698,-24.336,-147.076,-22.001,,,,,,,,,,,,,,,,,,,,
Physical Island group,Îles Crozet,1,false,50.137,-46.464,51.874,-45.978,2987.3,2987.3,50.137,-46.464,51.874,-45.978,,,,,,,,,,,,,,,,,,,,
Physical Island group,Îles Kerguelen,1,false,68.583,-49.74,70.678,-48.499,13306.5,13306.5,68.583,-49.74,70.678,-48.499,,,,,,,,,,,,,,,,,,,,
Physical Island group,Îles Loyauté,1,false,166.204,-21.894,168.384,-20.211,18197.5,18197.5,166.204,-21.894,168.384,-20.211,,,,,,,,,,,,,,,,,,,,
Physical Island group,Ösumi Is.,1,false,129.873,30.053,131.276,30.957,7861.67,7861.67,129.873,30.053,131.276,30.957,,,,,,,,,,,,,,,,,,,,
Physical Island group,îles Wallis,1,false,-176.243,-13.383,-176.075,-13.193,299.83,299.83,-176.243,-13.383,-176.075,-13.193,,,,,,,,,,,,,,,,,,,,
Physical Range/mtn,AHAGGAR MTS.,1,false,1.067,21.666,8.926,26.985,185980.0,185980.0,1.067,21.666,8.926,26.985,,,,,,,,,,,,,,,,,,,,
Physical Range/mtn,ALASKA RANGE,1,false,-154.606,60.877,-142.577,64.348,106853.0,106853.0,-154.606,60.877,-142.577,64.348,,,,,,,,,,,,,,,,,,,,
Physical Range/mtn,ALPS,1,false,5.156,43.665,16.184,48.155,176494.0,176494.0,5.156,43.665,16.184,48.155,,,,,,,,,,,,,,,,,,,,
Physical Range/mtn,ALTAY MOUNTAINS,1,false,81.925,43.248,100.791,52.305,464007.0,464007.0,81.925,43.248,100.791,52.305,,,,,,,,,,,,,,,,,,,,
Physical Range/mtn,ALTUN MTS.,1,false,86.472,37.504,94.052,39.519,83744.2,83744.2,86.472,37.504,94.052,39.519,,,,,,,,,,,,,,,,,,,,
Physical Range/mtn,ANDES,11,false,-80.602,-55.293,-63.085,11.414,3.04687e6,3.01014e6,-80.602,-53.884,-63.085,11.414,25251.9,-71.466,-55.033,-65.305,-53.627,3337.39,-73.597,-54.079,-72.205,-53.394,2289.46,-72.211,-54.375,-71.004,-53.884,2143.38,-68.302,-55.293,-67.079,-54.929
Physical Range/mtn,APPALACHIAN MTS.,1,false,-88.542,32.605,-64.208,49.252,850736.0,850736.0,-88.542,32.605,-64.208,49.252,,,,,,,,,,,,,,,,,,,,
Physical Range/mtn,APPENNINI,1,false,8.94,39.9,16.198,45.07,59881.9,59881.9,8.94,39.9,16.198,45.07,,,,,,,,,,,,,,,,,,,,
Physical Range/mtn,ASIR MTS.,1,false,40.658,16.359,43.887,21.539,67905.1,67905.1,40.658,16.359,43.887,21.539,,,,,,,,,,,,,,,,,,,,
Physical Range/mtn,ATLAS MOUNTAINS,1,false,-10.99,28.311,10.469,37.308,680310.0,680310.0,-10.99,28.311,10.469,37.308,,,,,,,,,,,,,,,,,,,,
Physical Range/mtn,ATLAS SAHARIEN,1,false,-2.351,31.837,4.86,35.674,57766.2,57766.2,-2.351,31.837,4.86,35.674,,,,,,,,,,,,,,,,,,,,
Physical Range/mtn,Abakanskiy Ra.,1,false,88.367,49.159,91.19,54.171,76226.1,76226.1,88.367,49.159,91.19,54.171,,,,,,,,,,,,,,,,,,,,
Physical Range/mtn,Adirondack Mts.,1,false,-75.819,42.795,-73.293,45.148,36245.3,36245.3,-75.819,42.795,-73.293,45.148,,,,,,,,,,,,,,,,,,,,
Physical Range/mtn,Admiralty Mountains,1,false,167.474,-72.548,170.48,-71.19,9385.76,9385.76,167.474,-72.548,170.48,-71.19,,,,,,,,,,,,,,,,,,,,
Physical Range/mtn,Ahmar Mts.,1,false,40.454,8.344,43.191,9.756,22189.2,22189.2,40.454,8.344,43.191,9.756,,,,,,,,,,,,,,,,,,,,
Physical Range/mtn,Al Hajar Mts.,1,false,55.861,22.193,59.439,26.158,41003.1,41003.1,55.861,22.193,59.439,26.158,,,,,,,,,,,,,,,,,,,,
Physical Range/mtn,Al Jabal al Akhdar,1,false,19.96,31.645,23.07,32.943,16015.4,16015.4,19.96,31.645,23.07,32.943,,,,,,,,,,,,,,,,,,,,
Physical Range/mtn,Alataw Mts.,1,false,76.792,43.928,83.255,46.314,64534.7,64534.7,76.792,43.928,83.255,46.314,,,,,,,,,,,,,,,,,,,,
Physical Range/mtn,Anti Atlas,1,false,-10.831,28.399,-4.312,31.699,76913.3,76913.3,-10.831,28.399,-4.312,31.699,,,,,,,,,,,,,,,,,,,,
Physical Range/mtn,Arakan Yoma,1,false,93.256,17.226,95.126,21.344,39553.0,39553.0,93.256,17.226,95.126,21.344,,,,,,,,,,,,,,,,,,,,
Physical Range/mtn,Ardennes,1,false,4.164,49.458,6.154,50.424,11536.1,11536.1,4.164,49.458,6.154,50.424,,,,,,,,,,,,,,,,,,,,
Physical Range/mtn,Arvalli Ra.,1,false,72.098,24.599,74.525,27.111,30503.5,30503.5,72.098,24.599,74.525,27.111,,,,,,,,,,,,,,,,,,,,
Physical Range/mtn,Atlas Tellien,1,false,-3.476,33.788,6.143,36.897,93705.5,93705.5,-3.476,33.788,6.143,36.897,,,,,,,,,,,,,,,,,,,,
Physical Range/mtn,Australian Alps,1,false,146.888,-37.628,149.13,-35.412,15952.7,15952.7,146.888,-37.628,149.13,-35.412,,,,,,,,,,,,,,,,,,,,
Physical Range/mtn,AÏR MTS.,1,false,7.311,17.26,9.852,20.357,45693.1,45693.1,7.311,17.26,9.852,20.357,,,,,,,,,,,,,,,,,,,,
Physical Range/mtn,BROOKS RANGE,3,false,-166.787,66.606,-137.242,71.408,362379.0,361804.0,-166.787,66.733,-137.242,71.408,473.095,-162.608,66.606,-162.011,66.948,102.417,-139.292,69.539,-138.878,69.65,,,,,,,,,,
Physical Range/mtn,Balkan Mts.,1,false,22.327,42.505,27.431,43.814,36876.3,36876.3,22.327,42.505,27.431,43.814,,,,,,,,,,,,,,,,,,,,
Physical Range/mtn,Barisan Mountains,1,false,100.043,-5.297,104.819,0.431,63375.6,63375.6,100.043,-5.297,104.819,0.431,,,,,,,,,,,,,,,,,,,,
Physical Range/mtn,Birch Mts.,1,false,-115.438,56.992,-111.068,59.16,44060.8,44060.8,-115.438,56.992,-111.068,59.16,,,,,,,,,,,,,,,,,,,,
Physical Range/mtn,Bitterroot Range,1,false,-116.783,43.974,-111.372,48.183,34507.0,34507.0,-116.783,43.974,-111.372,48.183,,,,,,,,,,,,,,,,,,,,
Physical Range/mtn,Black Hills,1,false,-104.855,43.41,-103.09,44.752,14602.6,14602.6,-104.855,43.41,-103.09,44.752,,,,,,,,,,,,,,,,,,,,
Physical Range/mtn,Blue Mts.,1,false,149.908,-33.941,150.685,-32.76,5052.98,5052.98,149.908,-33.941,150.685,-32.76,,,,,,,,,,,,,,,,,,,,
Physical Range/mtn,Blue Ridge,1,false,-84.747,34.573,-77.756,39.15,62034.9,62034.9,-84.747,34.573,-77.756,39.15,,,,,,,,,,,,,,,,,,,,
Physical Range/mtn,Borohoro Mts.,1,false,81.149,42.937,86.9,44.961,48669.4,48669.4,81.149,42.937,86.9,44.961,,,,,,,,,,,,,,,,,,,,
Physical Range/mtn,Bureinskiy Ra.,1,false,133.034,50.364,135.978,52.188,14276.0,14276.0,133.034,50.364,135.978,52.188,,,,,,,,,,,,,,,,,,,,
Physical Range/mtn,Böhmerwald,1,false,12.308,48.431,14.16,49.815,9850.5,9850.5,12.308,48.431,14.16,49.815,,,,,,,,,,,,,,,,,,,,
Physical Range/mtn,CARPATHIAN MOUNTAINS,1,false,17.483,44.603,27.203,50.068,221123.0,221123.0,17.483,44.603,27.203,50.068,,,,,,,,,,,,,,,,,,,,
Physical Range/mtn,CASCADE RANGE,1,false,-123.08,40.112,-119.011,50.993,142747.0,142747.0,-123.08,40.112,-119.011,50.993,,,,,,,,,,,,,,,,,,,,
Physical Range/mtn,CAUCASUS MTS.,1,false,37.206,40.37,49.464,45.099,156424.0,156424.0,37.206,40.37,49.464,45.099,,,,,,,,,,,,,,,,,,,,
Physical Range/mtn,CHAÎNE ANNAMITIQUE,1,false,102.483,10.743,109.328,21.716,306843.0,306843.0,102.483,10.743,109.328,21.716,,,,,,,,,,,,,,,,,,,,
Physical Range/mtn,CHERSKIY RANGE,1,false,136.935,64.078,147.023,68.834,65924.7,65924.7,136.935,64.078,147.023,68.834,,,,,,,,,,,,,,,,,,,,
Physical Range/mtn,CHUGACH MTS.,4,false,-149.907,60.01,-140.687,61.967,57416.0,57282.1,-149.907,60.01,-140.687,61.967,92.9594,-148.124,60.817,-147.93,60.925,37.5529,-145.267,60.328,-145.102,60.402,3.3579,-148.351,60.685,-148.261,60.726,,,,,
Physical Range/mtn,COAST MOUNTAINS,4,false,-136.826,49.13,-121.385,60.909,209562.0,209239.0,-136.826,49.13,-121.385,60.909,226.663,-128.827,52.864,-128.541,53.216,92.7568,-128.397,52.646,-128.247,52.785,3.65361,-123.973,49.701,-123.907,49.737,,,,,
Physical Range/mtn,COAST RANGES,3,false,-124.684,34.707,-119.134,48.325,161408.0,119395.0,-124.684,37.827,-121.989,48.325,41986.1,-122.487,34.707,-119.134,38.05,26.7882,-122.912,47.185,-122.851,47.275,,,,,,,,,,
Physical Range/mtn,COLUMBIA MTS.,1,false,-123.874,47.767,-115.182,55.841,156200.0,156200.0,-123.874,47.767,-115.182,55.841,,,,,,,,,,,,,,,,,,,,
Physical Range/mtn,CORD. CENTRAL,1,false,-80.046,-15.451,-71.499,8.909,386427.0,386427.0,-80.046,-15.451,-71.499,8.909,,,,,,,,,,,,,,,,,,,,
Physical Range/mtn,CORD. OCCIDENTAL,1,false,-79.358,-2.235,-75.504,8.786,114106.0,114106.0,-79.358,-2.235,-75.504,8.786,,,,,,,,,,,,,,,,,,,,
Physical Range/mtn,CORDILLERA  REAL,1,false,-67.7,-22.149,-65.425,-16.613,68917.3,68917.3,-67.7,-22.149,-65.425,-16.613,,,,,,,,,,,,,,,,,,,,
Physical Range/mtn,CORDILLERA OCCIDENTAL,1,false,-78.538,-18.767,-68.57,-8.659,168437.0,168437.0,-78.538,-18.767,-68.57,-8.659,,,,,,,,,,,,,,,,,,,,
Physical Range/mtn,CORDILLERA ORIENTAL,2,false,-78.591,-24.553,-61.932,11.467,750276.0,447134.0,-78.591,-24.553,-63.112,-1.295,303142.0,-77.242,0.865,-61.932,11.467,,,,,,,,,,,,,,,
Physical Range/mtn,CRYSTAL MOUNTAINS,1,false,10.084,-9.022,15.231,1.219,167697.0,167697.0,10.084,-9.022,15.231,1.219,,,,,,,,,,,,,,,,,,,,
Physical Range/mtn,Calabria,2,false,15.606,37.939,17.175,40.218,15900.7,15897.8,15.643,37.939,17.175,40.218,2.92704,15.606,38.244,15.635,38.275,,,,,,,,,,,,,,,
Physical Range/mtn,Cambrian Mts.,1,false,-4.289,51.621,-3.05,53.243,10972.7,10972.7,-4.289,51.621,-3.05,53.243,,,,,,,,,,,,,,,,,,,,
Physical Range/mtn,Caribou Mts.,1,false,-116.479,58.368,-113.674,60.841,27466.8,27466.8,-116.479,58.368,-113.674,60.841,,,,,,,,,,,,,,,,,,,,
Physical Range/mtn,Cassiar Mts.,1,false,-134.497,56.476,-125.63,62.055,128960.0,128960.0,-134.497,56.476,-125.63,62.055,,,,,,,,,,,,,,,,,,,,
Physical Range/mtn,Central Bruhui Range,1,false,66.305,28.494,67.609,30.414,18623.1,18623.1,66.305,28.494,67.609,30.414,,,,,,,,,,,,,,,,,,,,
Physical Range/mtn,Central Highlands,1,false,106.799,11.707,108.785,15.931,65270.7,65270.7,106.799,11.707,108.785,15.931,,,,,,,,,,,,,,,,,,,,
Physical Range/mtn,Central Makran,1,false,62.439,26.104,66.068,28.271,42580.8,42580.8,62.439,26.104,66.068,28.271,,,,,,,,,,,,,,,,,,,,
Physical Range/mtn,Chaîne des Mongos,1,false,19.49,7.555,25.458,10.215,134777.0,134777.0,19.49,7.555,25.458,10.215,,,,,,,,,,,,,,,,,,,,
Physical Range/mtn,Chin Hills,1,false,92.287,21.373,93.776,23.869,26655.8,26655.8,92.287,21.373,93.776,23.869,,,,,,,,,,,,,,,,,,,,
Physical Range/mtn,Chukchi Range,1,false,171.601,66.76,180.0,69.875,49109.7,49109.7,171.601,66.76,180.0,69.875,,,,,,,,,,,,,,,,,,,,
Physical Range/mtn,Cord. Cantábrica,1,false,-7.412,42.681,-1.907,43.428,28063.1,28063.1,-7.412,42.681,-1.907,43.428,,,,,,,,,,,,,,,,,,,,
Physical Range/mtn,Cord. de Mérida,1,false,-72.364,7.533,-68.253,11.044,55714.5,55714.5,-72.364,7.533,-68.253,11.044,,,,,,,,,,,,,,,,,,,,
Physical Range/mtn,Cuchilla Grande,1,false,-56.086,-34.824,-53.528,-32.037,44398.0,44398.0,-56.086,-34.824,-53.528,-32.037,,,,,,,,,,,,,,,,,,,,
Physical Range/mtn,DRAKENSBERG,1,false,23.525,-33.509,32.337,-22.382,295928.0,295928.0,23.525,-33.509,32.337,-22.382,,,,,,,,,,,,,,,,,,,,
Physical Range/mtn,Dabie Mts.,1,false,112.825,30.029,117.205,32.585,58384.0,58384.0,112.825,30.029,117.205,32.585,,,,,,,,,,,,,,,,,,,,
Physical Range/mtn,Dalou Mts.,1,false,103.851,26.395,108.338,29.644,90875.8,90875.8,103.851,26.395,108.338,29.644,,,,,,,,,,,,,,,,,,,,
Physical Range/mtn,Darling Range,1,false,115.616,-33.902,116.726,-29.302,34251.6,34251.6,115.616,-33.902,116.726,-29.302,,,,,,,,,,,,,,,,,,,,
Physical Range/mtn,Dinaric Alps,3,false,13.595,41.802,21.644,46.221,125535.0,125510.0,13.595,41.802,21.644,46.221,17.1943,16.773,43.301,16.892,43.359,7.36842,14.77,44.971,14.811,45.026,,,,,,,,,,
Physical Range/mtn,Dzhugdzhur Range,1,false,133.799,55.22,140.21,59.038,52846.9,52846.9,133.799,55.22,140.21,59.038,,,,,,,,,,,,,,,,,,,,
Physical Range/mtn,Dângrêk Ra.,1,false,100.645,13.83,105.761,15.569,55736.6,55736.6,100.645,13.83,105.761,15.569,,,,,,,,,,,,,,,,,,,,
Physical Range/mtn,EASTERN GHATS,1,false,77.678,11.29,85.237,20.739,192825.0,192825.0,77.678,11.29,85.237,20.739,,,,,,,,,,,,,,,,,,,,
Physical Range/mtn,EASTERN SAYAN MTS.,1,false,91.621,51.705,103.719,55.885,193997.0,193997.0,91.621,51.705,103.719,55.885,,,,,,,,,,,,,,,,,,,,
Physical Range/mtn,ELBURZ MTS.,1,false,48.184,35.375,55.149,37.854,58472.4,58472.4,48.184,35.375,55.149,37.854,,,,,,,,,,,,,,,,,,,,
Physical Range/mtn,ETHIOPIAN HIGHLANDS,1,false,33.95,4.102,43.383,18.033,659714.0,659714.0,33.95,4.102,43.383,18.033,,,,,,,,,,,,,,,,,,,,
Physical Range/mtn,Ellsworth Mountains,1,false,-87.625,-81.447,-75.874,-77.017,43306.7,43306.7,-87.625,-81.447,-75.874,-77.017,,,,,,,,,,,,,,,,,,,,
Physical Range/mtn,Er Rif,1,false,-5.883,34.086,-2.541,35.919,32220.5,32220.5,-5.883,34.086,-2.541,35.919,,,,,,,,,,,,,,,,,,,,
Physical Range/mtn,Erzgebirge,1,false,11.671,49.88,14.057,50.899,6107.99,6107.99,11.671,49.88,14.057,50.899,,,,,,,,,,,,,,,,,,,,
Physical Range/mtn,Executive Committee Range,1,false,-127.733,-77.661,-124.303,-76.482,8116.85,8116.85,-127.733,-77.661,-124.303,-76.482,,,,,,,,,,,,,,,,,,,,
Physical Range/mtn,Flinders Ranges,1,false,137.997,-33.341,139.791,-29.786,31289.5,31289.5,137.997,-33.341,139.791,-29.786,,,,,,,,,,,,,,,,,,,,
Physical Range/mtn,Flood Range,1,false,-136.542,-76.75,-130.999,-75.041,22256.3,22256.3,-136.542,-76.75,-130.999,-75.041,,,,,,,,,,,,,,,,,,,,
Physical Range/mtn,Ford Ranges,1,false,-149.209,-79.0,-143.333,-75.666,21311.4,21311.4,-149.209,-79.0,-143.333,-75.666,,,,,,,,,,,,,,,,,,,,
Physical Range/mtn,Front Range,1,false,-106.382,38.406,-104.572,41.003,25299.0,25299.0,-106.382,38.406,-104.572,41.003,,,,,,,,,,,,,,,,,,,,
Physical Range/mtn,GREAT DIVIDING RANGE,1,false,142.68,-38.028,153.3,-12.657,792510.0,792510.0,142.68,-38.028,153.3,-12.657,,,,,,,,,,,,,,,,,,,,
Physical Range/mtn,GREATER KHINGAN RANGE,1,false,117.382,43.162,125.16,53.521,349440.0,349440.0,117.382,43.162,125.16,53.521,,,,,,,,,,,,,,,,,,,,
Physical Range/mtn,GUIANA HIGHLANDS,1,false,-67.798,2.735,-58.376,7.85,394306.0,394306.0,-67.798,2.735,-58.376,7.85,,,,,,,,,,,,,,,,,,,,
Physical Range/mtn,Grampian Mts.,1,false,-5.543,55.919,-2.088,57.238,8513.34,8513.34,-5.543,55.919,-2.088,57.238,,,,,,,,,,,,,,,,,,,,
Physical Range/mtn,Gregory Ra.,1,false,142.199,-19.509,143.699,-18.052,8640.66,8640.66,142.199,-19.509,143.699,-18.052,,,,,,,,,,,,,,,,,,,,
Physical Range/mtn,Groot Karasberge,1,false,17.18,-28.857,20.558,-25.09,85542.2,85542.2,17.18,-28.857,20.558,-25.09,,,,,,,,,,,,,,,,,,,,
Physical Range/mtn,Guinea Highlands,1,false,-10.522,6.95,-7.117,9.615,80084.6,80084.6,-10.522,6.95,-7.117,9.615,,,,,,,,,,,,,,,,,,,,
Physical Range/mtn,HAUT ATLAS,1,false,-9.488,30.646,-2.37,33.154,47809.3,47809.3,-9.488,30.646,-2.37,33.154,,,,,,,,,,,,,,,,,,,,
Physical Range/mtn,HEJAZ MTS.,1,false,35.422,22.607,40.02,28.874,104865.0,104865.0,35.422,22.607,40.02,28.874,,,,,,,,,,,,,,,,,,,,
Physical Range/mtn,HIMALAYAS,1,false,75.521,26.859,95.663,33.912,469506.0,469506.0,75.521,26.859,95.663,33.912,,,,,,,,,,,,,,,,,,,,
Physical Range/mtn,HINDU KUSH,1,false,66.673,34.082,75.717,37.524,240094.0,240094.0,66.673,34.082,75.717,37.524,,,,,,,,,,,,,,,,,,,,
Physical Range/mtn,Hadhramaut,1,false,46.523,13.615,51.883,16.879,113435.0,113435.0,46.523,13.615,51.883,16.879,,,,,,,,,,,,,,,,,,,,
Physical Range/mtn,Hamersley Ra.,2,false,116.176,-22.916,119.631,-21.64,16330.8,16330.8,116.176,-22.916,119.631,-21.64,0.00398157,118.702,-22.343,118.715,-22.337,,,,,,,,,,,,,,,
Physical Range/mtn,Hamgyong Mts.,1,false,126.519,39.463,130.571,42.885,62778.6,62778.6,126.519,39.463,130.571,42.885,,,,,,,,,,,,,,,,,,,,
Physical Range/mtn,Hangayn Mts.,1,false,95.794,45.583,103.801,48.792,130587.0,130587.0,95.794,45.583,103.801,48.792,,,,,,,,,,,,,,,,,,,,
Physical Range/mtn,Hardanger-vidda,1,false,6.631,59.117,9.441,61.066,23500.6,23500.6,6.631,59.117,9.441,61.066,,,,,,,,,,,,,,,,,,,,
Physical Range/mtn,Harz,1,false,9.582,51.282,11.518,52.176,9211.21,9211.21,9.582,51.282,11.518,52.176,,,,,,,,,,,,,,,,,,,,
Physical Range/mtn,Hentiyn Mts.,1,false,105.525,47.007,112.527,50.643,131227.0,131227.0,105.525,47.007,112.527,50.643,,,,,,,,,,,,,,,,,,,,
Physical Range/mtn,Inyanga Mts.,1,false,31.701,-20.795,33.792,-16.773,58310.2,58310.2,31.701,-20.795,33.792,-16.773,,,,,,,,,,,,,,,,,,,,
Physical Range/mtn,Jabal bin Ghunaymah,1,false,13.246,21.908,17.229,26.341,65835.5,65835.5,13.246,21.908,17.229,26.341,,,,,,,,,,,,,,,,,,,,
Physical Range/mtn,Jones Mountains,1,false,-95.084,-74.001,-92.458,-73.182,5501.87,5501.87,-95.084,-74.001,-92.458,-73.182,,,,,,,,,,,,,,,,,,,,
Physical Range/mtn,Jura,1,false,5.678,46.054,8.04,47.662,10880.6,10880.6,5.678,46.054,8.04,47.662,,,,,,,,,,,,,,,,,,,,
Physical Range/mtn,KARAKORAM RA.,1,false,74.919,33.335,79.856,37.914,112385.0,112385.0,74.919,33.335,79.856,37.914,,,,,,,,,,,,,,,,,,,,
Physical Range/mtn,KJØLEN MOUNTAINS,1,false,5.587,58.518,24.446,70.063,215542.0,215542.0,5.587,58.518,24.446,70.063,,,,,,,,,,,,,,,,,,,,
Physical Range/mtn,KOLYMA RANGE,1,false,154.466,60.714,164.521,65.072,54897.9,54897.9,154.466,60.714,164.521,65.072,,,,,,,,,,,,,,,,,,,,
Physical Range/mtn,KUH RUD MOUNTAINS,1,false,49.952,28.901,56.213,34.907,66055.9,66055.9,49.952,28.901,56.213,34.907,,,,,,,,,,,,,,,,,,,,
Physical Range/mtn,KUNLUN MOUNTAINS,1,false,77.96,35.086,99.476,37.712,304579.0,304579.0,77.96,35.086,99.476,37.712,,,,,,,,,,,,,,,,,,,,
Physical Range/mtn,Karatau Range,1,false,66.189,42.566,71.335,45.202,26574.8,26574.8,66.189,42.566,71.335,45.202,,,,,,,,,,,,,,,,,,,,
Physical Range/mtn,Khasi Hills,1,false,90.318,25.091,93.953,26.66,37075.9,37075.9,90.318,25.091,93.953,26.66,,,,,,,,,,,,,,,,,,,,
Physical Range/mtn,Kirthar Ra.,1,false,66.344,25.4,67.485,28.331,23270.6,23270.6,66.344,25.4,67.485,28.331,,,,,,,,,,,,,,,,,,,,
Physical Range/mtn,Klamath Mts.,1,false,-124.408,40.288,-122.373,42.749,29289.6,29289.6,-124.408,40.288,-122.373,42.749,,,,,,,,,,,,,,,,,,,,
Physical Range/mtn,Kopet Dag Mts .,1,false,55.462,36.201,60.662,39.386,40275.4,40275.4,55.462,36.201,60.662,39.386,,,,,,,,,,,,,,,,,,,,
Physical Range/mtn,Koryak Range,1,false,165.098,60.597,177.108,63.64,77954.0,77954.0,165.098,60.597,177.108,63.64,,,,,,,,,,,,,,,,,,,,
Physical Range/mtn,Lebanon Mts.,1,false,35.31,33.233,36.358,34.611,5370.44,5370.44,35.31,33.233,36.358,34.611,,,,,,,,,,,,,,,,,,,,
Physical Range/mtn,Lebombo Mts.,1,false,31.727,-27.794,32.35,-23.427,18471.1,18471.1,31.727,-27.794,32.35,-23.427,,,,,,,,,,,,,,,,,,,,
Physical Range/mtn,Lesser Caucasus,1,false,41.883,39.026,47.223,42.247,62969.6,62969.6,41.883,39.026,47.223,42.247,,,,,,,,,,,,,,,,,,,,
Physical Range/mtn,Lesser Khingan Range,1,false,124.361,46.444,130.963,51.657,118154.0,118154.0,124.361,46.444,130.963,51.657,,,,,,,,,,,,,,,,,,,,
Physical Range/mtn,Loma Mts.,1,false,-11.876,7.951,-10.116,9.527,23423.6,23423.6,-11.876,7.951,-10.116,9.527,,,,,,,,,,,,,,,,,,,,
Physical Range/mtn,Lüliang Mts.,1,false,111.136,34.717,113.034,41.012,85487.0,85487.0,111.136,34.717,113.034,41.012,,,,,,,,,,,,,,,,,,,,
Physical Range/mtn,MACKENZIE MTS.,1,false,-137.355,59.337,-123.155,65.947,311608.0,311608.0,-137.355,59.337,-123.155,65.947,,,,,,,,,,,,,,,,,,,,
Physical Range/mtn,MITUMBA MTS.,1,false,28.01,-5.476,31.354,2.718,64737.4,64737.4,28.01,-5.476,31.354,2.718,,,,,,,,,,,,,,,,,,,,
Physical Range/mtn,MacDonnell Ranges,1,false,130.251,-23.829,135.532,-22.938,36679.0,36679.0,130.251,-23.829,135.532,-22.938,,,,,,,,,,,,,,,,,,,,
Physical Range/mtn,Maoke Mts.,1,false,135.458,-4.829,140.713,-2.892,69113.1,69113.1,135.458,-4.829,140.713,-2.892,,,,,,,,,,,,,,,,,,,,
Physical Range/mtn,Marrah Mts.,1,false,23.503,12.392,27.588,16.15,86424.4,86424.4,23.503,12.392,27.588,16.15,,,,,,,,,,,,,,,,,,,,
Physical Range/mtn,Maya Mts.,1,false,-89.665,16.111,-88.307,17.253,10360.3,10360.3,-89.665,16.111,-88.307,17.253,,,,,,,,,,,,,,,,,,,,
Physical Range/mtn,Mbang Mts.,1,false,12.99,6.712,15.664,8.38,16785.5,16785.5,12.99,6.712,15.664,8.38,,,,,,,,,,,,,,,,,,,,
Physical Range/mtn,Mogollon Rim,1,false,-111.928,33.537,-109.281,35.033,24945.8,24945.8,-111.928,33.537,-109.281,35.033,,,,,,,,,,,,,,,,,,,,
Physical Range/mtn,Momskiy Mts.,1,false,142.651,64.66,149.671,67.426,34982.8,34982.8,142.651,64.66,149.671,67.426,,,,,,,,,,,,,,,,,,,,
Physical Range/mtn,Moyen Atlas,1,false,-5.672,32.756,-3.408,34.298,22075.6,22075.6,-5.672,32.756,-3.408,34.298,,,,,,,,,,,,,,,,,,,,
Physical Range/mtn,Muchinga Mts.,1,false,26.652,-17.735,32.703,-10.908,78831.4,78831.4,26.652,-17.735,32.703,-10.908,,,,,,,,,,,,,,,,,,,,
Physical Range/mtn,NEW GUINEA HIGHLANDS,1,false,135.443,-9.877,149.166,-2.925,221356.0,221356.0,135.443,-9.877,149.166,-2.925,,,,,,,,,,,,,,,,,,,,
Physical Range/mtn,Naga Hills,1,false,93.3,23.337,95.92,27.294,52297.8,52297.8,93.3,23.337,95.92,27.294,,,,,,,,,,,,,,,,,,,,
Physical Range/mtn,Nan Ling Mts.,1,false,109.422,23.262,114.12,25.87,94148.8,94148.8,109.422,23.262,114.12,25.87,,,,,,,,,,,,,,,,,,,,
Physical Range/mtn,Napier Mountains,1,false,53.255,-67.239,56.044,-66.068,12775.8,12775.8,53.255,-67.239,56.044,-66.068,,,,,,,,,,,,,,,,,,,,
Physical Range/mtn,Ogilvie Mts.,1,false,-141.0,63.646,-135.158,65.102,24659.2,24659.2,-141.0,63.646,-135.158,65.102,,,,,,,,,,,,,,,,,,,,
Physical Range/mtn,Ogo Mts.,1,false,44.546,9.559,51.214,11.972,58265.0,58265.0,44.546,9.559,51.214,11.972,,,,,,,,,,,,,,,,,,,,
Physical Range/mtn,Ouachita Mts.,1,false,-96.0,33.563,-92.307,35.5,49049.1,49049.1,-96.0,33.563,-92.307,35.5,,,,,,,,,,,,,,,,,,,,
Physical Range/mtn,Owen Stanley Ra.,1,false,146.737,-10.243,149.903,-7.609,28441.1,28441.1,146.737,-10.243,149.903,-7.609,,,,,,,,,,,,,,,,,,,,
Physical Range/mtn,PAMIRS,1,false,71.204,37.083,77.033,39.56,98704.8,98704.8,71.204,37.083,77.033,39.56,,,,,,,,,,,,,,,,,,,,
Physical Range/mtn,PONTIC MOUNTAINS,1,false,34.051,40.143,42.027,41.92,54929.9,54929.9,34.051,40.143,42.027,41.92,,,,,,,,,,,,,,,,,,,,
Physical Range/mtn,PYRENEES,1,false,-2.287,41.955,3.181,43.475,38960.9,38960.9,-2.287,41.955,3.181,43.475,,,,,,,,,,,,,,,,,,,,
Physical Range/mtn,Paropamisus Ra.,1,false,61.503,34.285,66.676,35.322,34589.5,34589.5,61.503,34.285,66.676,35.322,,,,,,,,,,,,,,,,,,,,
Physical Range/mtn,Pensacola Mountains,1,false,-61.709,-85.167,-46.763,-81.895,32568.0,32568.0,-61.709,-85.167,-46.763,-81.895,,,,,,,,,,,,,,,,,,,,
Physical Range/mtn,Pindus Mts.,1,false,19.933,38.45,22.121,41.506,28891.3,28891.3,19.933,38.45,22.121,41.506,,,,,,,,,,,,,,,,,,,,
Physical Range/mtn,Prince Albert Mountains,1,false,159.83,-77.328,162.484,-75.839,8285.39,8285.39,159.83,-77.328,162.484,-75.839,,,,,,,,,,,,,,,,,,,,
Physical Range/mtn,Prince Charles Mountains,1,false,63.687,-73.943,69.029,-70.318,26494.9,26494.9,63.687,-73.943,69.029,-70.318,,,,,,,,,,,,,,,,,,,,
Physical Range/mtn,QUILIAN MOUNTAINS,1,false,94.345,36.046,102.96,40.141,184137.0,184137.0,94.345,36.046,102.96,40.141,,,,,,,,,,,,,,,,,,,,
Physical Range/mtn,Qinling Mountains,1,false,105.027,32.525,114.205,34.858,135006.0,135006.0,105.027,32.525,114.205,34.858,,,,,,,,,,,,,,,,,,,,
Physical Range/mtn,Queen Alexandra Range,1,false,164.023,-84.822,171.259,-83.478,7962.15,7962.15,164.023,-84.822,171.259,-83.478,,,,,,,,,,,,,,,,,,,,
Physical Range/mtn,Queen Maud Mountains,1,false,168.401,-86.959,180.0,-83.678,26688.4,26688.4,168.401,-86.959,180.0,-83.678,,,,,,,,,,,,,,,,,,,,
Physical Range/mtn,Queen Maude Mountains,1,false,-180.0,-87.084,-148.874,-84.337,43440.8,43440.8,-180.0,-87.084,-148.874,-84.337,,,,,,,,,,,,,,,,,,,,
Physical Range/mtn,ROCKY MOUNTAINS,1,false,-127.195,35.27,-104.122,59.711,1.0796e6,1.0796e6,-127.195,35.27,-104.122,59.711,,,,,,,,,,,,,,,,,,,,
Physical Range/mtn,Ruwenzori Range,1,false,29.672,-0.074,30.454,1.179,6145.35,6145.35,29.672,-0.074,30.454,1.179,,,,,,,,,,,,,,,,,,,,
Physical Range/mtn,S. Dourada,1,false,-51.194,-16.385,-48.703,-11.443,64947.8,64947.8,-51.194,-16.385,-48.703,-11.443,,,,,,,,,,,,,,,,,,,,
Physical Range/mtn,S. Nevada,1,false,-4.714,36.831,-1.97,37.921,22493.1,22493.1,-4.714,36.831,-1.97,37.921,,,,,,,,,,,,,,,,,,,,
Physical Range/mtn,S. de Pakaraima,1,false,-64.988,2.979,-59.905,5.022,55766.4,55766.4,-64.988,2.979,-59.905,5.022,,,,,,,,,,,,,,,,,,,,
Physical Range/mtn,S. do Cachimbo,1,false,-57.883,-10.565,-53.895,-6.189,105069.0,105069.0,-57.883,-10.565,-53.895,-6.189,,,,,,,,,,,,,,,,,,,,
Physical Range/mtn,S. do Piaui,1,false,-44.751,-9.948,-41.548,-8.095,31689.2,31689.2,-44.751,-9.948,-41.548,-8.095,,,,,,,,,,,,,,,,,,,,
Physical Range/mtn,S. dos Gradaús,1,false,-52.1,-11.09,-49.327,-5.758,80782.7,80782.7,-52.1,-11.09,-49.327,-5.758,,,,,,,,,,,,,,,,,,,,
Physical Range/mtn,SELWYN MTS.,1,false,-134.206,59.457,-123.425,64.592,118359.0,118359.0,-134.206,59.457,-123.425,64.592,,,,,,,,,,,,,,,,,,,,
Physical Range/mtn,SIERRA MADRE OCCIDENTAL,1,false,-110.764,20.766,-102.222,31.143,306406.0,306406.0,-110.764,20.766,-102.222,31.143,,,,,,,,,,,,,,,,,,,,
Physical Range/mtn,SIERRA MADRE ORIENTAL,1,false,-103.409,20.162,-97.772,29.85,206137.0,206137.0,-103.409,20.162,-97.772,29.85,,,,,,,,,,,,,,,,,,,,
Physical Range/mtn,SIERRA NEVADA,1,false,-121.787,34.873,-117.88,40.589,70057.6,70057.6,-121.787,34.873,-117.88,40.589,,,,,,,,,,,,,,,,,,,,
Physical Range/mtn,SIKHOTE-ALIN’ RANGE,1,false,132.515,42.827,140.56,51.502,167961.0,167961.0,132.515,42.827,140.56,51.502,,,,,,,,,,,,,,,,,,,,
Physical Range/mtn,SOUTHERN ALPS,2,false,166.765,-46.024,173.302,-41.406,44428.4,44370.4,166.765,-46.024,173.302,-41.406,58.076,166.91,-45.3,167.023,-45.179,,,,,,,,,,,,,,,
Physical Range/mtn,SREDINNYY RANGE,1,false,156.89,53.358,163.995,60.722,64016.9,64016.9,156.89,53.358,163.995,60.722,,,,,,,,,,,,,,,,,,,,
Physical Range/mtn,STANOVOY RANGE,1,false,123.101,54.314,138.135,57.396,215019.0,215019.0,123.101,54.314,138.135,57.396,,,,,,,,,,,,,,,,,,,,
Physical Range/mtn,Salmon River Mts.,1,false,-116.36,44.12,-113.871,45.585,24333.5,24333.5,-116.36,44.12,-113.871,45.585,,,,,,,,,,,,,,,,,,,,
Physical Range/mtn,Salt Ra.,1,false,72.626,32.905,75.266,34.158,28269.3,28269.3,72.626,32.905,75.266,34.158,,,,,,,,,,,,,,,,,,,,
Physical Range/mtn,Satpura Range,1,false,74.859,21.064,80.017,22.978,63919.5,63919.5,74.859,21.064,80.017,22.978,,,,,,,,,,,,,,,,,,,,
Physical Range/mtn,Scott Mountains,1,false,49.27,-67.917,51.291,-67.281,4626.75,4626.75,49.27,-67.917,51.291,-67.281,,,,,,,,,,,,,,,,,,,,
Physical Range/mtn,Selwyn Ra.,1,false,139.132,-21.676,141.209,-19.858,16045.1,16045.1,139.132,-21.676,141.209,-19.858,,,,,,,,,,,,,,,,,,,,
Physical Range/mtn,Serra Acaraí,1,false,-60.096,0.768,-57.45,1.96,28197.5,28197.5,-60.096,0.768,-57.45,1.96,,,,,,,,,,,,,,,,,,,,
Physical Range/mtn,Serra Geral,1,false,-54.114,-29.817,-49.168,-23.173,256494.0,256494.0,-54.114,-29.817,-49.168,-23.173,,,,,,,,,,,,,,,,,,,,
Physical Range/mtn,Serra da Ibiapaba,1,false,-41.479,-6.79,-40.207,-3.138,34089.6,34089.6,-41.479,-6.79,-40.207,-3.138,,,,,,,,,,,,,,,,,,,,
Physical Range/mtn,Serra da Mantiqueira,1,false,-49.346,-24.641,-41.231,-21.059,108045.0,108045.0,-49.346,-24.641,-41.231,-21.059,,,,,,,,,,,,,,,,,,,,
Physical Range/mtn,Serra de Curupira,1,false,-66.398,0.28,-62.993,2.615,50321.0,50321.0,-66.398,0.28,-62.993,2.615,,,,,,,,,,,,,,,,,,,,
Physical Range/mtn,Serra do Espinhaço,1,false,-49.645,-19.896,-47.21,-12.91,100457.0,100457.0,-49.645,-19.896,-47.21,-12.91,,,,,,,,,,,,,,,,,,,,
Physical Range/mtn,Serra do Mar,2,false,-50.28,-29.894,-47.728,-24.55,59978.4,59880.5,-50.28,-29.894,-47.728,-24.55,97.8741,-48.666,-26.414,-48.556,-26.186,,,,,,,,,,,,,,,
Physical Range/mtn,Shackleton Range,1,false,-30.455,-81.246,-18.295,-79.931,22720.7,22720.7,-30.455,-81.246,-18.295,-79.931,,,,,,,,,,,,,,,,,,,,
Physical Range/mtn,Sierra Chiapas,1,false,-94.757,14.962,-90.919,17.751,80942.1,80942.1,-94.757,14.962,-90.919,17.751,,,,,,,,,,,,,,,,,,,,
Physical Range/mtn,Sierra Madre del Sur,1,false,-105.595,15.688,-95.075,20.973,291670.0,291670.0,-105.595,15.688,-95.075,20.973,,,,,,,,,,,,,,,,,,,,
Physical Range/mtn,Sierra Morena,1,false,-7.211,37.36,-2.493,38.837,29417.7,29417.7,-7.211,37.36,-2.493,38.837,,,,,,,,,,,,,,,,,,,,
Physical Range/mtn,Siwalik Hills,1,false,79.061,26.365,87.706,29.964,67156.4,67156.4,79.061,26.365,87.706,29.964,,,,,,,,,,,,,,,,,,,,
Physical Range/mtn,Southern Ghats,1,false,76.344,8.273,78.601,10.726,35965.0,35965.0,76.344,8.273,78.601,10.726,,,,,,,,,,,,,,,,,,,,
Physical Range/mtn,Sudetes Mts.,1,false,14.193,49.901,17.494,51.304,12389.5,12389.5,14.193,49.901,17.494,51.304,,,,,,,,,,,,,,,,,,,,
Physical Range/mtn,Sulaiman Ra.,1,false,68.925,29.077,70.641,33.731,55083.2,55083.2,68.925,29.077,70.641,33.731,,,,,,,,,,,,,,,,,,,,
Physical Range/mtn,Suntar-Khayata Range,1,false,139.48,60.98,145.191,63.126,34216.3,34216.3,139.48,60.98,145.191,63.126,,,,,,,,,,,,,,,,,,,,
Physical Range/mtn,TIAN SHAN,2,false,72.977,39.66,95.222,44.175,414996.0,414987.0,72.977,39.66,95.222,44.175,8.43269,74.391,42.683,74.735,42.706,,,,,,,,,,,,,,,
Physical Range/mtn,TIBESTI MTS.,1,false,15.681,19.492,19.862,24.088,123320.0,123320.0,15.681,19.492,19.862,24.088,,,,,,,,,,,,,,,,,,,,
Physical Range/mtn,TORNGAT MTS.,3,false,-64.865,58.478,-62.915,60.488,10090.5,9414.81,-64.816,58.478,-62.915,60.065,451.392,-64.865,60.028,-64.419,60.337,224.321,-64.824,60.298,-64.444,60.488,,,,,,,,,,
Physical Range/mtn,Taihang Mts.,1,false,112.876,35.356,114.898,41.666,78802.4,78802.4,112.876,35.356,114.898,41.666,,,,,,,,,,,,,,,,,,,,
Physical Range/mtn,Tannu-Ola Ra.,1,false,90.16,49.87,96.658,51.598,46031.4,46031.4,90.16,49.87,96.658,51.598,,,,,,,,,,,,,,,,,,,,
Physical Range/mtn,Tarbagatay Ra.,1,false,79.02,46.347,85.777,48.839,66210.7,66210.7,79.02,46.347,85.777,48.839,,,,,,,,,,,,,,,,,,,,
Physical Range/mtn,Tatra Mts.,1,false,17.999,48.82,23.057,50.068,35110.3,35110.3,17.999,48.82,23.057,50.068,,,,,,,,,,,,,,,,,,,,
Physical Range/mtn,Taurus Mts.,1,false,31.271,36.102,35.056,37.822,40627.4,40627.4,31.271,36.102,35.056,37.822,,,,,,,,,,,,,,,,,,,,
Physical Range/mtn,Transantarctic Mountains,2,true,155.582,-87.648,-46.763,-70.947,437027.0,228393.0,-180.0,-87.648,-46.763,-81.892,208635.0,155.582,-86.959,180.0,-70.947,,,,,,,,,,,,,,,
Physical Range/mtn,Transylvanian Alps,1,false,21.627,44.624,26.714,45.957,41309.2,41309.2,21.627,44.624,26.714,45.957,,,,,,,,,,,,,,,,,,,,
Physical Range/mtn,Tumuc-Humac Mts.,1,false,-56.285,1.674,-52.62,3.269,39662.4,39662.4,-56.285,1.674,-52.62,3.269,,,,,,,,,,,,,,,,,,,,
Physical Range/mtn,Tuwayq Mts.,1,false,45.441,20.356,47.055,25.311,47878.7,47878.7,45.441,20.356,47.055,25.311,,,,,,,,,,,,,,,,,,,,
Physical Range/mtn,URAL MOUNTAINS,1,false,56.22,51.566,66.91,68.358,210378.0,210378.0,56.22,51.566,66.91,68.358,,,,,,,,,,,,,,,,,,,,
Physical Range/mtn,VERKHOYANSK RANGE,1,false,126.298,62.715,139.521,70.615,168383.0,168383.0,126.298,62.715,139.521,70.615,,,,,,,,,,,,,,,,,,,,
Physical Range/mtn,Vatnajökull,1,false,-18.168,63.995,-15.352,64.912,9058.11,9058.11,-18.168,63.995,-15.352,64.912,,,,,,,,,,,,,,,,,,,,
Physical Range/mtn,Vindhya Range,1,false,73.533,21.845,79.684,24.541,67151.3,67151.3,73.533,21.845,79.684,24.541,,,,,,,,,,,,,,,,,,,,
Physical Range/mtn,Vosges,1,false,6.522,47.811,8.156,49.818,12586.2,12586.2,6.522,47.811,8.156,49.818,,,,,,,,,,,,,,,,,,,,
Physical Range/mtn,WESTERN GHATS,1,false,72.852,10.549,77.396,20.811,135553.0,135553.0,72.852,10.549,77.396,20.811,,,,,,,,,,,,,,,,,,,,
Physical Range/mtn,Wasatch Range,1,false,-111.994,39.265,-110.941,42.653,16590.8,16590.8,-111.994,39.265,-110.941,42.653,,,,,,,,,,,,,,,,,,,,
Physical Range/mtn,Western Sayan Mts.,1,false,90.845,51.336,96.029,53.214,58140.9,58140.9,90.845,51.336,96.029,53.214,,,,,,,,,,,,,,,,,,,,
Physical Range/mtn,Wilhelmina Gebergte,1,false,-57.411,2.266,-55.142,4.979,33162.9,33162.9,-57.411,2.266,-55.142,4.979,,,,,,,,,,,,,,,,,,,,
Physical Range/mtn,Witwatersrand,1,false,24.749,-26.888,28.897,-24.472,51821.3,51821.3,24.749,-26.888,28.897,-24.472,,,,,,,,,,,,,,,,,,,,
Physical Range/mtn,Wrangell Mts.,1,false,-145.409,61.358,-141.381,63.24,26018.7,26018.7,-145.409,61.358,-141.381,63.24,,,,,,,,,,,,,,,,,,,,
Physical Range/mtn,Wuyi Mts.,1,false,115.771,25.355,118.335,28.466,62644.0,62644.0,115.771,25.355,118.335,28.466,,,,,,,,,,,,,,,,,,,,
Physical Range/mtn,YABLONOVYY RANGE,1,false,111.053,49.37,121.398,58.908,332164.0,332164.0,111.053,49.37,121.398,58.908,,,,,,,,,,,,,,,,,,,,
Physical Range/mtn,Yam Alin’ Range,1,false,134.152,52.265,135.56,54.374,16176.1,16176.1,134.152,52.265,135.56,54.374,,,,,,,,,,,,,,,,,,,,
Physical Range/mtn,Yin Mts.,1,false,105.7,40.835,111.707,42.404,58043.8,58043.8,105.7,40.835,111.707,42.404,,,,,,,,,,,,,,,,,,,,
Physical Range/mtn,ZAGROS MOUNTAINS,1,false,46.118,26.767,56.541,35.923,243346.0,243346.0,46.118,26.767,56.541,35.923,,,,,,,,,,,,,,,,,,,,
Physical Plateau,ALLEGHENY PLATEAU,1,false,-82.633,37.663,-74.751,43.638,140122.0,140122.0,-82.633,37.663,-74.751,43.638,,,,,,,,,,,,,,,,,,,,
Physical Plateau,ALTI-PLANICIE MEXICANA,1,false,-108.816,19.909,-99.491,31.785,409450.0,409450.0,-108.816,19.909,-99.491,31.785,,,,,,,,,,,,,,,,,,,,
Physical Plateau,ALTIPLANO,1,false,-71.505,-27.04,-65.405,-13.968,343596.0,343596.0,-71.505,-27.04,-65.405,-13.968,,,,,,,,,,,,,,,,,,,,
Physical Plateau,Adamawa Plateau,1,false,8.263,4.04,15.69,9.28,242963.0,242963.0,8.263,4.04,15.69,9.28,,,,,,,,,,,,,,,,,,,,
Physical Plateau,Al Harüj al Aswad,1,false,15.971,26.181,18.592,28.471,43916.5,43916.5,15.971,26.181,18.592,28.471,,,,,,,,,,,,,,,,,,,,
Physical Plateau,Aldan Upland,1,false,126.567,56.763,131.925,59.09,55701.3,55701.3,126.567,56.763,131.925,59.09,,,,,,,,,,,,,,,,,,,,
Physical Plateau,American Highland,1,false,69.261,-76.626,76.375,-71.368,95491.3,95491.3,69.261,-76.626,76.375,-71.368,,,,,,,,,,,,,,,,,,,,
Physical Plateau,Atherton Tableland,1,false,144.364,-18.217,146.126,-16.554,27874.9,27874.9,144.364,-18.217,146.126,-16.554,,,,,,,,,,,,,,,,,,,,
Physical Plateau,Azov Upland,1,false,35.541,46.792,38.832,48.805,26113.9,26113.9,35.541,46.792,38.832,48.805,,,,,,,,,,,,,,,,,,,,
Physical Plateau,BRAZILIAN HIGHLANDS,6,false,-57.742,-29.983,-34.887,-1.162,3.88356e6,3.88275e6,-57.742,-29.983,-34.887,-1.162,239.604,-44.598,-3.038,-44.481,-2.717,227.695,-48.666,-26.414,-48.497,-26.17,199.371,-38.787,-13.119,-38.6,-12.88,135.774,-39.023,-13.533,-38.903,-13.398
Physical Plateau,Barkly Tableland,1,false,133.464,-19.406,139.017,-15.348,116982.0,116982.0,133.464,-19.406,139.017,-15.348,,,,,,,,,,,,,,,,,,,,
Physical Plateau,Bié Plateau,1,false,16.606,-15.398,21.568,-9.867,196594.0,196594.0,16.606,-15.398,21.568,-9.867,,,,,,,,,,,,,,,,,,,,
Physical Plateau,Buckland Tableland,1,false,146.834,-25.078,148.501,-23.954,15029.2,15029.2,146.834,-25.078,148.501,-23.954,,,,,,,,,,,,,,,,,,,,
Physical Plateau,CENTRAL RUSSIAN UPLAND,1,false,33.863,49.78,39.733,54.977,184761.0,184761.0,33.863,49.78,39.733,54.977,,,,,,,,,,,,,,,,,,,,
Physical Plateau,CENTRAL SIBERIAN PLATEAU,1,false,88.367,58.12,130.059,71.412,2.19049e6,2.19049e6,88.367,58.12,130.059,71.412,,,,,,,,,,,,,,,,,,,,
Physical Plateau,COLORADO PLATEAU,1,false,-113.96,33.631,-106.664,40.787,303109.0,303109.0,-113.96,33.631,-106.664,40.787,,,,,,,,,,,,,,,,,,,,
Physical Plateau,COLUMBIA PLAT.,1,false,-121.456,42.149,-111.186,48.134,224099.0,224099.0,-121.456,42.149,-111.186,48.134,,,,,,,,,,,,,,,,,,,,
Physical Plateau,CUMBERLAND PLAT.,1,false,-88.542,32.605,-82.23,39.103,201672.0,201672.0,-88.542,32.605,-82.23,39.103,,,,,,,,,,,,,,,,,,,,
Physical Plateau,Campos Sertão,1,false,-47.193,-18.608,-43.594,-11.728,164838.0,164838.0,-47.193,-18.608,-43.594,-11.728,,,,,,,,,,,,,,,,,,,,
Physical Plateau,Chapada do Araripe,1,false,-41.972,-8.387,-38.77,-6.269,63807.3,63807.3,-41.972,-8.387,-38.77,-6.269,,,,,,,,,,,,,,,,,,,,
Physical Plateau,Chota Nägpur Plateau,1,false,79.745,21.04,86.885,25.246,229956.0,229956.0,79.745,21.04,86.885,25.246,,,,,,,,,,,,,,,,,,,,
Physical Plateau,DECCAN PLATEAU,1,false,74.197,12.463,81.264,20.114,365940.0,365940.0,74.197,12.463,81.264,20.114,,,,,,,,,,,,,,,,,,,,
Physical Plateau,Dnieper Upland,1,false,29.487,47.391,33.242,50.104,33604.5,33604.5,29.487,47.391,33.242,50.104,,,,,,,,,,,,,,,,,,,,
Physical Plateau,Dome A (Argus),1,false,74.664,-83.077,80.078,-77.663,46776.5,46776.5,74.664,-83.077,80.078,-77.663,,,,,,,,,,,,,,,,,,,,
Physical Plateau,Dome C (Charlie),1,false,120.67,-77.81,126.084,-72.396,71853.4,71853.4,120.67,-77.81,126.084,-72.396,,,,,,,,,,,,,,,,,,,,
Physical Plateau,Dome F (Fuji),1,false,36.996,-80.034,42.41,-74.62,61333.2,61333.2,36.996,-80.034,42.41,-74.62,,,,,,,,,,,,,,,,,,,,
Physical Plateau,Edwards Plateau,1,false,-101.88,29.297,-96.731,33.625,154699.0,154699.0,-101.88,29.297,-96.731,33.625,,,,,,,,,,,,,,,,,,,,
Physical Plateau,Ennedi Plat.,1,false,20.985,15.836,24.267,18.112,57831.8,57831.8,20.985,15.836,24.267,18.112,,,,,,,,,,,,,,,,,,,,
Physical Plateau,FRASER PLATEAU,1,false,-127.327,50.99,-120.473,55.637,137606.0,137606.0,-127.327,50.99,-120.473,55.637,,,,,,,,,,,,,,,,,,,,
Physical Plateau,Finnmarks-vidda,1,false,23.618,68.356,26.532,69.773,14087.3,14087.3,23.618,68.356,26.532,69.773,,,,,,,,,,,,,,,,,,,,
Physical Plateau,Fouta Djallon,1,false,-14.429,9.473,-10.38,12.649,109959.0,109959.0,-14.429,9.473,-10.38,12.649,,,,,,,,,,,,,,,,,,,,
Physical Plateau,GUIANA SHIELD,1,false,-67.798,-2.63,-50.566,8.601,1.46487e6,1.46487e6,-67.798,-2.63,-50.566,8.601,,,,,,,,,,,,,,,,,,,,
Physical Plateau,Great Karroo,1,false,19.173,-33.601,25.087,-31.471,82057.0,82057.0,19.173,-33.601,25.087,-31.471,,,,,,,,,,,,,,,,,,,,
Physical Plateau,Hollick-Kenyon Plateau,1,false,-109.116,-82.459,-88.331,-76.04,270927.0,270927.0,-109.116,-82.459,-88.331,-76.04,,,,,,,,,,,,,,,,,,,,
Physical Plateau,Horn Plat.,1,false,-120.668,61.966,-117.748,62.567,7353.21,7353.21,-120.668,61.966,-117.748,62.567,,,,,,,,,,,,,,,,,,,,
Physical Plateau,Huíla Plateau,1,false,12.779,-16.809,15.884,-14.797,57781.6,57781.6,12.779,-16.809,15.884,-14.797,,,,,,,,,,,,,,,,,,,,
Physical Plateau,Jabal al Abyad Plateau,1,false,24.173,16.378,27.64,20.56,129052.0,129052.0,24.173,16.378,27.64,20.56,,,,,,,,,,,,,,,,,,,,
Physical Plateau,Jilf al Kabir Plateau,1,false,24.729,22.755,28.223,25.534,73183.7,73183.7,24.729,22.755,28.223,25.534,,,,,,,,,,,,,,,,,,,,
Physical Plateau,Jos Plateau,1,false,8.276,8.974,9.9,10.673,21215.8,21215.8,8.276,8.974,9.9,10.673,,,,,,,,,,,,,,,,,,,,
Physical Plateau,KATANGA PLATEAU,1,false,21.66,-17.052,32.892,-4.523,853378.0,853378.0,21.66,-17.052,32.892,-4.523,,,,,,,,,,,,,,,,,,,,
Physical Plateau,KAZAKH UPLAND,1,false,69.204,46.313,78.437,50.684,271992.0,271992.0,69.204,46.313,78.437,50.684,,,,,,,,,,,,,,,,,,,,
Physical Plateau,KIMBERLEY PLATEAU,1,false,124.728,-17.994,128.431,-14.182,117417.0,117417.0,124.728,-17.994,128.431,-14.182,,,,,,,,,,,,,,,,,,,,
Physical Plateau,Khomas Highland,1,false,14.913,-24.614,18.34,-21.385,69935.6,69935.6,14.913,-24.614,18.34,-21.385,,,,,,,,,,,,,,,,,,,,
Physical Plateau,Khorat Plat.,1,false,99.735,14.975,105.436,18.649,154582.0,154582.0,99.735,14.975,105.436,18.649,,,,,,,,,,,,,,,,,,,,
Physical Plateau,Libyan Plateau,1,false,20.377,29.356,28.811,32.36,145384.0,145384.0,20.377,29.356,28.811,32.36,,,,,,,,,,,,,,,,,,,,
Physical Plateau,Loess Plateau,1,false,103.601,34.563,111.282,37.772,193147.0,193147.0,103.601,34.563,111.282,37.772,,,,,,,,,,,,,,,,,,,,
Physical Plateau,MONGOLIAN PLATEAU,1,false,97.321,41.849,115.185,50.662,904721.0,904721.0,97.321,41.849,115.185,50.662,,,,,,,,,,,,,,,,,,,,
Physical Plateau,Massif Central,1,false,1.434,43.398,4.893,46.309,55300.9,55300.9,1.434,43.398,4.893,46.309,,,,,,,,,,,,,,,,,,,,
Physical Plateau,N.I. Volcanic Plateau,1,false,175.292,-39.638,176.025,-38.866,3958.22,3958.22,175.292,-39.638,176.025,-38.866,,,,,,,,,,,,,,,,,,,,
Physical Plateau,Northern Karroo,1,false,17.524,-32.093,26.344,-28.388,185395.0,185395.0,17.524,-32.093,26.344,-28.388,,,,,,,,,,,,,,,,,,,,
Physical Plateau,Okhotsk-Kolyma Upland,1,false,146.169,60.037,153.597,62.721,96900.0,96900.0,146.169,60.037,153.597,62.721,,,,,,,,,,,,,,,,,,,,
Physical Plateau,Ozark Plateau,1,false,-95.427,33.856,-89.125,38.928,174733.0,174733.0,-95.427,33.856,-89.125,38.928,,,,,,,,,,,,,,,,,,,,
Physical Plateau,PENÍNSULA IBÉRICA,3,false,-9.48,36.025,3.249,43.765,579998.0,579998.0,-9.48,36.025,3.249,43.765,0.185608,-6.356,36.809,-6.346,36.822,0.132748,-6.263,36.509,-6.257,36.519,,,,,,,,,,
Physical Plateau,PLANALTO CENTRAL,1,false,-59.17,-22.013,-42.024,-3.967,1.04746e6,1.04746e6,-59.17,-22.013,-42.024,-3.967,,,,,,,,,,,,,,,,,,,,
Physical Plateau,PLANALTO DO MATO GROSSO,1,false,-65.15,-18.996,-48.374,-3.279,2.05986e6,2.05986e6,-65.15,-18.996,-48.374,-3.279,,,,,,,,,,,,,,,,,,,,
Physical Plateau,PLATEAU OF TIBET,1,false,73.036,26.859,104.113,40.141,3.04826e6,3.04826e6,73.036,26.859,104.113,40.141,,,,,,,,,,,,,,,,,,,,
Physical Plateau,PUTORANA PLATEAU,1,false,100.466,67.089,107.267,70.281,81040.6,81040.6,100.466,67.089,107.267,70.281,,,,,,,,,,,,,,,,,,,,
Physical Plateau,Planalto da Borborema,1,false,-39.089,-9.445,-35.357,-5.634,139578.0,139578.0,-39.089,-9.445,-35.357,-5.634,,,,,,,,,,,,,,,,,,,,
Physical Plateau,Plat. du Tademaït,1,false,0.14,27.394,4.86,30.111,82879.7,82879.7,0.14,27.394,4.86,30.111,,,,,,,,,,,,,,,,,,,,
Physical Plateau,Polar Plateau,1,false,-180.0,-90.0,180.0,-69.562,6.27312e6,6.27312e6,-180.0,-90.0,180.0,-69.562,,,,,,,,,,,,,,,,,,,,
Physical Plateau,Rockefeller Plateau,1,false,-146.792,-84.626,-125.541,-76.958,267837.0,267837.0,-146.792,-84.626,-125.541,-76.958,,,,,,,,,,,,,,,,,,,,
Physical Plateau,SHAN PLATEAU,1,false,94.325,19.203,98.966,24.061,183485.0,183485.0,94.325,19.203,98.966,24.061,,,,,,,,,,,,,,,,,,,,
Physical Plateau,STANOVOY UPLAND,1,false,108.31,53.71,116.396,59.916,198720.0,198720.0,108.31,53.71,116.396,59.916,,,,,,,,,,,,,,,,,,,,
Physical Plateau,Stavropol’ Plateau,1,false,41.292,44.443,45.104,46.103,41465.0,41465.0,41.292,44.443,45.104,46.103,,,,,,,,,,,,,,,,,,,,
Physical Plateau,Superior Upland,1,false,-94.432,44.583,-83.838,48.606,231898.0,231898.0,-94.432,44.583,-83.838,48.606,,,,,,,,,,,,,,,,,,,,
Physical Plateau,Tagant,1,false,-12.648,15.514,-8.325,19.819,79859.8,79859.8,-12.648,15.514,-8.325,19.819,,,,,,,,,,,,,,,,,,,,
Physical Plateau,Talos Dome,1,false,143.708,-79.459,162.23,-70.843,363872.0,363872.0,143.708,-79.459,162.23,-70.843,,,,,,,,,,,,,,,,,,,,
Physical Plateau,Ustyurt Plateau,1,false,53.172,42.718,57.356,45.299,77207.5,77207.5,53.172,42.718,57.356,45.299,,,,,,,,,,,,,,,,,,,,
Physical Plateau,Volga Upland,1,false,44.033,49.088,48.389,55.568,56749.0,56749.0,44.033,49.088,48.389,55.568,,,,,,,,,,,,,,,,,,,,
Physical Plateau,WESTERN PLATEAU,1,false,115.496,-30.033,135.784,-20.649,1.74962e6,1.74962e6,115.496,-30.033,135.784,-20.649,,,,,,,,,,,,,,,,,,,,
Physical Plateau,YUKON PLATEAU,1,false,-140.08,60.355,-133.173,64.219,92813.4,92813.4,-140.08,60.355,-133.173,64.219,,,,,,,,,,,,,,,,,,,,
Physical Plateau,YUNGUI PLATEAU,1,false,98.089,23.333,107.184,29.313,379989.0,379989.0,98.089,23.333,107.184,29.313,,,,,,,,,,,,,,,,,,,,
Physical Desert,Akchâr,1,false,-13.583,19.553,-10.045,21.9,35397.6,35397.6,-13.583,19.553,-10.045,21.9,,,,,,,,,,,,,,,,,,,,
Physical Desert,An Nafud Desert,1,false,39.565,27.643,44.784,29.919,60611.4,60611.4,39.565,27.643,44.784,29.919,,,,,,,,,,,,,,,,,,,,
Physical Desert,BETPAQDALA DESERT,1,false,67.389,43.04,73.93,46.586,133826.0,133826.0,67.389,43.04,73.93,46.586,,,,,,,,,,,,,,,,,,,,
Physical Desert,Big Bend,1,false,-104.705,29.003,-102.666,31.117,32265.4,32265.4,-104.705,29.003,-102.666,31.117,,,,,,,,,,,,,,,,,,,,
Physical Desert,Black Rock Desert,1,false,-119.286,40.725,-118.595,41.438,1557.56,1557.56,-119.286,40.725,-118.595,41.438,,,,,,,,,,,,,,,,,,,,
Physical Desert,CAATINGAS,2,false,-45.112,-11.376,-34.935,-2.415,560962.0,560962.0,-45.112,-11.376,-34.935,-2.415,0.0211038,-44.724,-3.195,-44.722,-3.19,,,,,,,,,,,,,,,
Physical Desert,CHIHUAHUAN DESERT,1,false,-111.02,24.251,-100.474,34.297,498271.0,498271.0,-111.02,24.251,-100.474,34.297,,,,,,,,,,,,,,,,,,,,
Physical Desert,Chalbi Desert,1,false,35.458,0.384,40.301,4.777,136160.0,136160.0,35.458,0.384,40.301,4.777,,,,,,,,,,,,,,,,,,,,
Physical Desert,DESIERTO DE ATACAMA,1,false,-70.911,-28.003,-67.865,-17.888,166386.0,166386.0,-70.911,-28.003,-67.865,-17.888,,,,,,,,,,,,,,,,,,,,
Physical Desert,Danakil,1,false,39.846,10.425,43.658,15.101,114136.0,114136.0,39.846,10.425,43.658,15.101,,,,,,,,,,,,,,,,,,,,
Physical Desert,Eastern Desert,1,false,30.735,22.041,36.858,30.627,215606.0,215606.0,30.735,22.041,36.858,30.627,,,,,,,,,,,,,,,,,,,,
Physical Desert,El Djouf,1,false,-10.981,18.61,-2.654,24.238,329994.0,329994.0,-10.981,18.61,-2.654,24.238,,,,,,,,,,,,,,,,,,,,
Physical Desert,Etosha Pan,1,false,15.83,-19.12,17.084,-18.325,7293.64,7293.64,15.83,-19.12,17.084,-18.325,,,,,,,,,,,,,,,,,,,,
Physical Desert,GARAGUM DESERT,1,false,55.851,36.222,67.217,45.481,396720.0,396720.0,55.851,36.222,67.217,45.481,,,,,,,,,,,,,,,,,,,,
Physical Desert,GOBI DESERT,1,false,94.462,37.837,117.722,47.786,1.09045e6,1.09045e6,94.462,37.837,117.722,47.786,,,,,,,,,,,,,,,,,,,,
Physical Desert,GREAT SANDY DESERT,1,false,121.3,-22.616,128.449,-18.623,276846.0,276846.0,121.3,-22.616,128.449,-18.623,,,,,,,,,,,,,,,,,,,,
Physical Desert,GREAT VICTORIA DESERT,2,false,123.756,-29.765,132.363,-26.589,249428.0,249427.0,123.756,-29.765,132.363,-26.591,1.14322,125.059,-26.592,125.166,-26.589,,,,,,,,,,,,,,,
Physical Desert,Gibson Desert,1,false,122.92,-25.821,127.123,-23.043,105597.0,105597.0,122.92,-25.821,127.123,-23.043,,,,,,,,,,,,,,,,,,,,
Physical Desert,Grand Erg Occidental,1,false,-2.298,29.184,3.365,32.373,89465.1,89465.1,-2.298,29.184,3.365,32.373,,,,,,,,,,,,,,,,,,,,
Physical Desert,Grand Erg Oriental,1,false,4.039,28.576,9.794,32.85,126895.0,126895.0,4.039,28.576,9.794,32.85,,,,,,,,,,,,,,,,,,,,
Physical Desert,Great Salt Lake Desert,1,false,-114.039,39.907,-113.002,41.476,10535.6,10535.6,-114.039,39.907,-113.002,41.476,,,,,,,,,,,,,,,,,,,,
Physical Desert,Hamada de Tinrhert,1,false,6.076,28.294,14.244,31.134,120204.0,120204.0,6.076,28.294,14.244,31.134,,,,,,,,,,,,,,,,,,,,
Physical Desert,Hamada du Drâa,1,false,-10.663,26.918,-2.372,31.223,169276.0,169276.0,-10.663,26.918,-2.372,31.223,,,,,,,,,,,,,,,,,,,,
Physical Desert,Idhän Murzuq,1,false,11.685,23.363,14.835,26.116,71226.8,71226.8,11.685,23.363,14.835,26.116,,,,,,,,,,,,,,,,,,,,
Physical Desert,Jabal as Sawdä’,1,false,14.772,28.47,16.995,29.953,25354.4,25354.4,14.772,28.47,16.995,29.953,,,,,,,,,,,,,,,,,,,,
Physical Desert,KALAHARI DESERT,1,false,13.149,-30.532,25.431,-15.185,761335.0,761335.0,13.149,-30.532,25.431,-15.185,,,,,,,,,,,,,,,,,,,,
Physical Desert,Kavir Desert,1,false,52.772,33.41,56.987,35.659,43941.2,43941.2,52.772,33.41,56.987,35.659,,,,,,,,,,,,,,,,,,,,
Physical Desert,LIBYAN DESERT,1,false,18.181,9.341,33.991,32.942,3.02135e6,3.02135e6,18.181,9.341,33.991,32.942,,,,,,,,,,,,,,,,,,,,
Physical Desert,LUT DESERT,1,false,56.296,29.801,59.944,33.672,79183.5,79183.5,56.296,29.801,59.944,33.672,,,,,,,,,,,,,,,,,,,,
Physical Desert,Makgadikgadi Pan,1,false,24.31,-21.197,26.318,-19.97,21728.9,21728.9,24.31,-21.197,26.318,-19.97,,,,,,,,,,,,,,,,,,,,
Physical Desert,Margo Desert,1,false,61.338,30.166,64.98,32.412,52758.7,52758.7,61.338,30.166,64.98,32.412,,,,,,,,,,,,,,,,,,,,
Physical Desert,Mu Us Desert,1,false,105.136,37.245,111.273,40.916,159658.0,159658.0,105.136,37.245,111.273,40.916,,,,,,,,,,,,,,,,,,,,
Physical Desert,NAMIB DESERT,1,false,11.721,-27.0,17.203,-12.546,129550.0,129550.0,11.721,-27.0,17.203,-12.546,,,,,,,,,,,,,,,,,,,,
Physical Desert,NUBIAN DESERT,1,false,30.365,17.781,37.21,22.121,241458.0,241458.0,30.365,17.781,37.21,22.121,,,,,,,,,,,,,,,,,,,,
Physical Desert,Negev Desert,1,false,34.248,29.575,35.428,31.388,13217.1,13217.1,34.248,29.575,35.428,31.388,,,,,,,,,,,,,,,,,,,,
Physical Desert,PUNJAB,1,false,71.331,29.207,76.576,33.042,159877.0,159877.0,71.331,29.207,76.576,33.042,,,,,,,,,,,,,,,,,,,,
Physical Desert,QIZILQUM DESERT,1,false,59.028,39.118,69.115,47.492,477479.0,477479.0,59.028,39.118,69.115,47.492,,,,,,,,,,,,,,,,,,,,
Physical Desert,RUB’ AL KHALI,1,false,44.772,16.541,56.2,24.256,594792.0,594792.0,44.772,16.541,56.2,24.256,,,,,,,,,,,,,,,,,,,,
Physical Desert,Rigestan,1,false,63.459,29.617,66.152,32.236,42913.4,42913.4,63.459,29.617,66.152,32.236,,,,,,,,,,,,,,,,,,,,
Physical Desert,SAHARA,2,false,-17.073,9.341,38.462,34.609,1.06484e7,1.06483e7,-17.073,9.341,38.462,34.609,47.0602,-16.45,19.609,-16.355,19.803,,,,,,,,,,,,,,,
Physical Desert,SONORAN DESERT,2,false,-116.72,27.566,-109.924,34.997,229291.0,229256.0,-116.72,27.566,-109.924,34.997,35.9477,-114.79,31.713,-114.715,31.795,,,,,,,,,,,,,,,
Physical Desert,SYRIAN DESERT,1,false,36.857,30.47,43.546,34.125,198375.0,198375.0,36.857,30.47,43.546,34.125,,,,,,,,,,,,,,,,,,,,
Physical Desert,Salar de Uyuni,1,false,-68.055,-21.261,-66.731,-19.238,15458.2,15458.2,-68.055,-21.261,-66.731,-19.238,,,,,,,,,,,,,,,,,,,,
Physical Desert,Sarïr Kalanshiyu ar Ramli al Kabi,1,false,18.789,24.567,26.159,31.302,329039.0,329039.0,18.789,24.567,26.159,31.302,,,,,,,,,,,,,,,,,,,,
Physical Desert,Simpson Desert,1,false,135.763,-26.92,138.952,-23.715,88705.6,88705.6,135.763,-26.92,138.952,-23.715,,,,,,,,,,,,,,,,,,,,
Physical Desert,Strzelecki Desert,1,false,140.077,-31.092,143.146,-28.447,67820.0,67820.0,140.077,-31.092,143.146,-28.447,,,,,,,,,,,,,,,,,,,,
Physical Desert,TAKLIMAKAN DESERT,1,false,78.278,37.237,87.654,40.584,205069.0,205069.0,78.278,37.237,87.654,40.584,,,,,,,,,,,,,,,,,,,,
Physical Desert,THAR DESERT,1,false,68.356,24.414,75.668,30.507,266604.0,266604.0,68.356,24.414,75.668,30.507,,,,,,,,,,,,,,,,,,,,
Physical Desert,Tanami Desert,1,false,130.253,-20.672,133.062,-18.631,55731.3,55731.3,130.253,-20.672,133.062,-18.631,,,,,,,,,,,,,,,,,,,,
Physical Desert,Tassili oua-n-Ahaggar,1,false,3.218,19.606,9.481,23.17,156064.0,156064.0,3.218,19.606,9.481,23.17,,,,,,,,,,,,,,,,,,,,
Physical Desert,Tassili-n-Ajjer,1,false,4.868,22.64,11.545,27.589,124367.0,124367.0,4.868,22.64,11.545,27.589,,,,,,,,,,,,,,,,,,,,
Physical Desert,Trarza,1,false,-16.475,16.167,-12.126,19.89,110483.0,110483.0,-16.475,16.167,-12.126,19.89,,,,,,,,,,,,,,,,,,,,
Physical Desert,Ténéré,1,false,8.29,13.865,16.343,24.921,577099.0,577099.0,8.29,13.865,16.343,24.921,,,,,,,,,,,,,,,,,,,,
Physical Desert,WESTERN DESERT,1,false,25.086,24.792,32.879,30.336,371366.0,371366.0,25.086,24.792,32.879,30.336,,,,,,,,,,,,,,,,,,,,
Physical Desert,Wahiba Sands,1,false,58.204,21.133,59.261,22.434,11127.9,11127.9,58.204,21.133,59.261,22.434,,,,,,,,,,,,,,,,,,,,
Physical Desert,White Sands,1,false,-106.467,32.752,-106.125,33.085,876.601,876.601,-106.467,32.752,-106.125,33.085,,,,,,,,,,,,,,,,,,,,
Physical Desert,‘Erg Chech,1,false,-6.024,22.693,-0.07,28.109,148854.0,148854.0,-6.024,22.693,-0.07,28.109,,,,,,,,,,,,,,,,,,,,
Physical Desert,‘Erg Iguidi,1,false,-5.032,27.006,-1.367,28.581,35052.5,35052.5,-5.032,27.006,-1.367,28.581,,,,,,,,,,,,,,,,,,,,
Physical Pen/cape,ALASKA PENINSULA,2,false,-162.615,55.097,-153.422,59.781,63248.5,63248.5,-162.615,55.097,-153.422,59.781,0.0705344,-156.827,59.117,-156.818,59.125,,,,,,,,,,,,,,,
Physical Pen/cape,ARABIAN PENINSULA,3,false,34.616,12.61,59.807,31.07,2.81044e6,2.81042e6,34.616,12.61,59.807,31.07,14.8243,36.887,25.391,36.955,25.454,8.78256,54.42,24.423,54.466,24.455,,,,,,,,,,
Physical Pen/cape,ARNHEM LAND,1,false,132.375,-14.959,136.939,-11.391,125377.0,125377.0,132.375,-14.959,136.939,-11.391,,,,,,,,,,,,,,,,,,,,
Physical Pen/cape,Absheron Pen.,1,false,49.414,40.19,50.366,40.615,2344.51,2344.51,49.414,40.19,50.366,40.615,,,,,,,,,,,,,,,,,,,,
Physical Pen/cape,BAJA CALIFORNIA,1,false,-116.689,22.885,-109.418,31.973,122031.0,122031.0,-116.689,22.885,-109.418,31.973,,,,,,,,,,,,,,,,,,,,
Physical Pen/cape,BALKAN PEN.,4,false,13.517,36.446,29.68,46.102,477826.0,477825.0,13.517,36.446,29.68,46.102,1.43018,18.546,42.428,18.575,42.44,0.00577401,23.319,43.888,23.327,43.889,0.00303854,14.071,44.969,14.073,44.972,,,,,
Physical Pen/cape,Banks Pen.,1,false,172.514,-43.892,173.116,-43.488,1164.6,1164.6,172.514,-43.892,173.116,-43.488,,,,,,,,,,,,,,,,,,,,
Physical Pen/cape,Boothia Peninsula,1,false,-96.552,69.465,-91.564,71.831,31065.7,31065.7,-96.552,69.465,-91.564,71.831,,,,,,,,,,,,,,,,,,,,
Physical Pen/cape,CAPE YORK PEN.,1,false,141.472,-15.101,143.819,-10.707,76563.4,76563.4,141.472,-15.101,143.819,-10.707,,,,,,,,,,,,,,,,,,,,
Physical Pen/cape,CHUKCHI PENINSULA,1,false,-179.132,64.285,-169.734,68.54,93804.7,93804.7,-179.132,64.285,-169.734,68.54,,,,,,,,,,,,,,,,,,,,
Physical Pen/cape,CRIMEA,1,false,32.508,44.387,36.576,46.205,25282.6,25282.6,32.508,44.387,36.576,46.205,,,,,,,,,,,,,,,,,,,,
Physical Pen/cape,Cape Chelyuskin,1,false,103.984,77.1,106.06,77.726,2017.2,2017.2,103.984,77.1,106.06,77.726,,,,,,,,,,,,,,,,,,,,
Physical Pen/cape,Cape Zhelaniya,1,false,67.556,76.215,68.906,77.003,2059.6,2059.6,67.556,76.215,68.906,77.003,,,,,,,,,,,,,,,,,,,,
Physical Pen/cape,Cobourg Pen.,1,false,131.811,-11.626,132.702,-11.18,1755.72,1755.72,131.811,-11.626,132.702,-11.18,,,,,,,,,,,,,,,,,,,,
Physical Pen/cape,Coromandel,1,false,175.385,-37.341,175.962,-36.475,2088.29,2088.29,175.385,-37.341,175.962,-36.475,,,,,,,,,,,,,,,,,,,,
Physical Pen/cape,Cumberland Peninsula,2,false,-67.033,65.078,-61.404,68.281,42286.2,42213.3,-67.033,65.078,-61.404,68.281,72.9249,-62.872,67.028,-62.471,67.141,,,,,,,,,,,,,,,
Physical Pen/cape,Cà Mau Point,1,false,104.77,8.583,105.382,9.13,2379.62,2379.62,104.77,8.583,105.382,9.13,,,,,,,,,,,,,,,,,,,,
Physical Pen/cape,Datu Pen.,1,false,108.905,0.142,110.986,2.028,26541.3,26541.3,108.905,0.142,110.986,2.028,,,,,,,,,,,,,,,,,,,,
Physical Pen/cape,FLORIDA,1,false,-83.673,25.134,-80.043,30.72,109571.0,109571.0,-83.673,25.134,-80.043,30.72,,,,,,,,,,,,,,,,,,,,
Physical Pen/cape,Foxe Pen.,1,false,-78.191,64.245,-75.333,65.461,12644.0,12644.0,-78.191,64.245,-75.333,65.461,,,,,,,,,,,,,,,,,,,,
Physical Pen/cape,GYDA PENINSULA,1,false,73.086,68.892,78.892,72.854,48106.5,48106.5,73.086,68.892,78.892,72.854,,,,,,,,,,,,,,,,,,,,
Physical Pen/cape,Gaspé Peninsula,1,false,-67.208,47.997,-64.216,49.261,22931.9,22931.9,-67.208,47.997,-64.216,49.261,,,,,,,,,,,,,,,,,,,,
Physical Pen/cape,INDIA,5,false,66.673,8.133,91.558,34.609,3.19288e6,3.1905e6,66.673,8.133,91.558,34.609,1724.61,90.502,22.054,90.869,22.864,354.23,91.044,22.105,91.179,22.52,237.479,91.411,22.352,91.552,22.617,62.662,90.536,22.92,90.66,23.036
Physical Pen/cape,INDOCHINA PENINSULA,12,false,93.273,8.583,109.424,27.0,1.86064e6,1.85851e6,93.273,8.583,109.424,27.0,529.427,103.849,10.033,104.084,10.429,469.079,93.646,19.298,93.948,19.559,335.48,94.387,15.864,94.619,16.206,299.38,97.469,16.24,97.6,16.506
Physical Pen/cape,KAMCHATKA PENINSULA,1,false,155.595,50.978,166.309,62.558,297958.0,297958.0,155.595,50.978,166.309,62.558,,,,,,,,,,,,,,,,,,,,
Physical Pen/cape,KOLA PENINSULA,1,false,32.48,66.064,41.359,69.314,89790.7,89790.7,32.48,66.064,41.359,69.314,,,,,,,,,,,,,,,,,,,,
Physical Pen/cape,KOREA,9,false,124.225,34.313,129.573,41.132,180138.0,178612.0,124.225,34.328,129.573,41.132,420.485,128.489,34.736,128.74,35.014,356.903,127.832,34.703,128.066,34.921,332.998,126.108,34.355,126.38,34.564,226.206,126.369,37.604,126.521,37.823
Physical Pen/cape,Kanin Pen.,1,false,43.333,67.049,46.691,68.682,11421.2,11421.2,43.333,67.049,46.691,68.682,,,,,,,,,,,,,,,,,,,,
Physical Pen/cape,Kathiawar Pen.,1,false,68.969,20.714,72.307,22.805,50334.1,50334.1,68.969,20.714,72.307,22.805,,,,,,,,,,,,,,,,,,,,
Physical Pen/cape,Kenai Peninsula,1,false,-151.939,59.204,-148.055,61.024,23108.5,23108.5,-151.939,59.204,-148.055,61.024,,,,,,,,,,,,,,,,,,,,
Physical Pen/cape,Koni Pen.,1,false,151.121,58.866,152.439,59.233,1898.52,1898.52,151.121,58.866,152.439,59.233,,,,,,,,,,,,,,,,,,,,
Physical Pen/cape,Leizhou Pen.,1,false,109.662,20.263,110.518,21.481,7500.25,7500.25,109.662,20.263,110.518,21.481,,,,,,,,,,,,,,,,,,,,
Physical Pen/cape,Liaodong Pen.,1,false,121.106,38.731,124.301,41.225,30797.9,30797.9,121.106,38.731,124.301,41.225,,,,,,,,,,,,,,,,,,,,
Physical Pen/cape,MALAY PENINSULA,8,false,98.226,1.265,104.289,9.315,188101.0,186709.0,98.226,1.329,104.289,9.315,482.779,103.65,1.265,103.997,1.448,370.824,99.646,6.263,99.919,6.466,251.444,100.191,5.266,100.339,5.468,120.588,99.606,6.516,99.702,6.715
Physical Pen/cape,Melville Peninsula,3,false,-87.221,66.365,-81.303,70.011,59241.6,59126.8,-87.221,66.365,-81.303,69.85,105.496,-86.674,67.734,-86.382,67.972,9.32616,-84.565,69.987,-84.238,70.011,,,,,,,,,,
Physical Pen/cape,Meta Incognita Pen.,1,false,-69.722,61.923,-66.007,63.762,16618.0,16618.0,-69.722,61.923,-66.007,63.762,,,,,,,,,,,,,,,,,,,,
Physical Pen/cape,Musandam Peninsula,1,false,56.109,25.617,56.43,26.357,1362.2,1362.2,56.109,25.617,56.43,26.357,,,,,,,,,,,,,,,,,,,,
Physical Pen/cape,Noto Pen.,1,false,136.719,36.816,137.342,37.523,1829.01,1829.01,136.719,36.816,137.342,37.523,,,,,,,,,,,,,,,,,,,,
Physical Pen/cape,Otago Pen.,1,false,170.484,-45.925,170.792,-45.715,364.973,364.973,170.484,-45.925,170.792,-45.715,,,,,,,,,,,,,,,,,,,,
Physical Pen/cape,PEN. DE YUCATÁN,1,false,-91.889,15.904,-86.83,21.6,196980.0,196980.0,-91.889,15.904,-86.83,21.6,,,,,,,,,,,,,,,,,,,,
Physical Pen/cape,Pen. de Azuero,1,false,-81.054,7.249,-80.013,8.2,7089.04,7089.04,-81.054,7.249,-80.013,8.2,,,,,,,,,,,,,,,,,,,,
Physical Pen/cape,Pen. de Nicoya,1,false,-85.846,9.593,-84.918,10.646,4993.45,4993.45,-85.846,9.593,-84.918,10.646,,,,,,,,,,,,,,,,,,,,
Physical Pen/cape,Pen. de Osa,1,false,-83.724,8.407,-83.301,8.808,1030.73,1030.73,-83.724,8.407,-83.301,8.808,,,,,,,,,,,,,,,,,,,,
Physical Pen/cape,Pen. de la Guajira,1,false,-73.07,11.437,-71.137,12.434,10829.0,10829.0,-73.07,11.437,-71.137,12.434,,,,,,,,,,,,,,,,,,,,
Physical Pen/cape,Península Valdés,1,false,-64.584,-42.864,-63.603,-42.113,3857.29,3857.29,-64.584,-42.864,-63.603,-42.113,,,,,,,,,,,,,,,,,,,,
Physical Pen/cape,Península de Taitao,1,false,-75.708,-46.941,-74.965,-46.221,1625.17,1625.17,-75.708,-46.941,-74.965,-46.221,,,,,,,,,,,,,,,,,,,,
Physical Pen/cape,PÉNINSULE D’UNGAVA,1,false,-78.488,56.505,-68.274,62.548,256667.0,256667.0,-78.488,56.505,-68.274,62.548,,,,,,,,,,,,,,,,,,,,
Physical Pen/cape,P’yagina Pen.,1,false,153.795,59.075,155.167,59.541,2703.94,2703.94,153.795,59.075,155.167,59.541,,,,,,,,,,,,,,,,,,,,
Physical Pen/cape,SCANDINAVIA,23,false,4.799,55.346,30.961,71.143,818639.0,806662.0,4.91,55.346,30.961,71.092,3329.08,14.257,68.178,16.548,69.303,1625.52,16.81,69.013,18.077,69.597,1530.88,18.061,69.535,19.608,70.248,1015.9,14.373,68.606,15.397,69.009
Physical Pen/cape,SOMALI PENINSULA,2,false,38.135,-2.513,51.383,11.984,1.03121e6,1.03111e6,38.135,-2.513,51.383,11.984,96.7278,40.957,-2.168,41.117,-2.036,,,,,,,,,,,,,,,
Physical Pen/cape,Seward Peninsula,1,false,-168.061,64.447,-160.995,66.615,48632.0,48632.0,-168.061,64.447,-160.995,66.615,,,,,,,,,,,,,,,,,,,,
Physical Pen/cape,Shandong Pen.,2,false,119.021,34.964,122.667,37.834,40884.5,40876.8,119.021,35.023,122.667,37.834,7.64213,119.159,34.964,119.225,35.024,,,,,,,,,,,,,,,
Physical Pen/cape,TAYMYR PENINSULA,2,false,98.807,73.143,113.871,77.709,130244.0,130064.0,98.807,73.143,113.871,77.709,179.365,111.989,76.45,112.652,76.644,,,,,,,,,,,,,,,
Physical Pen/cape,Taygonos Pen.,1,false,159.79,60.638,163.303,62.595,20558.6,20558.6,159.79,60.638,163.303,62.595,,,,,,,,,,,,,,,,,,,,
Physical Pen/cape,Taz Pen.,1,false,72.377,66.346,77.86,68.975,33594.8,33594.8,72.377,66.346,77.86,68.975,,,,,,,,,,,,,,,,,,,,
Physical Pen/cape,Wilsons Promontory,1,false,146.111,-39.129,146.473,-38.781,561.519,561.519,146.111,-39.129,146.473,-38.781,,,,,,,,,,,,,,,,,,,,
Physical Pen/cape,YAMAL PENINSULA,1,false,66.647,66.544,73.592,72.982,115686.0,115686.0,66.647,66.544,73.592,72.982,,,,,,,,,,,,,,,,,,,,
Physical Peninsula,Antarctic Peninsula,9,false,-71.954,-74.597,-56.803,-63.226,190371.0,188789.0,-71.954,-74.597,-56.803,-63.226,789.823,-58.439,-64.191,-57.779,-63.803,281.72,-67.648,-67.786,-67.149,-67.59,206.498,-62.776,-64.515,-62.175,-64.305,130.164,-57.684,-63.879,-57.179,-63.791
Physical Peninsula,Bear Peninsula,1,false,-112.187,-75.174,-110.229,-74.181,3386.38,3386.38,-112.187,-75.174,-110.229,-74.181,,,,,,,,,,,,,,,,,,,,
Physical Peninsula,Canisteo Peninsula,2,false,-102.863,-75.226,-98.571,-73.616,9932.25,9931.7,-102.863,-75.183,-98.581,-73.616,0.550067,-98.591,-75.226,-98.571,-75.207,,,,,,,,,,,,,,,
Physical Peninsula,Edward VII Peninsula,1,false,-158.501,-79.709,-147.916,-77.079,37148.6,37148.6,-158.501,-79.709,-147.916,-77.079,,,,,,,,,,,,,,,,,,,,
Physical Peninsula,Fletcher Peninsula,1,false,-89.284,-73.271,-88.265,-72.683,1518.25,1518.25,-89.284,-73.271,-88.265,-72.683,,,,,,,,,,,,,,,,,,,,
Physical Peninsula,Kemp Peninsula,1,false,-61.631,-73.275,-59.956,-72.683,2351.93,2351.93,-61.631,-73.275,-59.956,-72.683,,,,,,,,,,,,,,,,,,,,
Physical Peninsula,King Peninsula,1,false,-103.275,-73.559,-98.014,-72.739,6275.19,6275.19,-103.275,-73.559,-98.014,-72.739,,,,,,,,,,,,,,,,,,,,
Physical Peninsula,Martin Peninsula,1,false,-114.937,-75.067,-113.332,-73.902,3235.27,3235.27,-114.937,-75.067,-113.332,-73.902,,,,,,,,,,,,,,,,,,,,
Physical Peninsula,Mawson Peninsula,1,false,153.72,-68.94,154.702,-68.323,1788.99,1788.99,153.72,-68.94,154.702,-68.323,,,,,,,,,,,,,,,,,,,,
Physical Peninsula,Riiser-Larsen Peninsula,1,false,32.569,-69.917,35.177,-68.67,9332.27,9332.27,32.569,-69.917,35.177,-68.67,,,,,,,,,,,,,,,,,,,,
Physical Peninsula,Smith Peninsula,1,false,-62.295,-74.512,-60.704,-74.241,816.615,816.615,-62.295,-74.512,-60.704,-74.241,,,,,,,,,,,,,,,,,,,,
Physical Isthmus,CENTRAL AMERICA,3,false,-95.201,7.22,-77.659,21.593,763202.0,763070.0,-95.201,7.22,-77.659,21.593,122.353,-91.817,18.654,-91.536,18.779,10.0676,-82.297,9.334,-82.238,9.391,,,,,,,,,,
Physical Isthmus,ISTHMUS OF KRA,1,false,98.359,9.206,99.289,10.746,11819.0,11819.0,98.359,9.206,99.289,10.746,,,,,,,,,,,,,,,,,,,,
Physical Isthmus,Is. de Panamá,1,false,-80.001,8.388,-77.632,9.544,16783.2,16783.2,-80.001,8.388,-77.632,9.544,,,,,,,,,,,,,,,,,,,,
Physical Isthmus,Istmo de Tehuantepec,1,false,-95.201,16.16,-94.014,18.376,16158.2,16158.2,-95.201,16.16,-94.014,18.376,,,,,,,,,,,,,,,,,,,,
Physical Geoarea,ALASKA,49,true,172.494,51.372,-140.995,71.408,1.40124e6,1.37094e6,-168.089,54.837,-140.995,71.408,8819.96,-154.713,56.774,-152.215,57.972,4056.24,-164.904,54.404,-163.083,55.051,2623.97,-167.809,53.259,-166.23,54.006,2079.13,-153.382,57.993,-151.974,58.451
Physical Geoarea,ANATOLIA,1,false,26.095,36.035,44.453,42.064,741818.0,741818.0,26.095,36.035,44.453,42.064,,,,,,,,,,,,,,,,,,,,
Physical Geoarea,BALUCHISTAN,1,false,57.298,25.131,66.464,30.52,390249.0,390249.0,57.298,25.131,66.464,30.52,,,,,,,,,,,,,,,,,,,,
Physical Geoarea,Banaadir Coast,1,false,42.509,-0.278,51.391,11.867,34600.2,34600.2,42.509,-0.278,51.391,11.867,,,,,,,,,,,,,,,,,,,,
Physical Geoarea,Bretagne,1,false,-4.763,46.938,-0.93,48.841,33887.7,33887.7,-4.763,46.938,-0.93,48.841,,,,,,,,,,,,,,,,,,,,
Physical Geoarea,Coats Land,1,false,-35.982,-79.881,-20.018,-75.493,124116.0,124116.0,-35.982,-79.881,-20.018,-75.493,,,,,,,,,,,,,,,,,,,,
Physical Geoarea,Crown Prince Christian Land,3,false,-21.622,80.047,-11.425,82.124,19153.7,18875.5,-21.622,80.047,-11.425,81.837,272.922,-19.611,81.814,-18.664,82.124,5.18631,-21.301,81.559,-21.141,81.715,,,,,,,,,,
Physical Geoarea,Dampier Land,1,false,122.143,-18.037,123.501,-16.432,14788.5,14788.5,122.143,-18.037,123.501,-16.432,,,,,,,,,,,,,,,,,,,,
Physical Geoarea,East Antarctica,23,false,-0.002,-90.0,180.0,-65.134,8.52259e6,8.51198e6,-0.002,-90.0,180.0,-65.799,2529.83,166.216,-77.851,169.353,-77.161,1208.51,100.27,-65.702,101.259,-65.378,1072.45,25.954,-70.448,26.875,-70.06,895.956,15.562,-70.072,16.626,-69.704
Physical Geoarea,El Gezira,1,false,32.151,11.365,34.334,15.625,51514.4,51514.4,32.151,11.365,34.334,15.625,,,,,,,,,,,,,,,,,,,,
Physical Geoarea,Ellsworth Land,5,false,-103.25,-80.0,-79.708,-71.763,445995.0,432616.0,-103.25,-80.0,-79.708,-72.683,11472.5,-102.314,-72.579,-95.531,-71.763,1500.03,-91.671,-73.208,-90.75,-72.554,330.488,-95.273,-72.67,-94.426,-72.468,75.9392,-94.114,-72.921,-93.755,-72.819
Physical Geoarea,Enderby Land,3,false,34.07,-82.686,57.503,-65.859,1.10048e6,1.10041e6,34.07,-82.686,57.503,-65.859,72.9396,48.348,-66.808,48.786,-66.75,0.340956,34.213,-68.795,34.22,-68.77,,,,,,,,,,
Physical Geoarea,Finnish Lake Region,1,false,23.309,60.694,30.902,63.687,99268.2,99268.2,23.309,60.694,30.902,63.687,,,,,,,,,,,,,,,,,,,,
Physical Geoarea,Graham Land,8,false,-67.592,-68.912,-56.803,-63.226,56269.6,54230.3,-67.448,-68.912,-56.803,-63.226,735.513,-58.439,-64.161,-57.779,-63.803,538.807,-62.782,-64.515,-62.072,-64.175,262.369,-67.592,-67.784,-67.149,-67.59,235.393,-63.453,-64.734,-62.836,-64.519
Physical Geoarea,Hexi Corridor,1,false,95.618,37.721,103.728,41.245,100471.0,100471.0,95.618,37.721,103.728,41.245,,,,,,,,,,,,,,,,,,,,
Physical Geoarea,JUTLAND,3,false,8.121,54.291,10.927,57.737,31563.3,31251.5,8.121,54.291,10.927,57.737,304.89,8.514,56.712,8.929,56.981,6.95418,8.418,56.664,8.507,56.69,,,,,,,,,,
Physical Geoarea,Jameson Land,1,false,-25.631,70.437,-21.522,72.438,19908.8,19908.8,-25.631,70.437,-21.522,72.438,,,,,,,,,,,,,,,,,,,,
Physical Geoarea,KNUD RASMUSSEN LAND,2,false,-72.771,75.968,-39.931,83.213,210212.0,208727.0,-72.771,75.968,-39.931,83.213,1484.48,-47.352,82.066,-44.749,82.693,,,,,,,,,,,,,,,
Physical Geoarea,Kaokoland,1,false,11.721,-20.125,13.785,-12.575,49527.8,49527.8,11.721,-20.125,13.785,-12.575,,,,,,,,,,,,,,,,,,,,
Physical Geoarea,Karelia,1,false,28.059,59.864,36.224,67.352,200303.0,200303.0,28.059,59.864,36.224,67.352,,,,,,,,,,,,,,,,,,,,
Physical Geoarea,Kemp Land,1,false,57.448,-73.841,66.94,-67.014,183894.0,183894.0,57.448,-73.841,66.94,-67.014,,,,,,,,,,,,,,,,,,,,
Physical Geoarea,King Christian IX Land,3,false,-39.716,65.531,-22.206,70.608,129876.0,129172.0,-39.716,65.576,-22.206,70.476,487.507,-28.037,70.454,-26.108,70.608,216.132,-37.239,65.531,-36.953,65.723,,,,,,,,,,
Physical Geoarea,King Christian X Land,3,false,-30.358,69.839,-20.337,74.595,101737.0,97683.0,-30.358,69.839,-20.337,74.595,3871.99,-28.037,70.454,-25.346,71.044,182.31,-21.619,74.11,-20.341,74.191,,,,,,,,,,
Physical Geoarea,King Frederik VIII Land,5,false,-24.258,76.313,-15.616,80.726,39099.5,37192.7,-24.258,76.677,-15.616,80.726,937.851,-19.139,79.711,-17.4,80.056,378.975,-19.086,76.313,-18.642,76.704,373.606,-19.315,77.938,-18.882,78.442,216.338,-18.221,77.642,-17.641,77.875
Physical Geoarea,King Wilhelm Land,3,false,-23.826,74.058,-17.391,76.755,25569.8,24029.2,-23.826,74.058,-19.225,76.755,1315.65,-18.892,74.992,-17.391,75.408,224.915,-19.03,76.015,-18.582,76.371,,,,,,,,,,
Physical Geoarea,LAPLAND,1,false,17.019,65.633,30.699,69.18,142620.0,142620.0,17.019,65.633,30.699,69.18,,,,,,,,,,,,,,,,,,,,
Physical Geoarea,MacRobertson Land,1,false,63.153,-73.943,69.983,-67.767,87159.4,87159.4,63.153,-73.943,69.983,-67.767,,,,,,,,,,,,,,,,,,,,
Physical Geoarea,Marie Byrd Land,19,false,-158.501,-84.792,-103.124,-73.278,1.06418e6,1.04848e6,-158.501,-84.792,-103.124,-73.902,5250.91,-127.43,-74.257,-123.8,-73.278,5069.36,-123.347,-74.404,-120.272,-73.672,710.47,-119.906,-74.123,-118.877,-73.806,670.779,-132.163,-74.605,-130.956,-74.339
Physical Geoarea,Mesopotamia,2,false,38.136,30.882,47.456,37.111,155777.0,155777.0,38.136,30.882,47.456,37.111,0.0169152,43.308,35.795,43.316,35.797,,,,,,,,,,,,,,,
Physical Geoarea,New Swabia,9,false,-10.039,-82.685,20.071,-69.704,1.02426e6,1.01964e6,-10.039,-82.685,20.071,-70.053,1269.39,-3.575,-71.168,-2.092,-70.674,895.956,15.562,-70.072,16.626,-69.704,643.691,-3.497,-70.536,-2.682,-70.279,476.458,0.949,-70.382,1.461,-70.022
Physical Geoarea,Normandie,1,false,-1.876,48.332,1.554,49.937,23732.4,23732.4,-1.876,48.332,1.554,49.937,,,,,,,,,,,,,,,,,,,,
Physical Geoarea,Nyeboe Land,1,false,-59.219,81.14,-52.837,82.351,9826.18,9826.18,-59.219,81.14,-52.837,82.351,,,,,,,,,,,,,,,,,,,,
Physical Geoarea,Ogaden,1,false,41.477,3.987,47.493,9.54,289944.0,289944.0,41.477,3.987,47.493,9.54,,,,,,,,,,,,,,,,,,,,
Physical Geoarea,PATAGONIA,25,false,-75.709,-55.785,-62.246,-32.036,1.23515e6,1.14719e6,-75.709,-53.884,-62.246,-32.036,47478.2,-71.928,-55.033,-65.307,-52.486,6582.19,-75.571,-50.02,-74.458,-48.705,4978.35,-74.611,-45.345,-73.703,-44.134,4442.71,-69.988,-55.651,-68.045,-54.882
Physical Geoarea,Palmer Land,1,false,-71.846,-74.515,-60.01,-68.787,133236.0,133236.0,-71.846,-74.515,-60.01,-68.787,,,,,,,,,,,,,,,,,,,,
Physical Geoarea,Peary Land,1,false,-39.422,81.314,-21.52,83.6,37631.6,37631.6,-39.422,81.314,-21.52,83.6,,,,,,,,,,,,,,,,,,,,
Physical Geoarea,Queen Maud Land,12,false,-20.042,-85.31,44.636,-67.915,2.42059e6,2.41446e6,-20.042,-85.31,44.636,-67.915,1269.39,-3.575,-71.168,-2.092,-70.674,1072.45,25.954,-70.448,26.875,-70.06,895.956,15.562,-70.072,16.626,-69.704,643.691,-3.497,-70.536,-2.682,-70.279
Physical Geoarea,Riverina,1,false,143.22,-36.136,148.786,-33.032,111771.0,111771.0,143.22,-36.136,148.786,-33.032,,,,,,,,,,,,,,,,,,,,
Physical Geoarea,SIBERIA,1,false,68.036,49.413,153.111,73.656,8.77889e6,8.77889e6,68.036,49.413,153.111,73.656,,,,,,,,,,,,,,,,,,,,
Physical Geoarea,SUDD,1,false,27.834,4.825,33.603,9.985,177619.0,177619.0,27.834,4.825,33.603,9.985,,,,,,,,,,,,,,,,,,,,
Physical Geoarea,Victoria Land,4,false,157.875,-77.831,170.86,-70.309,125973.0,125426.0,157.875,-77.831,170.86,-70.309,273.472,169.479,-73.626,169.935,-73.32,194.824,163.737,-74.833,164.209,-74.607,79.1757,162.591,-75.697,162.938,-75.557,,,,,
Physical Geoarea,West Antarctica,78,false,-180.0,-90.0,-0.001,-61.076,3.82515e6,3.64571e6,-180.0,-90.0,-0.001,-63.226,47484.2,-75.38,-72.67,-68.227,-68.788,45398.9,-54.372,-80.871,-42.944,-77.795,11237.6,-102.276,-72.579,-95.531,-71.798,7711.42,-164.282,-79.845,-158.996,-78.719
Physical Geoarea,Wilkes Land,3,false,100.645,-90.0,136.126,-65.134,2.0905e6,2.08943e6,100.652,-90.0,136.126,-65.799,782.263,100.645,-65.696,101.259,-65.378,284.081,102.759,-65.469,103.398,-65.134,,,,,,,,,,
Physical Plain,Alföld,1,false,17.948,44.745,23.359,48.711,100692.0,100692.0,17.948,44.745,23.359,48.711,,,,,,,,,,,,,,,,,,,,
Physical Plain,Baltic Plains,1,false,21.03,55.246,28.171,59.635,113250.0,113250.0,21.03,55.246,28.171,59.635,,,,,,,,,,,,,,,,,,,,
Physical Plain,CENTRAL LOWLAND,1,false,-107.12,30.007,-74.457,54.956,2.05039e6,2.05039e6,-107.12,30.007,-74.457,54.956,,,,,,,,,,,,,,,,,,,,
Physical Plain,CHACO AUSTRAL,1,false,-64.53,-31.816,-58.799,-23.305,214454.0,214454.0,-64.53,-31.816,-58.799,-23.305,,,,,,,,,,,,,,,,,,,,
Physical Plain,CHACO BOREAL,1,false,-63.283,-25.164,-57.065,-17.459,336667.0,336667.0,-63.283,-25.164,-57.065,-17.459,,,,,,,,,,,,,,,,,,,,
Physical Plain,COASTAL PLAIN,23,false,-99.441,25.134,-73.957,40.453,565221.0,530980.0,-99.441,25.134,-75.534,38.155,27391.2,-76.342,37.151,-73.957,40.453,2849.2,-77.031,38.087,-76.332,39.157,2021.91,-77.095,37.67,-76.261,38.363,461.161,-97.408,26.112,-97.18,27.197
Physical Plain,Darling Downs,1,false,148.192,-28.761,151.556,-26.131,78900.2,78900.2,148.192,-28.761,151.556,-26.131,,,,,,,,,,,,,,,,,,,,
Physical Plain,GANGES PLAIN,4,false,76.621,21.729,91.32,30.515,500903.0,498761.0,76.621,21.729,91.32,30.515,1724.61,90.502,22.054,90.869,22.864,354.23,91.044,22.105,91.179,22.52,62.662,90.536,22.92,90.66,23.036,,,,,
Physical Plain,GRAN CHACO,1,false,-64.53,-31.816,-57.065,-17.459,722147.0,722147.0,-64.53,-31.816,-57.065,-17.459,,,,,,,,,,,,,,,,,,,,
Physical Plain,GREAT PLAINS,1,false,-114.17,28.155,-95.561,54.127,1.97016e6,1.97016e6,-114.17,28.155,-95.561,54.127,,,,,,,,,,,,,,,,,,,,
Physical Plain,Hasa Plain,1,false,47.087,25.084,50.176,29.566,56299.3,56299.3,47.087,25.084,50.176,29.566,,,,,,,,,,,,,,,,,,,,
Physical Plain,Iwembere Steppe,1,false,29.677,-9.564,34.612,-2.115,283152.0,283152.0,29.677,-9.564,34.612,-2.115,,,,,,,,,,,,,,,,,,,,
Physical Plain,Jabal Nafüsah,1,false,9.833,31.76,14.305,33.895,29866.8,29866.8,9.833,31.76,14.305,33.895,,,,,,,,,,,,,,,,,,,,
Physical Plain,KAZAKH STEPPE,1,false,52.041,46.797,84.315,55.402,1.61064e6,1.61064e6,52.041,46.797,84.315,55.402,,,,,,,,,,,,,,,,,,,,
Physical Plain,LES LAURENTIDES,1,false,-78.992,45.415,-56.74,53.115,462120.0,462120.0,-78.992,45.415,-56.74,53.115,,,,,,,,,,,,,,,,,,,,
Physical Plain,LLANOS,1,false,-73.716,2.629,-61.974,10.003,383926.0,383926.0,-73.716,2.629,-61.974,10.003,,,,,,,,,,,,,,,,,,,,
Physical Plain,Llano Estacado,1,false,-104.654,31.208,-100.616,35.991,116236.0,116236.0,-104.654,31.208,-100.616,35.991,,,,,,,,,,,,,,,,,,,,
Physical Plain,MANCHURIAN PLAIN,1,false,119.483,40.701,127.905,49.064,275020.0,275020.0,119.483,40.701,127.905,49.064,,,,,,,,,,,,,,,,,,,,
Physical Plain,Masai Steppe,1,false,33.778,-7.778,38.171,-3.244,148821.0,148821.0,33.778,-7.778,38.171,-3.244,,,,,,,,,,,,,,,,,,,,
Physical Plain,NORTH CHINA PLAIN,2,false,113.093,30.273,121.86,40.342,459219.0,458447.0,113.093,30.273,121.859,40.342,772.082,121.211,31.463,121.86,31.806,,,,,,,,,,,,,,,
Physical Plain,NORTH SLOPE,1,false,-164.496,68.396,-145.905,71.355,147366.0,147366.0,-164.496,68.396,-145.905,71.355,,,,,,,,,,,,,,,,,,,,
Physical Plain,NORTHERN EUROPEAN PLAIN,9,false,-4.752,43.494,66.263,69.852,2.05738e6,2.05648e6,-4.752,43.494,66.263,69.852,377.5,13.156,54.245,13.502,54.538,192.409,3.698,51.627,4.076,51.747,157.07,-1.389,45.816,-1.178,46.051,126.72,-2.236,49.169,-2.009,49.267
Physical Plain,NULLARBOR PLAIN,1,false,124.264,-32.649,132.41,-29.923,165484.0,165484.0,124.264,-32.649,132.41,-29.923,,,,,,,,,,,,,,,,,,,,
Physical Plain,PAMPAS,2,false,-68.034,-39.874,-56.668,-25.46,845445.0,845295.0,-68.034,-39.874,-56.668,-25.46,150.035,-62.094,-39.231,-61.874,-39.086,,,,,,,,,,,,,,,
Physical Plain,PONTIC STEPPE,1,false,26.859,42.412,56.368,55.091,1.13668e6,1.13668e6,26.859,42.412,56.368,55.091,,,,,,,,,,,,,,,,,,,,
Physical Plain,SAHEL,1,false,-16.493,9.314,38.435,22.994,4.1935e6,4.1935e6,-16.493,9.314,38.435,22.994,,,,,,,,,,,,,,,,,,,,
Physical Plain,Serengeti Plains,1,false,32.812,-4.947,36.107,-0.236,99015.5,99015.5,32.812,-4.947,36.107,-0.236,,,,,,,,,,,,,,,,,,,,
Physical Plain,TURAN LOWLAND,1,false,55.851,36.222,69.115,47.492,874302.0,874302.0,55.851,36.222,69.115,47.492,,,,,,,,,,,,,,,,,,,,
Physical Plain,Tihāmah,3,false,39.411,14.263,43.418,21.538,65254.0,65235.9,39.411,14.263,43.418,21.538,16.0868,40.626,20.756,40.856,20.988,2.02934,40.569,20.987,40.627,21.031,,,,,,,,,,
Physical Plain,Yukon Flats,1,false,-149.554,65.469,-142.434,67.472,39784.3,39784.3,-149.554,65.469,-142.434,67.472,,,,,,,,,,,,,,,,,,,,
Physical Lowland,CASPIAN DEPRESSION,2,false,44.358,44.101,55.543,49.235,253813.0,253719.0,44.358,44.101,55.543,49.235,94.5157,52.554,45.401,52.693,45.528,,,,,,,,,,,,,,,
Physical Lowland,KOLYMA LOWLAND,1,false,149.771,66.763,159.712,71.061,112629.0,112629.0,149.771,66.763,159.712,71.061,,,,,,,,,,,,,,,,,,,,
Physical Lowland,NORTH SIBERIAN LOWLAND,1,false,96.93,70.792,118.898,73.035,121536.0,121536.0,96.93,70.792,118.898,73.035,,,,,,,,,,,,,,,,,,,,
Physical Lowland,VYCHEGDA LOWLAND,1,false,47.964,59.804,56.613,64.945,224564.0,224564.0,47.964,59.804,56.613,64.945,,,,,,,,,,,,,,,,,,,,
Physical Lowland,WESTERN SIBERIAN PLAIN,1,false,65.072,55.539,93.784,69.807,1.55809e6,1.55809e6,65.072,55.539,93.784,69.807,,,,,,,,,,,,,,,,,,,,
Physical Foothills,PIEDMONT,1,false,-86.581,31.832,-75.044,40.611,239345.0,239345.0,-86.581,31.832,-75.044,40.611,,,,,,,,,,,,,,,,,,,,
Physical Foothills,SELVAS,1,false,-77.686,-12.927,-67.867,2.327,1.20739e6,1.20739e6,-77.686,-12.927,-67.867,2.327,,,,,,,,,,,,,,,,,,,,
Physical Foothills,YUNGAS,1,false,-68.907,-16.245,-63.297,-11.852,165736.0,165736.0,-68.907,-16.245,-63.297,-11.852,,,,,,,,,,,,,,,,,,,,
Physical Basin,AMAZON BASIN,9,false,-78.767,-20.125,-46.17,4.817,6.62757e6,6.58058e6,-78.767,-20.125,-46.17,4.817,37796.6,-50.797,-1.801,-48.379,-0.116,3721.72,-51.939,-1.453,-51.16,-0.541,1746.51,-50.346,-0.03,-49.697,0.305,966.06,-50.624,-0.008,-50.332,0.591
Physical Basin,CONGO BASIN,1,false,11.983,-11.804,31.001,9.545,3.11206e6,3.11206e6,11.983,-11.804,31.001,9.545,,,,,,,,,,,,,,,,,,,,
Physical Basin,GREAT ARTESIAN BASIN,1,false,135.762,-31.208,148.206,-20.651,1.02857e6,1.02857e6,135.762,-31.208,148.206,-20.651,,,,,,,,,,,,,,,,,,,,
Physical Basin,GREAT BASIN,1,false,-121.766,33.805,-111.821,44.243,547356.0,547356.0,-121.766,33.805,-111.821,44.243,,,,,,,,,,,,,,,,,,,,
Physical Basin,Junggar Basin,1,false,83.194,44.052,89.644,45.851,66619.4,66619.4,83.194,44.052,89.644,45.851,,,,,,,,,,,,,,,,,,,,
Physical Basin,MURRAY-DARLING BASIN,1,false,138.766,-36.947,151.538,-24.18,905891.0,905891.0,138.766,-36.947,151.538,-24.18,,,,,,,,,,,,,,,,,,,,
Physical Basin,Qaidam Basin,1,false,91.84,35.987,98.173,38.47,71463.4,71463.4,91.84,35.987,98.173,38.47,,,,,,,,,,,,,,,,,,,,
Physical Basin,SICHUAN BASIN,1,false,103.267,28.694,107.736,32.053,110364.0,110364.0,103.267,28.694,107.736,32.053,,,,,,,,,,,,,,,,,,,,
Physical Basin,TARIM BASIN,1,false,76.136,36.587,90.745,41.696,423631.0,423631.0,76.136,36.587,90.745,41.696,,,,,,,,,,,,,,,,,,,,
Physical Valley,Central Valley,1,false,-122.776,35.067,-118.798,40.737,51281.8,51281.8,-122.776,35.067,-118.798,40.737,,,,,,,,,,,,,,,,,,,,
Physical Valley,Fergana Valley,1,false,69.787,40.177,73.125,41.171,18806.8,18806.8,69.787,40.177,73.125,41.171,,,,,,,,,,,,,,,,,,,,
Physical Valley,GREAT RIFT VALLEY,2,false,28.857,-15.649,44.177,15.374,561326.0,315393.0,33.738,-5.278,44.177,15.374,245932.0,28.857,-15.649,35.843,2.37,,,,,,,,,,,,,,,
Physical Valley,Vale of Kashmir,1,false,74.982,32.602,77.456,33.897,25668.6,25668.6,74.982,32.602,77.456,33.897,,,,,,,,,,,,,,,,,,,,
Physical Valley,Valle Longitudinal,1,false,-73.318,-41.667,-71.009,-34.791,39488.6,39488.6,-73.318,-41.667,-71.009,-34.791,,,,,,,,,,,,,,,,,,,,
Physical Gorge,Grand Canyon,1,false,-114.087,35.27,-111.358,37.255,40998.8,40998.8,-114.087,35.27,-111.358,37.255,,,,,,,,,,,,,,,,,,,,
Physical Gorge,Tsangpo Gorge,1,false,94.704,27.768,95.784,29.921,19999.9,19999.9,94.704,27.768,95.784,29.921,,,,,,,,,,,,,,,,,,,,
Physical Gorge,Yangtze Gorges,1,false,107.412,29.967,111.938,31.705,67051.3,67051.3,107.412,29.967,111.938,31.705,,,,,,,,,,,,,,,,,,,,
Physical Depression,Aoukâr,1,false,-11.982,14.526,-6.478,18.434,167286.0,167286.0,-11.982,14.526,-6.478,18.434,,,,,,,,,,,,,,,,,,,,
Physical Depression,Bodélé Depression,1,false,13.114,14.13,19.994,19.528,314195.0,314195.0,13.114,14.13,19.994,19.528,,,,,,,,,,,,,,,,,,,,
Physical Delta,Amazon Delta,8,false,-52.746,-2.871,-47.509,1.31,88932.9,42473.9,-52.746,-2.871,-47.509,1.31,37796.6,-50.797,-1.801,-48.379,-0.116,3721.72,-51.939,-1.453,-51.16,-0.541,1746.51,-50.346,-0.03,-49.697,0.305,966.06,-50.624,-0.008,-50.332,0.591
Physical Delta,Danube Delta,1,false,28.724,44.746,29.727,45.429,4412.27,4412.27,28.724,44.746,29.727,45.429,,,,,,,,,,,,,,,,,,,,
Physical Delta,Ganges Delta,5,false,87.536,21.584,91.484,24.43,85395.3,83144.0,87.536,21.584,91.404,24.43,1724.61,90.502,22.054,90.869,22.864,354.23,91.044,22.105,91.179,22.52,109.739,91.411,22.369,91.484,22.61,62.662,90.536,22.92,90.66,23.036
Physical Delta,Indus Delta,1,false,67.187,23.734,68.355,25.03,11801.3,11801.3,67.187,23.734,68.355,25.03,,,,,,,,,,,,,,,,,,,,
Physical Delta,Irrawaddy Delta,3,false,94.214,15.722,96.428,17.835,33932.4,33521.6,94.214,15.722,96.428,17.835,336.926,94.387,15.848,94.619,16.206,73.8742,94.733,15.793,94.839,15.934,,,,,,,,,,
Physical Delta,Lena Delta,1,false,123.296,72.079,129.412,73.755,20950.9,20950.9,123.296,72.079,129.412,73.755,,,,,,,,,,,,,,,,,,,,
Physical Delta,Mekong Delta,3,false,105.205,9.385,107.125,10.986,18382.1,18246.8,105.205,9.385,106.786,10.986,117.013,106.775,10.382,106.968,10.479,18.2455,107.077,10.336,107.125,10.396,,,,,,,,,,
Physical Delta,Mississippi Delta,1,false,-89.771,28.981,-89.032,29.47,1567.99,1567.99,-89.771,28.981,-89.032,29.47,,,,,,,,,,,,,,,,,,,,
Physical Delta,Niger Delta,2,false,4.691,4.284,7.576,6.211,38746.5,38639.8,4.691,4.284,7.576,6.211,106.687,7.149,4.408,7.328,4.528,,,,,,,,,,,,,,,
Physical Delta,Nile Delta,1,false,29.761,30.084,32.125,31.593,21775.8,21775.8,29.761,30.084,32.125,31.593,,,,,,,,,,,,,,,,,,,,
Physical Delta,Volga Delta,2,false,47.533,45.512,48.86,46.755,7189.42,7137.86,47.533,45.584,48.86,46.755,51.561,47.917,45.512,47.988,45.648,,,,,,,,,,,,,,,
Physical Delta,Zambezi Delta,1,false,35.749,-18.943,36.716,-18.109,6286.59,6286.59,35.749,-18.943,36.716,-18.109,,,,,,,,,,,,,,,,,,,,
Physical Coast,Adélie Coast,1,false,136.078,-69.563,142.001,-66.276,82125.8,82125.8,136.078,-69.563,142.001,-66.276,,,,,,,,,,,,,,,,,,,,
Physical Coast,Banzare Coast,1,false,122.125,-69.771,129.585,-66.364,103548.0,103548.0,122.125,-69.771,129.585,-66.364,,,,,,,,,,,,,,,,,,,,
Physical Coast,Budd Coast,1,false,109.062,-69.813,115.626,-65.799,104069.0,104069.0,109.062,-69.813,115.626,-65.799,,,,,,,,,,,,,,,,,,,,
Physical Coast,Clarie Coast,2,false,129.584,-69.771,136.079,-66.081,103195.0,103195.0,129.584,-69.771,136.079,-66.081,2.85015e-10,129.584,-69.771,129.585,-69.77,,,,,,,,,,,,,,,
Physical Coast,Coromandel Coast,2,false,79.62,10.301,80.499,15.86,10708.8,6363.97,79.62,10.301,80.343,13.556,4344.79,79.906,13.485,80.499,15.86,,,,,,,,,,,,,,,
Physical Coast,Costa de los Mosquitos,1,false,-84.969,11.82,-83.178,15.887,45982.8,45982.8,-84.969,11.82,-83.178,15.887,,,,,,,,,,,,,,,,,,,,
Physical Coast,Dalmatia,10,false,14.66,42.7,17.776,44.849,11981.0,10293.4,15.009,42.805,17.776,44.582,368.084,16.423,43.268,16.892,43.388,329.615,16.376,43.115,17.195,43.23,318.672,14.741,44.309,15.24,44.698,263.089,16.65,42.895,17.189,42.997
Physical Coast,Eighty Mile Beach,1,false,119.939,-20.077,121.626,-18.972,3711.3,3711.3,119.939,-20.077,121.626,-18.972,,,,,,,,,,,,,,,,,,,,
Physical Coast,Fiordland,3,false,166.477,-45.964,168.236,-44.19,5691.46,5473.09,166.477,-45.964,168.236,-44.19,146.552,166.532,-45.73,166.747,-45.615,71.8136,166.892,-45.3,167.023,-45.179,,,,,,,,,,
Physical Coast,George V Coast,1,false,142.0,-70.844,153.634,-66.816,111244.0,111244.0,142.0,-70.844,153.634,-66.816,,,,,,,,,,,,,,,,,,,,
Physical Coast,Gold Coast,1,false,-2.54,4.762,1.033,6.14,12255.6,12255.6,-2.54,4.762,1.033,6.14,,,,,,,,,,,,,,,,,,,,
Physical Coast,Gould Coast,2,false,-165.75,-84.785,-157.248,-83.116,10810.3,10772.6,-165.75,-84.785,-157.346,-83.323,37.7186,-157.673,-83.206,-157.248,-83.116,,,,,,,,,,,,,,,
Physical Coast,Grain Coast,2,false,-12.95,4.351,-7.492,7.638,18358.7,17763.9,-12.486,4.351,-7.492,7.615,594.764,-12.95,7.41,-12.5,7.638,,,,,,,,,,,,,,,
Physical Coast,Ingrid Christensen Coast,1,false,72.541,-73.959,81.417,-67.792,129109.0,129109.0,72.541,-73.959,81.417,-67.792,,,,,,,,,,,,,,,,,,,,
Physical Coast,Ivory Coast,1,false,-7.506,4.371,-2.478,5.417,11835.0,11835.0,-7.506,4.371,-2.478,5.417,,,,,,,,,,,,,,,,,,,,
Physical Coast,King Frederik VI Coast,2,false,-44.495,59.815,-39.66,65.369,34574.0,30389.0,-44.495,59.815,-40.55,64.235,4184.96,-41.272,64.221,-39.66,65.369,,,,,,,,,,,,,,,
Physical Coast,Knox Coast,3,false,100.687,-69.813,109.083,-65.135,139833.0,138862.0,100.687,-69.813,109.083,-65.865,719.17,100.687,-65.694,101.259,-65.378,251.916,102.759,-65.469,103.398,-65.135,,,,,,,,,,
Physical Coast,Levant Coast,1,false,34.745,32.023,36.186,36.464,10953.0,10953.0,34.745,32.023,36.186,36.464,,,,,,,,,,,,,,,,,,,,
Physical Coast,Malabar Coast,3,false,74.471,8.453,76.93,14.166,6428.22,4466.21,74.471,10.23,76.183,14.166,1941.47,76.242,8.453,76.93,9.928,20.5319,76.192,10.02,76.238,10.173,,,,,,,,,,
Physical Coast,Marlborough Sounds,2,false,173.474,-41.364,174.371,-40.712,2251.07,2070.7,173.474,-41.364,174.371,-40.917,180.372,173.78,-40.922,173.965,-40.712,,,,,,,,,,,,,,,
Physical Coast,Mawson Coast,1,false,59.116,-69.09,67.023,-67.446,53680.2,53680.2,59.116,-69.09,67.023,-67.446,,,,,,,,,,,,,,,,,,,,
Physical Coast,Oates Coast,2,false,153.578,-72.314,162.309,-68.323,68811.0,68341.1,153.578,-72.314,162.282,-68.323,469.895,162.021,-70.965,162.309,-70.328,,,,,,,,,,,,,,,
Physical Coast,Prince Harald Coast,2,false,34.07,-74.0,44.636,-67.915,205719.0,205683.0,34.07,-74.0,44.636,-67.915,36.4303,34.138,-68.844,34.22,-68.699,,,,,,,,,,,,,,,
Physical Coast,Prince Olav Coast,2,false,44.635,-74.0,57.503,-65.869,381923.0,381850.0,44.635,-74.0,57.503,-65.869,72.9396,48.348,-66.808,48.786,-66.75,,,,,,,,,,,,,,,
Physical Coast,Princess Astrid Coast,2,false,4.909,-73.917,20.126,-69.704,201175.0,200279.0,4.909,-73.917,20.126,-70.053,895.956,15.562,-70.072,16.626,-69.704,,,,,,,,,,,,,,,
Physical Coast,Princess Martha Coast,11,false,-20.038,-76.469,4.959,-70.022,278831.0,274669.0,-20.038,-76.469,4.959,-70.685,1269.39,-3.575,-71.168,-2.092,-70.674,643.691,-3.497,-70.536,-2.682,-70.279,476.458,0.949,-70.382,1.461,-70.022,455.15,4.069,-70.503,4.618,-70.24
Physical Coast,Princess Ragnhild Coast,2,false,20.152,-73.917,34.112,-68.67,187312.0,186240.0,20.152,-73.917,34.112,-68.67,1072.45,25.954,-70.448,26.875,-70.06,,,,,,,,,,,,,,,
Physical Coast,Queen Mary Coast,5,false,91.937,-69.813,100.688,-65.391,132252.0,131056.0,91.937,-69.813,100.688,-66.403,503.544,96.307,-66.226,97.019,-66.035,489.346,100.27,-65.702,100.688,-65.391,120.988,98.596,-66.482,98.95,-66.369,82.3343,100.076,-66.23,100.291,-66.112
Physical Coast,Riviera,1,false,5.987,43.081,9.528,44.692,13407.1,13407.1,5.987,43.081,9.528,44.692,,,,,,,,,,,,,,,,,,,,
Physical Coast,Sabrina Coast,2,false,115.571,-69.688,122.126,-66.729,76314.2,76298.4,115.58,-69.688,122.126,-66.875,15.8038,115.571,-66.832,115.636,-66.729,,,,,,,,,,,,,,,
Physical Coast,Sea Islands,3,false,-81.563,30.486,-79.132,33.439,3452.78,1843.41,-80.719,32.287,-79.132,33.439,1532.26,-81.563,30.486,-80.694,32.288,77.1183,-81.485,30.727,-81.418,30.972,,,,,,,,,,
Physical Coast,Shackleton Coast,1,false,158.531,-84.406,166.625,-80.424,23781.0,23781.0,158.531,-84.406,166.625,-80.424,,,,,,,,,,,,,,,,,,,,
Physical Coast,Skeleton Coast,2,false,11.721,-22.922,14.596,-17.304,9933.63,9928.14,11.721,-22.865,14.596,-17.304,5.48607,14.421,-22.922,14.454,-22.88,,,,,,,,,,,,,,,
Physical Coast,Slave Coast,1,false,1.014,5.958,4.895,6.652,10867.1,10867.1,1.014,5.958,4.895,6.652,,,,,,,,,,,,,,,,,,,,
Physical Coast,Walgreen Coast,1,false,-111.58,-76.436,-103.124,-74.346,28872.2,28872.2,-111.58,-76.436,-103.124,-74.346,,,,,,,,,,,,,,,,,,,,
Physical Coast,Wild Coast,1,false,26.431,-33.747,31.731,-28.75,17247.0,17247.0,26.431,-33.747,31.731,-28.75,,,,,,,,,,,,,,,,,,,,
Physical Coast,Wilhelm II Coast,4,false,81.416,-71.334,91.938,-66.52,166507.0,165778.0,81.416,-71.334,91.938,-66.521,492.177,85.314,-66.98,85.938,-66.723,151.042,86.232,-66.792,86.652,-66.674,85.1099,85.068,-66.644,85.329,-66.52,,,,,
Physical Tundra,BARREN GROUNDS,2,false,-125.988,59.673,-87.002,70.102,830486.0,830438.0,-125.988,59.673,-87.002,70.102,48.0969,-108.093,66.879,-107.952,67.006,,,,,,,,,,,,,,,
Physical Tundra,Bol’shezemel’skaya Tundra,2,false,47.084,64.634,66.634,69.852,291911.0,291893.0,47.084,64.634,66.634,69.852,18.0446,60.171,69.687,60.452,69.746,,,,,,,,,,,,,,,
Physical Tundra,CANADIAN SHIELD,17,false,-119.733,42.795,-55.703,69.903,4.45995e6,4.40453e6,-119.733,44.583,-55.703,69.903,52719.0,-76.92,42.795,-73.149,46.013,389.561,-73.961,45.441,-73.476,45.705,325.626,-105.052,68.402,-104.44,68.582,321.003,-64.837,60.297,-64.407,60.515
Physical Wetlands,Entre Rios,2,false,-60.758,-34.395,-55.941,-27.303,163695.0,163687.0,-60.758,-34.395,-55.941,-27.303,8.18993,-58.364,-33.191,-58.27,-33.135,,,,,,,,,,,,,,,
Physical Wetlands,PANTANAL,1,false,-60.626,-21.393,-54.875,-15.585,169705.0,169705.0,-60.626,-21.393,-54.875,-15.585,,,,,,,,,,,,,,,,,,,,
Physical Wetlands,Sundarbans,5,false,87.531,21.607,91.213,23.184,39544.6,34891.7,87.531,21.607,90.617,23.152,2564.33,90.633,22.597,91.213,23.184,1724.61,90.502,22.054,90.869,22.864,301.364,91.044,22.105,91.169,22.52,62.662,90.536,22.92,90.66,23.036
Physical Lake,Finger Lakes,6,false,-77.367,42.389,-76.269,42.959,493.197,161.065,-76.977,42.389,-76.86,42.881,143.613,-76.781,42.48,-76.508,42.945,66.1327,-77.217,42.414,-77.066,42.662,50.8229,-77.367,42.687,-77.25,42.894,45.0441,-76.433,42.784,-76.269,42.959
Physical Lake,GREAT LAKES,1,false,-92.115,41.627,-79.662,49.028,199989.0,199989.0,-92.115,41.627,-79.662,49.028,,,,,,,,,,,,,,,,,,,,
Physical Lake,Tikchik Lakes,9,false,-159.208,59.158,-158.202,60.397,1057.16,252.413,-159.176,59.888,-158.202,60.033,229.81,-159.172,59.408,-158.475,59.683,103.24,-159.004,59.6,-158.462,59.746,102.915,-159.208,60.004,-158.576,60.088,98.7385,-159.182,60.17,-158.756,60.296
